country,country_code_m49,year,month,temp_change_c
Afghanistan,004,2020,1,-0.706
Afghanistan,004,2021,1,0.524
Afghanistan,004,2022,1,2.219
Afghanistan,004,2023,1,-2.389
Afghanistan,004,2024,1,4.274
Afghanistan,004,2025,1,0.631
Afghanistan,004,2020,2,2.488
Afghanistan,004,2021,2,4.021
Afghanistan,004,2022,2,2.18
Afghanistan,004,2023,2,3.367
Afghanistan,004,2024,2,1.016
Afghanistan,004,2025,2,0.969
Afghanistan,004,2020,3,0.566
Afghanistan,004,2021,3,2.499
Afghanistan,004,2022,3,3.508
Afghanistan,004,2023,3,3.67
Afghanistan,004,2024,3,0.611
Afghanistan,004,2025,3,1.378
Afghanistan,004,2020,4,-0.02
Afghanistan,004,2021,4,1.931
Afghanistan,004,2022,4,4.51
Afghanistan,004,2023,4,1.419
Afghanistan,004,2024,4,-0.304
Afghanistan,004,2025,4,4.652
Afghanistan,004,2020,5,1.106
Afghanistan,004,2021,5,2.176
Afghanistan,004,2022,5,2.087
Afghanistan,004,2023,5,1.062
Afghanistan,004,2024,5,1.544
Afghanistan,004,2025,5,4.145
Afghanistan,004,2020,6,1.052
Afghanistan,004,2021,6,2.254
Afghanistan,004,2022,6,0.978
Afghanistan,004,2023,6,2.09
Afghanistan,004,2024,6,1.715
Afghanistan,004,2025,6,2.282
Afghanistan,004,2020,7,0.767
Afghanistan,004,2021,7,1.664
Afghanistan,004,2022,7,1.026
Afghanistan,004,2023,7,1.516
Afghanistan,004,2024,7,2.126
Afghanistan,004,2025,7,2.197
Afghanistan,004,2020,8,1.389
Afghanistan,004,2021,8,0.823
Afghanistan,004,2022,8,-0.524
Afghanistan,004,2023,8,1.286
Afghanistan,004,2024,8,2.254
Afghanistan,004,2025,8,2.232
Afghanistan,004,2020,9,-0.378
Afghanistan,004,2021,9,2.399
Afghanistan,004,2022,9,2.042
Afghanistan,004,2023,9,1.411
Afghanistan,004,2024,9,2.182
Afghanistan,004,2025,9,2.551
Afghanistan,004,2020,10,-1.239
Afghanistan,004,2021,10,-0.624
Afghanistan,004,2022,10,1.405
Afghanistan,004,2023,10,2.734
Afghanistan,004,2024,10,3.165
Afghanistan,004,2025,10,2.475
Afghanistan,004,2020,11,-0.702
Afghanistan,004,2021,11,0.069
Afghanistan,004,2022,11,1.854
Afghanistan,004,2023,11,3.613
Afghanistan,004,2024,11,3.709
Afghanistan,004,2025,11,0.796
Afghanistan,004,2020,12,-2.0
Afghanistan,004,2021,12,1.228
Afghanistan,004,2022,12,0.224
Afghanistan,004,2023,12,2.685
Afghanistan,004,2024,12,-0.776
Afghanistan,004,2025,12,2.416
Albania,008,2020,1,1.11
Albania,008,2021,1,1.949
Albania,008,2022,1,0.577
Albania,008,2023,1,2.946
Albania,008,2024,1,2.6
Albania,008,2025,1,3.226
Albania,008,2020,2,2.233
Albania,008,2021,2,2.142
Albania,008,2022,2,1.43
Albania,008,2023,2,0.631
Albania,008,2024,2,4.233
Albania,008,2025,2,1.346
Albania,008,2020,3,1.717
Albania,008,2021,3,0.234
Albania,008,2022,3,-0.915
Albania,008,2023,3,2.127
Albania,008,2024,3,3.128
Albania,008,2025,3,3.316
Albania,008,2020,4,0.998
Albania,008,2021,4,-0.428
Albania,008,2022,4,0.888
Albania,008,2023,4,0.025
Albania,008,2024,4,3.166
Albania,008,2025,4,1.908
Albania,008,2020,5,1.428
Albania,008,2021,5,1.381
Albania,008,2022,5,2.528
Albania,008,2023,5,1.13
Albania,008,2024,5,2.039
Albania,008,2025,5,0.87
Albania,008,2020,6,0.269
Albania,008,2021,6,2.15
Albania,008,2022,6,4.112
Albania,008,2023,6,1.767
Albania,008,2024,6,3.882
Albania,008,2025,6,3.821
Albania,008,2020,7,1.686
Albania,008,2021,7,3.157
Albania,008,2022,7,3.014
Albania,008,2023,7,3.381
Albania,008,2024,7,4.42
Albania,008,2025,7,3.177
Albania,008,2020,8,2.313
Albania,008,2021,8,3.097
Albania,008,2022,8,2.381
Albania,008,2023,8,2.387
Albania,008,2024,8,4.198
Albania,008,2025,8,2.376
Albania,008,2020,9,2.986
Albania,008,2021,9,1.484
Albania,008,2022,9,0.992
Albania,008,2023,9,3.226
Albania,008,2024,9,1.681
Albania,008,2025,9,2.509
Albania,008,2020,10,1.294
Albania,008,2021,10,-0.003
Albania,008,2022,10,1.909
Albania,008,2023,10,4.09
Albania,008,2024,10,2.6
Albania,008,2025,10,-0.045
Albania,008,2020,11,1.218
Albania,008,2021,11,2.467
Albania,008,2022,11,2.208
Albania,008,2023,11,1.947
Albania,008,2024,11,0.15
Albania,008,2025,11,2.083
Albania,008,2020,12,2.666
Albania,008,2021,12,0.57
Albania,008,2022,12,3.351
Albania,008,2023,12,2.24
Albania,008,2024,12,1.241
Albania,008,2025,12,1.746
Algeria,012,2020,1,-0.11
Algeria,012,2021,1,1.997
Algeria,012,2022,1,-0.625
Algeria,012,2023,1,-0.083
Algeria,012,2024,1,2.618
Algeria,012,2025,1,1.226
Algeria,012,2020,2,2.217
Algeria,012,2021,2,2.096
Algeria,012,2022,2,1.233
Algeria,012,2023,2,0.066
Algeria,012,2024,2,1.784
Algeria,012,2025,2,0.535
Algeria,012,2020,3,1.644
Algeria,012,2021,3,0.773
Algeria,012,2022,3,1.07
Algeria,012,2023,3,3.257
Algeria,012,2024,3,2.974
Algeria,012,2025,3,3.13
Algeria,012,2020,4,2.736
Algeria,012,2021,4,3.152
Algeria,012,2022,4,1.338
Algeria,012,2023,4,2.817
Algeria,012,2024,4,2.668
Algeria,012,2025,4,2.515
Algeria,012,2020,5,2.889
Algeria,012,2021,5,3.652
Algeria,012,2022,5,1.48
Algeria,012,2023,5,0.64
Algeria,012,2024,5,3.152
Algeria,012,2025,5,2.218
Algeria,012,2020,6,1.874
Algeria,012,2021,6,3.145
Algeria,012,2022,6,2.917
Algeria,012,2023,6,1.378
Algeria,012,2024,6,3.433
Algeria,012,2025,6,2.326
Algeria,012,2020,7,1.794
Algeria,012,2021,7,2.859
Algeria,012,2022,7,1.682
Algeria,012,2023,7,3.615
Algeria,012,2024,7,3.313
Algeria,012,2025,7,2.355
Algeria,012,2020,8,2.181
Algeria,012,2021,8,2.424
Algeria,012,2022,8,2.182
Algeria,012,2023,8,1.854
Algeria,012,2024,8,2.421
Algeria,012,2025,8,1.747
Algeria,012,2020,9,1.829
Algeria,012,2021,9,3.263
Algeria,012,2022,9,3.021
Algeria,012,2023,9,2.423
Algeria,012,2024,9,1.71
Algeria,012,2025,9,2.072
Algeria,012,2020,10,1.828
Algeria,012,2021,10,1.763
Algeria,012,2022,10,2.845
Algeria,012,2023,10,3.364
Algeria,012,2024,10,3.636
Algeria,012,2025,10,3.123
Algeria,012,2020,11,1.505
Algeria,012,2021,11,1.226
Algeria,012,2022,11,1.845
Algeria,012,2023,11,2.959
Algeria,012,2024,11,3.404
Algeria,012,2025,11,2.072
Algeria,012,2020,12,1.652
Algeria,012,2021,12,1.366
Algeria,012,2022,12,4.059
Algeria,012,2023,12,1.582
Algeria,012,2024,12,0.826
Algeria,012,2025,12,0.892
American Samoa,016,2020,1,1.092
American Samoa,016,2021,1,0.992
American Samoa,016,2022,1,1.092
American Samoa,016,2023,1,0.942
American Samoa,016,2024,1,2.342
American Samoa,016,2025,1,1.022
American Samoa,016,2020,2,0.544
American Samoa,016,2021,2,0.644
American Samoa,016,2022,2,0.844
American Samoa,016,2023,2,-0.706
American Samoa,016,2024,2,1.794
American Samoa,016,2025,2,1.374
American Samoa,016,2020,3,1.502
American Samoa,016,2021,3,0.852
American Samoa,016,2022,3,1.802
American Samoa,016,2023,3,1.052
American Samoa,016,2024,3,2.202
American Samoa,016,2025,3,1.122
American Samoa,016,2020,4,1.358
American Samoa,016,2021,4,0.808
American Samoa,016,2022,4,1.308
American Samoa,016,2023,4,0.858
American Samoa,016,2024,4,2.268
American Samoa,016,2025,4,1.398
American Samoa,016,2020,5,1.968
American Samoa,016,2021,5,1.168
American Samoa,016,2022,5,1.168
American Samoa,016,2023,5,1.018
American Samoa,016,2024,5,2.218
American Samoa,016,2025,5,0.978
American Samoa,016,2020,6,1.05
American Samoa,016,2021,6,0.8
American Samoa,016,2022,6,1.05
American Samoa,016,2023,6,1.1
American Samoa,016,2024,6,1.45
American Samoa,016,2025,6,0.92
American Samoa,016,2020,7,1.525
American Samoa,016,2021,7,1.725
American Samoa,016,2022,7,0.875
American Samoa,016,2023,7,1.325
American Samoa,016,2024,7,1.375
American Samoa,016,2025,7,0.515
American Samoa,016,2020,8,1.683
American Samoa,016,2021,8,0.933
American Samoa,016,2022,8,0.483
American Samoa,016,2023,8,2.233
American Samoa,016,2024,8,0.733
American Samoa,016,2025,8,1.593
American Samoa,016,2020,9,1.158
American Samoa,016,2021,9,1.408
American Samoa,016,2022,9,1.158
American Samoa,016,2023,9,0.858
American Samoa,016,2024,9,1.128
American Samoa,016,2025,9,0.278
American Samoa,016,2020,10,1.032
American Samoa,016,2021,10,1.632
American Samoa,016,2022,10,0.982
American Samoa,016,2023,10,0.982
American Samoa,016,2024,10,1.802
American Samoa,016,2025,10,0.872
American Samoa,016,2020,11,0.812
American Samoa,016,2021,11,1.062
American Samoa,016,2022,11,0.912
American Samoa,016,2023,11,2.312
American Samoa,016,2024,11,1.182
American Samoa,016,2025,11,0.652
American Samoa,016,2020,12,0.806
American Samoa,016,2021,12,1.006
American Samoa,016,2022,12,1.006
American Samoa,016,2023,12,1.406
American Samoa,016,2024,12,1.326
American Samoa,016,2025,12,1.186
Andorra,020,2020,1,2.157
Andorra,020,2021,1,0.046
Andorra,020,2022,1,0.467
Andorra,020,2023,1,0.642
Andorra,020,2024,1,2.461
Andorra,020,2025,1,2.182
Andorra,020,2020,2,4.067
Andorra,020,2021,2,3.936
Andorra,020,2022,2,2.781
Andorra,020,2023,2,0.708
Andorra,020,2024,2,3.49
Andorra,020,2025,2,2.718
Andorra,020,2020,3,1.586
Andorra,020,2021,3,1.419
Andorra,020,2022,3,1.673
Andorra,020,2023,3,2.853
Andorra,020,2024,3,2.849
Andorra,020,2025,3,1.596
Andorra,020,2020,4,3.346
Andorra,020,2021,4,0.678
Andorra,020,2022,4,1.416
Andorra,020,2023,4,2.626
Andorra,020,2024,4,2.165
Andorra,020,2025,4,3.001
Andorra,020,2020,5,3.531
Andorra,020,2021,5,0.56
Andorra,020,2022,5,4.342
Andorra,020,2023,5,2.166
Andorra,020,2024,5,1.095
Andorra,020,2025,5,2.386
Andorra,020,2020,6,1.173
Andorra,020,2021,6,3.07
Andorra,020,2022,6,4.744
Andorra,020,2023,6,3.808
Andorra,020,2024,6,2.03
Andorra,020,2025,6,5.668
Andorra,020,2020,7,2.511
Andorra,020,2021,7,1.274
Andorra,020,2022,7,4.224
Andorra,020,2023,7,2.888
Andorra,020,2024,7,2.876
Andorra,020,2025,7,2.631
Andorra,020,2020,8,3.246
Andorra,020,2021,8,1.613
Andorra,020,2022,8,5.062
Andorra,020,2023,8,3.625
Andorra,020,2024,8,3.645
Andorra,020,2025,8,4.206
Andorra,020,2020,9,1.881
Andorra,020,2021,9,2.524
Andorra,020,2022,9,2.204
Andorra,020,2023,9,3.905
Andorra,020,2024,9,-0.113
Andorra,020,2025,9,0.885
Andorra,020,2020,10,0.004
Andorra,020,2021,10,1.118
Andorra,020,2022,10,5.266
Andorra,020,2023,10,4.571
Andorra,020,2024,10,2.809
Andorra,020,2025,10,2.223
Andorra,020,2020,11,3.036
Andorra,020,2021,11,0.068
Andorra,020,2022,11,3.26
Andorra,020,2023,11,2.603
Andorra,020,2024,11,3.537
Andorra,020,2025,11,1.973
Andorra,020,2020,12,1.128
Andorra,020,2021,12,2.327
Andorra,020,2022,12,2.827
Andorra,020,2023,12,2.238
Andorra,020,2024,12,1.479
Andorra,020,2025,12,2.392
Angola,024,2020,1,1.561
Angola,024,2021,1,0.886
Angola,024,2022,1,0.864
Angola,024,2023,1,0.481
Angola,024,2024,1,1.726
Angola,024,2025,1,0.608
Angola,024,2020,2,0.608
Angola,024,2021,2,1.002
Angola,024,2022,2,1.148
Angola,024,2023,2,1.044
Angola,024,2024,2,2.075
Angola,024,2025,2,-0.113
Angola,024,2020,3,-0.2
Angola,024,2021,3,0.565
Angola,024,2022,3,-0.186
Angola,024,2023,3,0.679
Angola,024,2024,3,1.773
Angola,024,2025,3,0.648
Angola,024,2020,4,-0.342
Angola,024,2021,4,1.374
Angola,024,2022,4,0.803
Angola,024,2023,4,1.163
Angola,024,2024,4,-1.079
Angola,024,2025,4,0.7
Angola,024,2020,5,-0.784
Angola,024,2021,5,1.275
Angola,024,2022,5,-0.038
Angola,024,2023,5,1.603
Angola,024,2024,5,1.881
Angola,024,2025,5,0.891
Angola,024,2020,6,1.464
Angola,024,2021,6,2.547
Angola,024,2022,6,1.175
Angola,024,2023,6,1.579
Angola,024,2024,6,1.6
Angola,024,2025,6,1.438
Angola,024,2020,7,2.048
Angola,024,2021,7,2.672
Angola,024,2022,7,1.967
Angola,024,2023,7,2.314
Angola,024,2024,7,3.625
Angola,024,2025,7,1.439
Angola,024,2020,8,1.876
Angola,024,2021,8,2.197
Angola,024,2022,8,1.193
Angola,024,2023,8,2.023
Angola,024,2024,8,1.734
Angola,024,2025,8,0.693
Angola,024,2020,9,1.074
Angola,024,2021,9,1.772
Angola,024,2022,9,0.601
Angola,024,2023,9,1.874
Angola,024,2024,9,1.89
Angola,024,2025,9,1.906
Angola,024,2020,10,1.243
Angola,024,2021,10,0.979
Angola,024,2022,10,0.709
Angola,024,2023,10,1.735
Angola,024,2024,10,0.505
Angola,024,2025,10,1.504
Angola,024,2020,11,1.01
Angola,024,2021,11,1.095
Angola,024,2022,11,0.876
Angola,024,2023,11,1.135
Angola,024,2024,11,0.566
Angola,024,2025,11,1.322
Angola,024,2020,12,1.047
Angola,024,2021,12,1.238
Angola,024,2022,12,0.972
Angola,024,2023,12,1.182
Angola,024,2024,12,0.621
Angola,024,2025,12,1.463
Anguilla,660,2020,1,1.107
Anguilla,660,2021,1,0.939
Anguilla,660,2022,1,1.004
Anguilla,660,2023,1,0.772
Anguilla,660,2024,1,1.789
Anguilla,660,2025,1,1.555
Anguilla,660,2020,2,1.274
Anguilla,660,2021,2,1.238
Anguilla,660,2022,2,0.695
Anguilla,660,2023,2,0.473
Anguilla,660,2024,2,1.274
Anguilla,660,2025,2,1.546
Anguilla,660,2020,3,0.473
Anguilla,660,2021,3,0.853
Anguilla,660,2022,3,0.821
Anguilla,660,2023,3,0.554
Anguilla,660,2024,3,1.648
Anguilla,660,2025,3,1.447
Anguilla,660,2020,4,1.308
Anguilla,660,2021,4,0.687
Anguilla,660,2022,4,0.473
Anguilla,660,2023,4,0.552
Anguilla,660,2024,4,1.464
Anguilla,660,2025,4,0.819
Anguilla,660,2020,5,1.612
Anguilla,660,2021,5,0.816
Anguilla,660,2022,5,0.775
Anguilla,660,2023,5,1.122
Anguilla,660,2024,5,1.782
Anguilla,660,2025,5,0.92
Anguilla,660,2020,6,1.496
Anguilla,660,2021,6,0.369
Anguilla,660,2022,6,0.855
Anguilla,660,2023,6,1.47
Anguilla,660,2024,6,1.773
Anguilla,660,2025,6,0.784
Anguilla,660,2020,7,1.156
Anguilla,660,2021,7,0.798
Anguilla,660,2022,7,0.613
Anguilla,660,2023,7,1.6
Anguilla,660,2024,7,1.488
Anguilla,660,2025,7,0.86
Anguilla,660,2020,8,1.432
Anguilla,660,2021,8,0.853
Anguilla,660,2022,8,0.975
Anguilla,660,2023,8,1.741
Anguilla,660,2024,8,1.388
Anguilla,660,2025,8,1.424
Anguilla,660,2020,9,1.174
Anguilla,660,2021,9,0.991
Anguilla,660,2022,9,0.771
Anguilla,660,2023,9,2.189
Anguilla,660,2024,9,1.602
Anguilla,660,2025,9,1.055
Anguilla,660,2020,10,0.713
Anguilla,660,2021,10,0.846
Anguilla,660,2022,10,0.798
Anguilla,660,2023,10,1.528
Anguilla,660,2024,10,1.844
Anguilla,660,2025,10,1.076
Anguilla,660,2020,11,0.574
Anguilla,660,2021,11,0.774
Anguilla,660,2022,11,0.7
Anguilla,660,2023,11,1.592
Anguilla,660,2024,11,1.229
Anguilla,660,2025,11,0.695
Anguilla,660,2020,12,0.678
Anguilla,660,2021,12,1.351
Anguilla,660,2022,12,0.594
Anguilla,660,2023,12,1.13
Anguilla,660,2024,12,1.566
Anguilla,660,2025,12,0.925
Antarctica,010,2020,1,-0.237
Antarctica,010,2021,1,-0.937
Antarctica,010,2022,1,-0.522
Antarctica,010,2023,1,-2.842
Antarctica,010,2024,1,-2.245
Antarctica,010,2025,1,0.851
Antarctica,010,2020,2,0.047
Antarctica,010,2021,2,-1.732
Antarctica,010,2022,2,0.295
Antarctica,010,2023,2,-0.794
Antarctica,010,2024,2,-1.169
Antarctica,010,2025,2,0.52
Antarctica,010,2020,3,0.034
Antarctica,010,2021,3,2.052
Antarctica,010,2022,3,-0.071
Antarctica,010,2023,3,1.899
Antarctica,010,2024,3,-0.487
Antarctica,010,2025,3,0.326
Antarctica,010,2020,4,2.844
Antarctica,010,2021,4,-1.144
Antarctica,010,2022,4,-1.376
Antarctica,010,2023,4,2.601
Antarctica,010,2024,4,-1.901
Antarctica,010,2025,4,0.846
Antarctica,010,2020,5,1.39
Antarctica,010,2021,5,-0.179
Antarctica,010,2022,5,0.257
Antarctica,010,2023,5,-0.31
Antarctica,010,2024,5,0.902
Antarctica,010,2025,5,0.17
Antarctica,010,2020,6,2.107
Antarctica,010,2021,6,-3.791
Antarctica,010,2022,6,3.439
Antarctica,010,2023,6,1.426
Antarctica,010,2024,6,1.122
Antarctica,010,2025,6,2.044
Antarctica,010,2020,7,0.799
Antarctica,010,2021,7,0.322
Antarctica,010,2022,7,0.04
Antarctica,010,2023,7,1.567
Antarctica,010,2024,7,4.649
Antarctica,010,2025,7,1.619
Antarctica,010,2020,8,-1.375
Antarctica,010,2021,8,-1.52
Antarctica,010,2022,8,3.403
Antarctica,010,2023,8,1.42
Antarctica,010,2024,8,5.124
Antarctica,010,2025,8,5.1
Antarctica,010,2020,9,1.014
Antarctica,010,2021,9,0.285
Antarctica,010,2022,9,0.729
Antarctica,010,2023,9,3.331
Antarctica,010,2024,9,0.144
Antarctica,010,2025,9,3.513
Antarctica,010,2020,10,-1.046
Antarctica,010,2021,10,-1.137
Antarctica,010,2022,10,0.33
Antarctica,010,2023,10,-0.679
Antarctica,010,2024,10,0.895
Antarctica,010,2025,10,1.825
Antarctica,010,2020,11,3.013
Antarctica,010,2021,11,0.19
Antarctica,010,2022,11,-1.394
Antarctica,010,2023,11,-0.501
Antarctica,010,2024,11,0.046
Antarctica,010,2025,11,0.813
Antarctica,010,2020,12,0.546
Antarctica,010,2021,12,0.516
Antarctica,010,2022,12,-1.325
Antarctica,010,2023,12,-0.724
Antarctica,010,2024,12,-1.179
Antarctica,010,2025,12,-0.755
Antigua and Barbuda,028,2020,1,1.222
Antigua and Barbuda,028,2021,1,0.948
Antigua and Barbuda,028,2022,1,1.037
Antigua and Barbuda,028,2023,1,0.747
Antigua and Barbuda,028,2024,1,1.646
Antigua and Barbuda,028,2025,1,1.612
Antigua and Barbuda,028,2020,2,1.288
Antigua and Barbuda,028,2021,2,1.234
Antigua and Barbuda,028,2022,2,0.768
Antigua and Barbuda,028,2023,2,0.44
Antigua and Barbuda,028,2024,2,1.417
Antigua and Barbuda,028,2025,2,1.519
Antigua and Barbuda,028,2020,3,0.406
Antigua and Barbuda,028,2021,3,0.853
Antigua and Barbuda,028,2022,3,0.932
Antigua and Barbuda,028,2023,3,0.633
Antigua and Barbuda,028,2024,3,1.564
Antigua and Barbuda,028,2025,3,1.486
Antigua and Barbuda,028,2020,4,1.361
Antigua and Barbuda,028,2021,4,0.731
Antigua and Barbuda,028,2022,4,0.539
Antigua and Barbuda,028,2023,4,0.647
Antigua and Barbuda,028,2024,4,1.551
Antigua and Barbuda,028,2025,4,0.819
Antigua and Barbuda,028,2020,5,1.58
Antigua and Barbuda,028,2021,5,0.817
Antigua and Barbuda,028,2022,5,0.686
Antigua and Barbuda,028,2023,5,1.075
Antigua and Barbuda,028,2024,5,1.831
Antigua and Barbuda,028,2025,5,1.034
Antigua and Barbuda,028,2020,6,1.273
Antigua and Barbuda,028,2021,6,0.407
Antigua and Barbuda,028,2022,6,0.734
Antigua and Barbuda,028,2023,6,1.309
Antigua and Barbuda,028,2024,6,1.671
Antigua and Barbuda,028,2025,6,0.632
Antigua and Barbuda,028,2020,7,0.977
Antigua and Barbuda,028,2021,7,0.775
Antigua and Barbuda,028,2022,7,0.477
Antigua and Barbuda,028,2023,7,1.474
Antigua and Barbuda,028,2024,7,1.335
Antigua and Barbuda,028,2025,7,0.785
Antigua and Barbuda,028,2020,8,1.343
Antigua and Barbuda,028,2021,8,1.01
Antigua and Barbuda,028,2022,8,0.751
Antigua and Barbuda,028,2023,8,1.6
Antigua and Barbuda,028,2024,8,1.391
Antigua and Barbuda,028,2025,8,1.456
Antigua and Barbuda,028,2020,9,1.121
Antigua and Barbuda,028,2021,9,0.997
Antigua and Barbuda,028,2022,9,0.596
Antigua and Barbuda,028,2023,9,1.982
Antigua and Barbuda,028,2025,9,1.29
Antigua and Barbuda,028,2020,10,0.619
Antigua and Barbuda,028,2021,10,0.96
Antigua and Barbuda,028,2022,10,0.699
Antigua and Barbuda,028,2023,10,1.355
Antigua and Barbuda,028,2024,10,1.879
Antigua and Barbuda,028,2025,10,1.269
Antigua and Barbuda,028,2020,11,0.575
Antigua and Barbuda,028,2021,11,0.769
Antigua and Barbuda,028,2022,11,0.603
Antigua and Barbuda,028,2023,11,1.544
Antigua and Barbuda,028,2024,11,1.495
Antigua and Barbuda,028,2025,11,0.781
Antigua and Barbuda,028,2020,12,0.782
Antigua and Barbuda,028,2021,12,1.28
Antigua and Barbuda,028,2022,12,0.547
Antigua and Barbuda,028,2023,12,1.005
Antigua and Barbuda,028,2024,12,1.641
Antigua and Barbuda,028,2025,12,0.841
Argentina,032,2020,1,1.045
Argentina,032,2021,1,0.161
Argentina,032,2022,1,1.832
Argentina,032,2023,1,1.929
Argentina,032,2024,1,1.594
Argentina,032,2025,1,1.843
Argentina,032,2020,2,0.442
Argentina,032,2021,2,0.331
Argentina,032,2022,2,0.512
Argentina,032,2023,2,1.232
Argentina,032,2024,2,2.455
Argentina,032,2025,2,2.665
Argentina,032,2020,3,2.686
Argentina,032,2021,3,0.788
Argentina,032,2022,3,-0.376
Argentina,032,2023,3,2.689
Argentina,032,2024,3,2.074
Argentina,032,2025,3,1.046
Argentina,032,2020,4,1.291
Argentina,032,2021,4,2.413
Argentina,032,2022,4,0.306
Argentina,032,2023,4,1.259
Argentina,032,2024,4,0.837
Argentina,032,2025,4,0.09
Argentina,032,2020,5,0.737
Argentina,032,2021,5,0.04
Argentina,032,2022,5,-1.021
Argentina,032,2023,5,1.476
Argentina,032,2024,5,-2.645
Argentina,032,2025,5,1.499
Argentina,032,2020,6,0.933
Argentina,032,2021,6,0.196
Argentina,032,2022,6,-0.708
Argentina,032,2023,6,1.695
Argentina,032,2024,6,1.936
Argentina,032,2025,6,-0.246
Argentina,032,2020,7,-0.876
Argentina,032,2021,7,1.008
Argentina,032,2022,7,1.007
Argentina,032,2023,7,1.157
Argentina,032,2024,7,-0.738
Argentina,032,2025,7,0.841
Argentina,032,2020,8,1.086
Argentina,032,2021,8,1.315
Argentina,032,2022,8,0.687
Argentina,032,2023,8,1.741
Argentina,032,2024,8,0.089
Argentina,032,2025,8,1.06
Argentina,032,2020,9,1.152
Argentina,032,2021,9,2.032
Argentina,032,2022,9,0.339
Argentina,032,2023,9,0.724
Argentina,032,2024,9,2.09
Argentina,032,2025,9,1.569
Argentina,032,2020,10,1.309
Argentina,032,2021,10,1.351
Argentina,032,2022,10,0.419
Argentina,032,2023,10,0.904
Argentina,032,2024,10,2.586
Argentina,032,2025,10,1.172
Argentina,032,2020,11,1.694
Argentina,032,2021,11,0.679
Argentina,032,2022,11,1.902
Argentina,032,2023,11,0.574
Argentina,032,2024,11,1.113
Argentina,032,2025,11,0.954
Argentina,032,2020,12,0.667
Argentina,032,2021,12,1.615
Argentina,032,2022,12,1.837
Argentina,032,2023,12,0.617
Argentina,032,2024,12,-0.075
Argentina,032,2025,12,1.377
Armenia,051,2020,1,1.226
Armenia,051,2021,1,2.492
Armenia,051,2022,1,0.82
Armenia,051,2023,1,2.02
Armenia,051,2024,1,3.643
Armenia,051,2025,1,2.612
Armenia,051,2020,2,1.857
Armenia,051,2021,2,3.466
Armenia,051,2022,2,3.482
Armenia,051,2023,2,0.555
Armenia,051,2024,2,3.755
Armenia,051,2025,2,-0.776
Armenia,051,2020,3,4.045
Armenia,051,2021,3,1.145
Armenia,051,2022,3,-1.424
Armenia,051,2023,3,5.531
Armenia,051,2024,3,3.162
Armenia,051,2025,3,3.712
Armenia,051,2020,4,-0.341
Armenia,051,2021,4,3.693
Armenia,051,2022,4,2.864
Armenia,051,2023,4,1.871
Armenia,051,2024,4,4.504
Armenia,051,2025,4,1.445
Armenia,051,2020,5,1.101
Armenia,051,2021,5,2.897
Armenia,051,2022,5,-0.629
Armenia,051,2023,5,0.717
Armenia,051,2024,5,-0.275
Armenia,051,2025,5,1.388
Armenia,051,2020,6,2.532
Armenia,051,2021,6,3.985
Armenia,051,2022,6,2.98
Armenia,051,2023,6,1.87
Armenia,051,2024,6,3.138
Armenia,051,2025,6,0.998
Armenia,051,2020,7,1.938
Armenia,051,2021,7,2.239
Armenia,051,2022,7,1.585
Armenia,051,2023,7,1.108
Armenia,051,2024,7,1.273
Armenia,051,2025,7,2.256
Armenia,051,2020,8,-0.383
Armenia,051,2021,8,2.623
Armenia,051,2022,8,3.109
Armenia,051,2023,8,2.889
Armenia,051,2024,8,2.073
Armenia,051,2025,8,2.929
Armenia,051,2020,9,3.13
Armenia,051,2021,9,1.25
Armenia,051,2022,9,2.817
Armenia,051,2023,9,1.583
Armenia,051,2024,9,1.724
Armenia,051,2025,9,0.263
Armenia,051,2020,10,2.801
Armenia,051,2021,10,-0.127
Armenia,051,2022,10,2.469
Armenia,051,2023,10,2.021
Armenia,051,2024,10,0.565
Armenia,051,2025,10,1.587
Armenia,051,2020,11,1.072
Armenia,051,2021,11,1.512
Armenia,051,2022,11,2.054
Armenia,051,2023,11,3.637
Armenia,051,2024,11,0.287
Armenia,051,2025,11,2.901
Armenia,051,2020,12,0.532
Armenia,051,2021,12,1.27
Armenia,051,2022,12,2.273
Armenia,051,2023,12,4.218
Armenia,051,2024,12,1.607
Armenia,051,2025,12,1.987
Aruba,533,2020,1,1.312
Aruba,533,2020,2,1.934
Aruba,533,2020,3,1.614
Aruba,533,2020,4,1.813
Aruba,533,2020,5,1.526
Aruba,533,2020,7,1.522
Aruba,533,2020,8,1.716
Aruba,533,2020,9,1.704
"Ascension, Saint Helena and Tristan da Cunha",654,2020,1,1.667
"Ascension, Saint Helena and Tristan da Cunha",654,2021,1,1.834
"Ascension, Saint Helena and Tristan da Cunha",654,2022,1,1.916
"Ascension, Saint Helena and Tristan da Cunha",654,2023,1,1.636
"Ascension, Saint Helena and Tristan da Cunha",654,2024,1,2.511
"Ascension, Saint Helena and Tristan da Cunha",654,2025,1,1.356
"Ascension, Saint Helena and Tristan da Cunha",654,2020,2,1.999
"Ascension, Saint Helena and Tristan da Cunha",654,2021,2,1.385
"Ascension, Saint Helena and Tristan da Cunha",654,2022,2,1.744
"Ascension, Saint Helena and Tristan da Cunha",654,2023,2,1.987
"Ascension, Saint Helena and Tristan da Cunha",654,2024,2,2.348
"Ascension, Saint Helena and Tristan da Cunha",654,2025,2,1.48
"Ascension, Saint Helena and Tristan da Cunha",654,2020,3,1.509
"Ascension, Saint Helena and Tristan da Cunha",654,2021,3,1.304
"Ascension, Saint Helena and Tristan da Cunha",654,2022,3,1.95
"Ascension, Saint Helena and Tristan da Cunha",654,2023,3,1.15
"Ascension, Saint Helena and Tristan da Cunha",654,2024,3,3.332
"Ascension, Saint Helena and Tristan da Cunha",654,2025,3,1.028
"Ascension, Saint Helena and Tristan da Cunha",654,2020,4,1.315
"Ascension, Saint Helena and Tristan da Cunha",654,2021,4,1.127
"Ascension, Saint Helena and Tristan da Cunha",654,2022,4,0.905
"Ascension, Saint Helena and Tristan da Cunha",654,2023,4,2.128
"Ascension, Saint Helena and Tristan da Cunha",654,2024,4,3.284
"Ascension, Saint Helena and Tristan da Cunha",654,2025,4,1.455
"Ascension, Saint Helena and Tristan da Cunha",654,2020,5,1.427
"Ascension, Saint Helena and Tristan da Cunha",654,2021,5,1.715
"Ascension, Saint Helena and Tristan da Cunha",654,2022,5,1.282
"Ascension, Saint Helena and Tristan da Cunha",654,2023,5,1.51
"Ascension, Saint Helena and Tristan da Cunha",654,2024,5,1.912
"Ascension, Saint Helena and Tristan da Cunha",654,2025,5,1.3
"Ascension, Saint Helena and Tristan da Cunha",654,2020,6,1.263
"Ascension, Saint Helena and Tristan da Cunha",654,2021,6,1.194
"Ascension, Saint Helena and Tristan da Cunha",654,2022,6,1.415
"Ascension, Saint Helena and Tristan da Cunha",654,2023,6,0.966
"Ascension, Saint Helena and Tristan da Cunha",654,2024,6,1.552
"Ascension, Saint Helena and Tristan da Cunha",654,2025,6,1.909
"Ascension, Saint Helena and Tristan da Cunha",654,2020,7,1.379
"Ascension, Saint Helena and Tristan da Cunha",654,2021,7,1.791
"Ascension, Saint Helena and Tristan da Cunha",654,2022,7,0.431
"Ascension, Saint Helena and Tristan da Cunha",654,2023,7,1.189
"Ascension, Saint Helena and Tristan da Cunha",654,2024,7,0.956
"Ascension, Saint Helena and Tristan da Cunha",654,2025,7,1.297
"Ascension, Saint Helena and Tristan da Cunha",654,2020,8,0.798
"Ascension, Saint Helena and Tristan da Cunha",654,2021,8,1.143
"Ascension, Saint Helena and Tristan da Cunha",654,2022,8,0.635
"Ascension, Saint Helena and Tristan da Cunha",654,2023,8,1.322
"Ascension, Saint Helena and Tristan da Cunha",654,2024,8,0.374
"Ascension, Saint Helena and Tristan da Cunha",654,2025,8,1.026
"Ascension, Saint Helena and Tristan da Cunha",654,2020,9,0.992
"Ascension, Saint Helena and Tristan da Cunha",654,2021,9,1.048
"Ascension, Saint Helena and Tristan da Cunha",654,2022,9,0.927
"Ascension, Saint Helena and Tristan da Cunha",654,2023,9,1.354
"Ascension, Saint Helena and Tristan da Cunha",654,2025,9,1.479
"Ascension, Saint Helena and Tristan da Cunha",654,2020,10,0.905
"Ascension, Saint Helena and Tristan da Cunha",654,2021,10,1.848
"Ascension, Saint Helena and Tristan da Cunha",654,2022,10,1.504
"Ascension, Saint Helena and Tristan da Cunha",654,2023,10,1.017
"Ascension, Saint Helena and Tristan da Cunha",654,2024,10,1.044
"Ascension, Saint Helena and Tristan da Cunha",654,2025,10,1.378
"Ascension, Saint Helena and Tristan da Cunha",654,2020,11,0.899
"Ascension, Saint Helena and Tristan da Cunha",654,2021,11,1.391
"Ascension, Saint Helena and Tristan da Cunha",654,2022,11,1.409
"Ascension, Saint Helena and Tristan da Cunha",654,2023,11,1.565
"Ascension, Saint Helena and Tristan da Cunha",654,2024,11,0.828
"Ascension, Saint Helena and Tristan da Cunha",654,2025,11,1.954
"Ascension, Saint Helena and Tristan da Cunha",654,2020,12,1.712
"Ascension, Saint Helena and Tristan da Cunha",654,2021,12,1.533
"Ascension, Saint Helena and Tristan da Cunha",654,2022,12,2.025
"Ascension, Saint Helena and Tristan da Cunha",654,2023,12,2.965
"Ascension, Saint Helena and Tristan da Cunha",654,2024,12,1.354
"Ascension, Saint Helena and Tristan da Cunha",654,2025,12,1.619
Australia,036,2020,1,1.52
Australia,036,2021,1,0.437
Australia,036,2022,1,1.299
Australia,036,2023,1,0.251
Australia,036,2024,1,1.623
Australia,036,2025,1,2.195
Australia,036,2020,2,1.068
Australia,036,2021,2,-0.002
Australia,036,2022,2,0.39
Australia,036,2023,2,0.633
Australia,036,2024,2,1.82
Australia,036,2025,2,1.787
Australia,036,2020,3,0.568
Australia,036,2021,3,0.237
Australia,036,2022,3,1.546
Australia,036,2023,3,0.99
Australia,036,2024,3,1.171
Australia,036,2025,3,2.313
Australia,036,2020,4,1.599
Australia,036,2021,4,0.342
Australia,036,2022,4,1.564
Australia,036,2023,4,0.152
Australia,036,2024,4,-0.228
Australia,036,2025,4,1.097
Australia,036,2020,5,-0.222
Australia,036,2021,5,0.828
Australia,036,2022,5,1.347
Australia,036,2023,5,-0.616
Australia,036,2024,5,1.376
Australia,036,2025,5,1.172
Australia,036,2020,6,1.016
Australia,036,2021,6,0.381
Australia,036,2022,6,0.569
Australia,036,2023,6,1.038
Australia,036,2024,6,0.671
Australia,036,2025,6,0.311
Australia,036,2020,7,0.991
Australia,036,2021,7,1.654
Australia,036,2022,7,-0.072
Australia,036,2023,7,1.223
Australia,036,2024,7,0.732
Australia,036,2025,7,0.661
Australia,036,2020,8,1.387
Australia,036,2021,8,1.505
Australia,036,2022,8,0.907
Australia,036,2023,8,2.31
Australia,036,2024,8,2.975
Australia,036,2025,8,0.705
Australia,036,2020,9,2.571
Australia,036,2021,9,1.176
Australia,036,2022,9,0.861
Australia,036,2023,9,2.54
Australia,036,2024,9,1.99
Australia,036,2025,9,1.346
Australia,036,2020,10,1.145
Australia,036,2021,10,1.019
Australia,036,2022,10,0.429
Australia,036,2023,10,1.232
Australia,036,2024,10,2.483
Australia,036,2025,10,2.524
Australia,036,2020,11,2.42
Australia,036,2021,11,-0.401
Australia,036,2022,11,-0.877
Australia,036,2023,11,1.546
Australia,036,2024,11,1.852
Australia,036,2025,11,0.737
Australia,036,2020,12,0.34
Australia,036,2021,12,1.12
Australia,036,2022,12,-0.074
Australia,036,2023,12,1.656
Australia,036,2024,12,1.923
Australia,036,2025,12,1.068
Austria,040,2020,1,3.418
Austria,040,2021,1,1.438
Austria,040,2022,1,2.903
Austria,040,2023,1,4.143
Austria,040,2024,1,2.791
Austria,040,2025,1,3.495
Austria,040,2020,2,4.971
Austria,040,2021,2,3.128
Austria,040,2022,2,3.761
Austria,040,2023,2,2.692
Austria,040,2024,2,6.659
Austria,040,2025,2,1.925
Austria,040,2020,3,1.957
Austria,040,2021,3,1.024
Austria,040,2022,3,1.394
Austria,040,2023,3,2.937
Austria,040,2024,3,4.457
Austria,040,2025,3,3.363
Austria,040,2020,4,2.891
Austria,040,2021,4,-0.933
Austria,040,2022,4,0.251
Austria,040,2023,4,-0.069
Austria,040,2024,4,3.029
Austria,040,2025,4,3.293
Austria,040,2020,5,0.506
Austria,040,2021,5,-0.862
Austria,040,2022,5,3.319
Austria,040,2023,5,1.336
Austria,040,2024,5,2.449
Austria,040,2025,5,0.483
Austria,040,2020,6,1.214
Austria,040,2021,6,3.889
Austria,040,2022,6,4.001
Austria,040,2023,6,2.638
Austria,040,2024,6,2.862
Austria,040,2025,6,4.43
Austria,040,2020,7,1.791
Austria,040,2021,7,2.457
Austria,040,2022,7,3.279
Austria,040,2023,7,3.082
Austria,040,2024,7,3.815
Austria,040,2025,7,1.759
Austria,040,2020,8,3.141
Austria,040,2021,8,0.991
Austria,040,2022,8,3.415
Austria,040,2023,8,2.77
Austria,040,2024,8,4.962
Austria,040,2025,8,2.348
Austria,040,2020,9,1.968
Austria,040,2021,9,1.985
Austria,040,2022,9,0.082
Austria,040,2023,9,4.181
Austria,040,2024,9,1.621
Austria,040,2025,9,1.822
Austria,040,2020,10,0.921
Austria,040,2021,10,0.362
Austria,040,2022,10,4.089
Austria,040,2023,10,4.159
Austria,040,2024,10,2.774
Austria,040,2025,10,0.51
Austria,040,2020,11,1.753
Austria,040,2021,11,0.969
Austria,040,2022,11,2.325
Austria,040,2023,11,1.288
Austria,040,2024,11,0.93
Austria,040,2025,11,0.793
Austria,040,2020,12,2.245
Austria,040,2021,12,1.606
Austria,040,2022,12,2.095
Austria,040,2023,12,3.104
Austria,040,2024,12,1.859
Austria,040,2025,12,2.416
Azerbaijan,031,2020,1,1.991
Azerbaijan,031,2021,1,2.769
Azerbaijan,031,2022,1,1.875
Azerbaijan,031,2023,1,0.974
Azerbaijan,031,2024,1,2.332
Azerbaijan,031,2025,1,3.157
Azerbaijan,031,2020,2,3.056
Azerbaijan,031,2021,2,2.832
Azerbaijan,031,2022,2,3.962
Azerbaijan,031,2023,2,1.116
Azerbaijan,031,2024,2,2.885
Azerbaijan,031,2025,2,-0.809
Azerbaijan,031,2020,3,3.949
Azerbaijan,031,2021,3,1.199
Azerbaijan,031,2022,3,-0.151
Azerbaijan,031,2023,3,5.973
Azerbaijan,031,2024,3,2.367
Azerbaijan,031,2025,3,3.254
Azerbaijan,031,2020,4,-0.193
Azerbaijan,031,2021,4,4.005
Azerbaijan,031,2022,4,3.517
Azerbaijan,031,2023,4,2.556
Azerbaijan,031,2024,4,4.543
Azerbaijan,031,2025,4,2.209
Azerbaijan,031,2020,5,1.474
Azerbaijan,031,2021,5,2.653
Azerbaijan,031,2022,5,-0.265
Azerbaijan,031,2023,5,1.315
Azerbaijan,031,2024,5,0.175
Azerbaijan,031,2025,5,1.54
Azerbaijan,031,2020,6,3.182
Azerbaijan,031,2021,6,3.846
Azerbaijan,031,2022,6,2.909
Azerbaijan,031,2023,6,2.103
Azerbaijan,031,2024,6,3.163
Azerbaijan,031,2025,6,0.885
Azerbaijan,031,2020,7,2.353
Azerbaijan,031,2021,7,2.345
Azerbaijan,031,2022,7,1.743
Azerbaijan,031,2023,7,1.346
Azerbaijan,031,2024,7,1.321
Azerbaijan,031,2025,7,2.235
Azerbaijan,031,2020,8,-0.497
Azerbaijan,031,2021,8,3.531
Azerbaijan,031,2022,8,2.621
Azerbaijan,031,2023,8,3.023
Azerbaijan,031,2024,8,2.194
Azerbaijan,031,2025,8,2.796
Azerbaijan,031,2020,9,2.43
Azerbaijan,031,2021,9,1.313
Azerbaijan,031,2022,9,3.041
Azerbaijan,031,2023,9,1.233
Azerbaijan,031,2024,9,1.666
Azerbaijan,031,2025,9,0.106
Azerbaijan,031,2020,10,2.39
Azerbaijan,031,2021,10,-0.27
Azerbaijan,031,2022,10,2.786
Azerbaijan,031,2023,10,2.414
Azerbaijan,031,2024,10,0.943
Azerbaijan,031,2025,10,1.975
Azerbaijan,031,2020,11,0.753
Azerbaijan,031,2021,11,0.927
Azerbaijan,031,2022,11,2.182
Azerbaijan,031,2023,11,4.565
Azerbaijan,031,2024,11,0.844
Azerbaijan,031,2025,11,3.388
Azerbaijan,031,2020,12,-0.129
Azerbaijan,031,2021,12,2.105
Azerbaijan,031,2022,12,0.636
Azerbaijan,031,2023,12,3.404
Azerbaijan,031,2024,12,1.491
Azerbaijan,031,2025,12,1.633
Bahamas,044,2020,1,1.653
Bahamas,044,2021,1,0.616
Bahamas,044,2022,1,0.335
Bahamas,044,2023,1,1.614
Bahamas,044,2024,1,2.094
Bahamas,044,2025,1,0.713
Bahamas,044,2020,2,2.465
Bahamas,044,2021,2,3.169
Bahamas,044,2022,2,1.724
Bahamas,044,2023,2,2.838
Bahamas,044,2024,2,0.48
Bahamas,044,2025,2,2.899
Bahamas,044,2020,3,1.844
Bahamas,044,2021,3,1.504
Bahamas,044,2022,3,1.949
Bahamas,044,2023,3,1.934
Bahamas,044,2024,3,1.673
Bahamas,044,2025,3,0.77
Bahamas,044,2020,4,2.67
Bahamas,044,2021,4,0.487
Bahamas,044,2022,4,1.406
Bahamas,044,2023,4,2.131
Bahamas,044,2024,4,0.666
Bahamas,044,2025,4,1.101
Bahamas,044,2020,5,0.756
Bahamas,044,2021,5,0.746
Bahamas,044,2022,5,1.127
Bahamas,044,2023,5,0.372
Bahamas,044,2024,5,2.48
Bahamas,044,2025,5,2.011
Bahamas,044,2020,6,1.39
Bahamas,044,2021,6,0.298
Bahamas,044,2022,6,0.85
Bahamas,044,2023,6,1.155
Bahamas,044,2024,6,1.188
Bahamas,044,2025,6,1.456
Bahamas,044,2020,7,0.915
Bahamas,044,2021,7,0.144
Bahamas,044,2022,7,0.995
Bahamas,044,2023,7,1.949
Bahamas,044,2024,7,1.633
Bahamas,044,2025,7,1.292
Bahamas,044,2020,8,1.433
Bahamas,044,2021,8,0.225
Bahamas,044,2022,8,1.153
Bahamas,044,2023,8,1.755
Bahamas,044,2024,8,1.0
Bahamas,044,2025,8,1.181
Bahamas,044,2020,9,1.139
Bahamas,044,2021,9,-0.049
Bahamas,044,2022,9,1.076
Bahamas,044,2023,9,1.365
Bahamas,044,2024,9,1.763
Bahamas,044,2025,9,0.894
Bahamas,044,2020,10,1.815
Bahamas,044,2021,10,0.662
Bahamas,044,2022,10,0.783
Bahamas,044,2023,10,1.449
Bahamas,044,2024,10,1.293
Bahamas,044,2025,10,1.2
Bahamas,044,2020,11,2.084
Bahamas,044,2021,11,-0.155
Bahamas,044,2022,11,2.481
Bahamas,044,2023,11,1.74
Bahamas,044,2024,11,1.467
Bahamas,044,2025,11,0.472
Bahamas,044,2020,12,0.376
Bahamas,044,2021,12,1.632
Bahamas,044,2022,12,1.67
Bahamas,044,2023,12,1.52
Bahamas,044,2024,12,1.274
Bahamas,044,2025,12,2.066
Bahrain,048,2020,1,0.902
Bahrain,048,2021,1,2.184
Bahrain,048,2022,1,0.794
Bahrain,048,2023,1,0.722
Bahrain,048,2024,1,3.861
Bahrain,048,2025,1,0.542
Bahrain,048,2020,2,1.362
Bahrain,048,2021,2,1.84
Bahrain,048,2022,2,1.452
Bahrain,048,2023,2,2.205
Bahrain,048,2024,2,1.783
Bahrain,048,2025,2,-0.173
Bahrain,048,2020,3,1.275
Bahrain,048,2021,3,2.801
Bahrain,048,2022,3,1.515
Bahrain,048,2023,3,2.521
Bahrain,048,2024,3,0.838
Bahrain,048,2025,3,0.647
Bahrain,048,2020,4,2.536
Bahrain,048,2021,4,2.978
Bahrain,048,2022,4,2.593
Bahrain,048,2023,4,0.792
Bahrain,048,2024,4,1.757
Bahrain,048,2025,4,4.102
Bahrain,048,2020,5,1.605
Bahrain,048,2021,5,3.253
Bahrain,048,2022,5,1.631
Bahrain,048,2023,5,2.055
Bahrain,048,2024,5,1.982
Bahrain,048,2025,5,3.537
Bahrain,048,2020,6,2.709
Bahrain,048,2021,6,2.601
Bahrain,048,2022,6,2.537
Bahrain,048,2023,6,2.395
Bahrain,048,2024,6,3.452
Bahrain,048,2025,6,2.558
Bahrain,048,2020,7,3.102
Bahrain,048,2021,7,2.971
Bahrain,048,2022,7,1.629
Bahrain,048,2023,7,2.554
Bahrain,048,2024,7,3.4
Bahrain,048,2025,7,2.574
Bahrain,048,2020,8,2.094
Bahrain,048,2021,8,2.491
Bahrain,048,2022,8,2.344
Bahrain,048,2023,8,2.918
Bahrain,048,2024,8,2.634
Bahrain,048,2025,8,3.101
Bahrain,048,2020,9,3.518
Bahrain,048,2021,9,2.008
Bahrain,048,2022,9,1.885
Bahrain,048,2023,9,3.0
Bahrain,048,2024,9,2.167
Bahrain,048,2025,9,2.16
Bahrain,048,2020,10,0.801
Bahrain,048,2021,10,2.203
Bahrain,048,2022,10,2.029
Bahrain,048,2023,10,3.302
Bahrain,048,2024,10,1.846
Bahrain,048,2025,10,1.102
Bahrain,048,2020,11,2.078
Bahrain,048,2021,11,1.93
Bahrain,048,2022,11,3.596
Bahrain,048,2023,11,2.332
Bahrain,048,2024,11,2.468
Bahrain,048,2025,11,1.03
Bahrain,048,2020,12,1.942
Bahrain,048,2021,12,2.035
Bahrain,048,2022,12,2.808
Bahrain,048,2023,12,3.402
Bahrain,048,2024,12,0.645
Bahrain,048,2025,12,2.324
Bangladesh,050,2020,1,0.584
Bangladesh,050,2021,1,1.398
Bangladesh,050,2022,1,1.14
Bangladesh,050,2023,1,1.443
Bangladesh,050,2024,1,0.053
Bangladesh,050,2025,1,1.879
Bangladesh,050,2020,2,0.373
Bangladesh,050,2021,2,1.531
Bangladesh,050,2022,2,-0.161
Bangladesh,050,2023,2,2.259
Bangladesh,050,2024,2,1.467
Bangladesh,050,2025,2,2.032
Bangladesh,050,2020,3,0.735
Bangladesh,050,2021,3,2.372
Bangladesh,050,2022,3,2.103
Bangladesh,050,2023,3,1.162
Bangladesh,050,2024,3,0.774
Bangladesh,050,2025,3,1.992
Bangladesh,050,2020,4,0.1
Bangladesh,050,2021,4,1.614
Bangladesh,050,2022,4,1.437
Bangladesh,050,2023,4,1.694
Bangladesh,050,2024,4,2.942
Bangladesh,050,2025,4,1.181
Bangladesh,050,2020,5,0.482
Bangladesh,050,2021,5,1.085
Bangladesh,050,2022,5,0.587
Bangladesh,050,2023,5,1.337
Bangladesh,050,2024,5,1.607
Bangladesh,050,2025,5,1.174
Bangladesh,050,2020,6,1.553
Bangladesh,050,2021,6,1.065
Bangladesh,050,2022,6,1.041
Bangladesh,050,2023,6,2.146
Bangladesh,050,2024,6,2.026
Bangladesh,050,2025,6,1.731
Bangladesh,050,2020,7,1.652
Bangladesh,050,2021,7,1.672
Bangladesh,050,2022,7,2.273
Bangladesh,050,2023,7,2.416
Bangladesh,050,2024,7,1.734
Bangladesh,050,2025,7,1.498
Bangladesh,050,2020,8,1.923
Bangladesh,050,2021,8,1.455
Bangladesh,050,2022,8,2.108
Bangladesh,050,2023,8,1.472
Bangladesh,050,2024,8,0.943
Bangladesh,050,2025,8,1.461
Bangladesh,050,2020,9,1.668
Bangladesh,050,2021,9,1.754
Bangladesh,050,2022,9,1.468
Bangladesh,050,2023,9,2.091
Bangladesh,050,2024,9,1.771
Bangladesh,050,2025,9,1.962
Bangladesh,050,2020,10,2.572
Bangladesh,050,2021,10,2.392
Bangladesh,050,2022,10,1.541
Bangladesh,050,2023,10,1.57
Bangladesh,050,2024,10,1.551
Bangladesh,050,2025,10,2.258
Bangladesh,050,2020,11,1.773
Bangladesh,050,2021,11,1.56
Bangladesh,050,2022,11,2.026
Bangladesh,050,2023,11,2.391
Bangladesh,050,2024,11,2.169
Bangladesh,050,2025,11,1.619
Bangladesh,050,2020,12,0.992
Bangladesh,050,2021,12,1.908
Bangladesh,050,2022,12,2.259
Bangladesh,050,2023,12,2.632
Bangladesh,050,2024,12,1.298
Bangladesh,050,2025,12,1.257
Barbados,052,2021,1,1.236
Barbados,052,2022,1,1.39
Barbados,052,2020,2,1.912
Barbados,052,2021,2,1.516
Barbados,052,2022,2,1.121
Barbados,052,2020,3,1.368
Barbados,052,2021,3,1.072
Barbados,052,2022,3,1.127
Barbados,052,2023,3,1.027
Barbados,052,2020,4,1.671
Barbados,052,2021,4,1.175
Barbados,052,2022,4,0.83
Barbados,052,2020,5,1.456
Barbados,052,2021,5,1.01
Barbados,052,2022,5,0.964
Barbados,052,2020,6,1.417
Barbados,052,2021,6,1.421
Barbados,052,2022,6,0.776
Barbados,052,2020,7,2.052
Barbados,052,2021,7,1.006
Barbados,052,2022,7,1.31
Barbados,052,2020,8,1.487
Barbados,052,2021,8,1.242
Barbados,052,2022,8,1.146
Barbados,052,2021,9,1.683
Barbados,052,2022,9,1.187
Barbados,052,2020,10,0.983
Barbados,052,2021,10,1.887
Barbados,052,2022,10,1.341
Barbados,052,2020,11,0.607
Barbados,052,2021,11,1.661
Barbados,052,2022,11,1.015
Barbados,052,2020,12,1.302
Barbados,052,2021,12,1.756
Barbados,052,2022,12,0.106
Belarus,112,2020,1,8.029
Belarus,112,2021,1,2.986
Belarus,112,2022,1,4.676
Belarus,112,2023,1,6.186
Belarus,112,2024,1,1.796
Belarus,112,2025,1,8.193
Belarus,112,2020,2,7.781
Belarus,112,2021,2,-0.17
Belarus,112,2022,2,6.519
Belarus,112,2023,2,4.679
Belarus,112,2024,2,7.755
Belarus,112,2025,2,1.629
Belarus,112,2020,3,5.667
Belarus,112,2021,3,2.959
Belarus,112,2022,3,2.853
Belarus,112,2023,3,4.637
Belarus,112,2024,3,5.493
Belarus,112,2025,3,6.965
Belarus,112,2020,4,0.569
Belarus,112,2021,4,0.429
Belarus,112,2022,4,-0.467
Belarus,112,2023,4,2.603
Belarus,112,2024,4,3.645
Belarus,112,2025,4,2.689
Belarus,112,2020,5,-1.647
Belarus,112,2021,5,-0.078
Belarus,112,2022,5,-0.865
Belarus,112,2023,5,0.005
Belarus,112,2024,5,2.082
Belarus,112,2025,5,-1.568
Belarus,112,2020,6,3.149
Belarus,112,2021,6,2.938
Belarus,112,2022,6,2.445
Belarus,112,2023,6,0.896
Belarus,112,2024,6,2.32
Belarus,112,2025,6,0.01
Belarus,112,2020,7,0.566
Belarus,112,2021,7,4.612
Belarus,112,2022,7,0.869
Belarus,112,2023,7,0.928
Belarus,112,2024,7,3.298
Belarus,112,2025,7,2.277
Belarus,112,2020,8,1.672
Belarus,112,2021,8,0.853
Belarus,112,2022,8,4.012
Belarus,112,2023,8,3.933
Belarus,112,2024,8,3.271
Belarus,112,2025,8,0.436
Belarus,112,2020,9,3.183
Belarus,112,2021,9,-0.977
Belarus,112,2022,9,-1.532
Belarus,112,2023,9,4.139
Belarus,112,2024,9,5.639
Belarus,112,2025,9,2.883
Belarus,112,2020,10,4.049
Belarus,112,2021,10,0.814
Belarus,112,2022,10,2.435
Belarus,112,2023,10,1.796
Belarus,112,2024,10,1.82
Belarus,112,2025,10,0.978
Belarus,112,2020,11,2.821
Belarus,112,2021,11,2.375
Belarus,112,2022,11,1.05
Belarus,112,2023,11,1.075
Belarus,112,2024,11,1.637
Belarus,112,2025,11,2.588
Belarus,112,2020,12,2.776
Belarus,112,2021,12,-0.064
Belarus,112,2022,12,0.862
Belarus,112,2023,12,2.757
Belarus,112,2024,12,3.729
Belarus,112,2025,12,3.996
Belgium,056,2020,1,3.605
Belgium,056,2021,1,1.066
Belgium,056,2022,1,2.384
Belgium,056,2023,1,3.332
Belgium,056,2024,1,1.703
Belgium,056,2025,1,1.751
Belgium,056,2020,2,4.322
Belgium,056,2021,2,2.272
Belgium,056,2022,2,3.795
Belgium,056,2023,2,3.1
Belgium,056,2024,2,5.683
Belgium,056,2025,2,1.521
Belgium,056,2020,3,1.841
Belgium,056,2021,3,1.599
Belgium,056,2022,3,2.658
Belgium,056,2023,3,2.12
Belgium,056,2024,3,3.735
Belgium,056,2025,3,2.836
Belgium,056,2020,4,3.793
Belgium,056,2021,4,-1.154
Belgium,056,2022,4,1.209
Belgium,056,2023,4,0.62
Belgium,056,2024,4,2.492
Belgium,056,2025,4,3.353
Belgium,056,2020,5,1.088
Belgium,056,2021,5,-0.904
Belgium,056,2022,5,2.795
Belgium,056,2023,5,1.448
Belgium,056,2024,5,2.738
Belgium,056,2025,5,1.922
Belgium,056,2020,6,1.888
Belgium,056,2021,6,3.268
Belgium,056,2022,6,2.773
Belgium,056,2023,6,4.186
Belgium,056,2024,6,0.989
Belgium,056,2025,6,3.651
Belgium,056,2020,7,1.313
Belgium,056,2021,7,1.304
Belgium,056,2022,7,2.959
Belgium,056,2023,7,1.952
Belgium,056,2024,7,1.922
Belgium,056,2025,7,2.375
Belgium,056,2020,8,4.132
Belgium,056,2021,8,0.378
Belgium,056,2022,8,4.459
Belgium,056,2023,8,1.784
Belgium,056,2024,8,3.35
Belgium,056,2025,8,2.372
Belgium,056,2020,9,2.103
Belgium,056,2021,9,2.281
Belgium,056,2022,9,0.891
Belgium,056,2023,9,4.343
Belgium,056,2024,9,1.549
Belgium,056,2025,9,1.12
Belgium,056,2020,10,1.012
Belgium,056,2021,10,1.109
Belgium,056,2022,10,3.855
Belgium,056,2023,10,3.252
Belgium,056,2024,10,2.15
Belgium,056,2025,10,1.345
Belgium,056,2020,11,2.784
Belgium,056,2021,11,0.731
Belgium,056,2022,11,3.251
Belgium,056,2023,11,2.004
Belgium,056,2024,11,1.468
Belgium,056,2025,11,2.062
Belgium,056,2020,12,2.34
Belgium,056,2021,12,2.418
Belgium,056,2022,12,0.965
Belgium,056,2023,12,3.465
Belgium,056,2024,12,1.967
Belgium,056,2025,12,2.709
Belize,084,2020,1,2.486
Belize,084,2021,1,2.215
Belize,084,2022,1,1.771
Belize,084,2023,1,2.822
Belize,084,2024,1,3.21
Belize,084,2025,1,2.314
Belize,084,2020,2,2.898
Belize,084,2021,2,2.519
Belize,084,2022,2,2.209
Belize,084,2023,2,3.065
Belize,084,2024,2,1.703
Belize,084,2025,2,3.126
Belize,084,2020,3,2.568
Belize,084,2021,3,2.249
Belize,084,2022,3,2.149
Belize,084,2023,3,2.809
Belize,084,2024,3,3.685
Belize,084,2025,3,2.628
Belize,084,2020,4,3.359
Belize,084,2021,4,1.49
Belize,084,2022,4,1.702
Belize,084,2023,4,1.986
Belize,084,2024,4,3.071
Belize,084,2025,4,1.392
Belize,084,2020,5,1.67
Belize,084,2021,5,1.498
Belize,084,2022,5,0.837
Belize,084,2023,5,1.463
Belize,084,2024,5,3.213
Belize,084,2025,5,2.429
Belize,084,2020,6,0.462
Belize,084,2021,6,0.386
Belize,084,2022,6,-0.518
Belize,084,2023,6,1.382
Belize,084,2024,6,0.827
Belize,084,2025,6,0.044
Belize,084,2020,7,1.22
Belize,084,2021,7,0.381
Belize,084,2022,7,0.106
Belize,084,2023,7,1.525
Belize,084,2024,7,1.316
Belize,084,2025,7,0.618
Belize,084,2020,8,0.687
Belize,084,2021,8,0.402
Belize,084,2022,8,-0.313
Belize,084,2023,8,0.989
Belize,084,2024,8,0.339
Belize,084,2025,8,0.646
Belize,084,2020,9,0.829
Belize,084,2021,9,-0.035
Belize,084,2022,9,-0.284
Belize,084,2023,9,0.776
Belize,084,2024,9,0.991
Belize,084,2025,9,0.07
Belize,084,2020,10,0.86
Belize,084,2021,10,1.007
Belize,084,2022,10,0.438
Belize,084,2023,10,1.554
Belize,084,2024,10,0.197
Belize,084,2025,10,0.762
Belize,084,2020,11,1.009
Belize,084,2021,11,1.209
Belize,084,2022,11,1.732
Belize,084,2023,11,1.757
Belize,084,2024,11,1.355
Belize,084,2025,11,0.833
Belize,084,2020,12,1.366
Belize,084,2021,12,2.265
Belize,084,2022,12,2.355
Belize,084,2023,12,1.89
Belize,084,2024,12,1.917
Belize,084,2025,12,2.524
Benin,204,2020,1,0.42
Benin,204,2021,1,1.864
Benin,204,2022,1,0.421
Benin,204,2023,1,0.827
Benin,204,2024,1,1.448
Benin,204,2025,1,1.391
Benin,204,2020,2,0.754
Benin,204,2021,2,0.6
Benin,204,2022,2,0.726
Benin,204,2023,2,1.187
Benin,204,2024,2,1.421
Benin,204,2025,2,1.521
Benin,204,2020,3,1.65
Benin,204,2021,3,1.383
Benin,204,2022,3,1.9
Benin,204,2023,3,1.041
Benin,204,2024,3,2.575
Benin,204,2025,3,2.268
Benin,204,2020,4,1.537
Benin,204,2021,4,1.762
Benin,204,2022,4,0.869
Benin,204,2023,4,1.198
Benin,204,2024,4,1.94
Benin,204,2025,4,1.707
Benin,204,2020,5,1.438
Benin,204,2021,5,2.033
Benin,204,2022,5,1.07
Benin,204,2023,5,1.616
Benin,204,2024,5,1.871
Benin,204,2025,5,1.388
Benin,204,2020,6,1.186
Benin,204,2021,6,1.551
Benin,204,2022,6,0.726
Benin,204,2023,6,1.45
Benin,204,2024,6,1.523
Benin,204,2025,6,1.664
Benin,204,2020,7,1.014
Benin,204,2021,7,1.462
Benin,204,2022,7,1.162
Benin,204,2023,7,2.026
Benin,204,2024,7,1.473
Benin,204,2025,7,0.996
Benin,204,2020,8,0.896
Benin,204,2021,8,1.293
Benin,204,2022,8,0.78
Benin,204,2023,8,1.331
Benin,204,2024,8,1.419
Benin,204,2025,8,0.808
Benin,204,2020,9,0.521
Benin,204,2021,9,1.328
Benin,204,2022,9,0.537
Benin,204,2023,9,1.584
Benin,204,2024,9,1.24
Benin,204,2025,9,1.182
Benin,204,2020,10,0.981
Benin,204,2021,10,1.756
Benin,204,2022,10,0.689
Benin,204,2023,10,1.768
Benin,204,2024,10,1.061
Benin,204,2025,10,0.809
Benin,204,2020,11,1.189
Benin,204,2021,11,1.907
Benin,204,2022,11,1.079
Benin,204,2023,11,2.291
Benin,204,2024,11,0.534
Benin,204,2025,11,1.359
Benin,204,2020,12,1.859
Benin,204,2021,12,1.318
Benin,204,2022,12,0.764
Benin,204,2023,12,1.01
Benin,204,2024,12,0.352
Benin,204,2025,12,2.224
Bhutan,064,2020,1,0.839
Bhutan,064,2021,1,2.679
Bhutan,064,2022,1,0.959
Bhutan,064,2023,1,2.368
Bhutan,064,2024,1,0.592
Bhutan,064,2025,1,2.94
Bhutan,064,2020,2,0.977
Bhutan,064,2021,2,1.7
Bhutan,064,2022,2,-1.171
Bhutan,064,2023,2,2.589
Bhutan,064,2024,2,1.109
Bhutan,064,2025,2,1.974
Bhutan,064,2020,3,0.92
Bhutan,064,2021,3,2.179
Bhutan,064,2022,3,3.22
Bhutan,064,2023,3,1.262
Bhutan,064,2024,3,1.422
Bhutan,064,2025,3,2.577
Bhutan,064,2020,4,-0.292
Bhutan,064,2021,4,1.176
Bhutan,064,2022,4,1.362
Bhutan,064,2023,4,1.295
Bhutan,064,2024,4,2.08
Bhutan,064,2025,4,1.826
Bhutan,064,2020,5,0.015
Bhutan,064,2021,5,1.114
Bhutan,064,2022,5,1.152
Bhutan,064,2023,5,1.025
Bhutan,064,2024,5,1.947
Bhutan,064,2025,5,1.197
Bhutan,064,2020,6,1.751
Bhutan,064,2021,6,1.988
Bhutan,064,2022,6,1.141
Bhutan,064,2023,6,1.796
Bhutan,064,2024,6,1.862
Bhutan,064,2025,6,2.034
Bhutan,064,2020,7,1.393
Bhutan,064,2021,7,1.617
Bhutan,064,2022,7,2.769
Bhutan,064,2023,7,1.952
Bhutan,064,2024,7,2.085
Bhutan,064,2025,7,2.478
Bhutan,064,2020,8,2.014
Bhutan,064,2021,8,1.346
Bhutan,064,2022,8,2.693
Bhutan,064,2023,8,1.731
Bhutan,064,2024,8,1.615
Bhutan,064,2025,8,1.272
Bhutan,064,2020,9,1.938
Bhutan,064,2021,9,1.893
Bhutan,064,2022,9,1.648
Bhutan,064,2023,9,2.758
Bhutan,064,2024,9,2.671
Bhutan,064,2025,9,2.28
Bhutan,064,2020,10,3.315
Bhutan,064,2021,10,2.923
Bhutan,064,2022,10,1.642
Bhutan,064,2023,10,1.544
Bhutan,064,2024,10,1.545
Bhutan,064,2025,10,2.149
Bhutan,064,2020,11,1.661
Bhutan,064,2021,11,1.744
Bhutan,064,2022,11,2.071
Bhutan,064,2023,11,2.205
Bhutan,064,2024,11,2.367
Bhutan,064,2025,11,2.166
Bhutan,064,2020,12,1.885
Bhutan,064,2021,12,1.816
Bhutan,064,2022,12,2.396
Bhutan,064,2023,12,2.66
Bhutan,064,2024,12,2.023
Bhutan,064,2025,12,1.897
Bolivia (Plurinational State of),068,2020,1,1.807
Bolivia (Plurinational State of),068,2021,1,0.467
Bolivia (Plurinational State of),068,2022,1,1.692
Bolivia (Plurinational State of),068,2023,1,0.975
Bolivia (Plurinational State of),068,2024,1,2.395
Bolivia (Plurinational State of),068,2025,1,1.015
Bolivia (Plurinational State of),068,2020,2,1.047
Bolivia (Plurinational State of),068,2021,2,0.597
Bolivia (Plurinational State of),068,2022,2,1.028
Bolivia (Plurinational State of),068,2023,2,0.718
Bolivia (Plurinational State of),068,2024,2,1.782
Bolivia (Plurinational State of),068,2025,2,1.632
Bolivia (Plurinational State of),068,2020,3,2.355
Bolivia (Plurinational State of),068,2021,3,0.679
Bolivia (Plurinational State of),068,2022,3,0.629
Bolivia (Plurinational State of),068,2023,3,1.491
Bolivia (Plurinational State of),068,2024,3,2.531
Bolivia (Plurinational State of),068,2025,3,0.527
Bolivia (Plurinational State of),068,2020,4,1.294
Bolivia (Plurinational State of),068,2021,4,0.835
Bolivia (Plurinational State of),068,2022,4,1.544
Bolivia (Plurinational State of),068,2023,4,1.27
Bolivia (Plurinational State of),068,2024,4,2.848
Bolivia (Plurinational State of),068,2025,4,0.345
Bolivia (Plurinational State of),068,2020,5,0.442
Bolivia (Plurinational State of),068,2021,5,0.285
Bolivia (Plurinational State of),068,2022,5,-0.178
Bolivia (Plurinational State of),068,2023,5,1.159
Bolivia (Plurinational State of),068,2024,5,0.033
Bolivia (Plurinational State of),068,2025,5,1.376
Bolivia (Plurinational State of),068,2020,6,1.093
Bolivia (Plurinational State of),068,2021,6,-0.173
Bolivia (Plurinational State of),068,2022,6,0.108
Bolivia (Plurinational State of),068,2023,6,1.717
Bolivia (Plurinational State of),068,2024,6,3.351
Bolivia (Plurinational State of),068,2025,6,-0.035
Bolivia (Plurinational State of),068,2020,7,0.595
Bolivia (Plurinational State of),068,2021,7,0.602
Bolivia (Plurinational State of),068,2022,7,2.859
Bolivia (Plurinational State of),068,2023,7,3.113
Bolivia (Plurinational State of),068,2024,7,0.851
Bolivia (Plurinational State of),068,2025,7,0.183
Bolivia (Plurinational State of),068,2020,8,1.286
Bolivia (Plurinational State of),068,2021,8,0.993
Bolivia (Plurinational State of),068,2022,8,0.288
Bolivia (Plurinational State of),068,2023,8,3.366
Bolivia (Plurinational State of),068,2024,8,1.838
Bolivia (Plurinational State of),068,2025,8,0.138
Bolivia (Plurinational State of),068,2020,9,1.085
Bolivia (Plurinational State of),068,2021,9,2.219
Bolivia (Plurinational State of),068,2022,9,-0.122
Bolivia (Plurinational State of),068,2023,9,2.956
Bolivia (Plurinational State of),068,2024,9,2.942
Bolivia (Plurinational State of),068,2025,9,1.613
Bolivia (Plurinational State of),068,2020,10,1.939
Bolivia (Plurinational State of),068,2021,10,1.203
Bolivia (Plurinational State of),068,2022,10,-0.076
Bolivia (Plurinational State of),068,2023,10,3.386
Bolivia (Plurinational State of),068,2024,10,2.307
Bolivia (Plurinational State of),068,2025,10,-0.364
Bolivia (Plurinational State of),068,2020,11,1.51
Bolivia (Plurinational State of),068,2021,11,0.378
Bolivia (Plurinational State of),068,2022,11,0.128
Bolivia (Plurinational State of),068,2023,11,3.135
Bolivia (Plurinational State of),068,2024,11,1.556
Bolivia (Plurinational State of),068,2025,11,0.194
Bolivia (Plurinational State of),068,2020,12,1.048
Bolivia (Plurinational State of),068,2021,12,0.808
Bolivia (Plurinational State of),068,2022,12,1.186
Bolivia (Plurinational State of),068,2023,12,2.303
Bolivia (Plurinational State of),068,2024,12,1.107
Bolivia (Plurinational State of),068,2025,12,0.313
Bosnia and Herzegovina,070,2020,1,2.174
Bosnia and Herzegovina,070,2021,1,1.712
Bosnia and Herzegovina,070,2022,1,1.388
Bosnia and Herzegovina,070,2023,1,3.685
Bosnia and Herzegovina,070,2024,1,2.901
Bosnia and Herzegovina,070,2025,1,3.673
Bosnia and Herzegovina,070,2020,2,3.661
Bosnia and Herzegovina,070,2021,2,3.239
Bosnia and Herzegovina,070,2022,2,2.746
Bosnia and Herzegovina,070,2023,2,1.299
Bosnia and Herzegovina,070,2024,2,5.893
Bosnia and Herzegovina,070,2025,2,1.163
Bosnia and Herzegovina,070,2020,3,1.871
Bosnia and Herzegovina,070,2021,3,0.262
Bosnia and Herzegovina,070,2022,3,-0.273
Bosnia and Herzegovina,070,2023,3,2.446
Bosnia and Herzegovina,070,2024,3,4.055
Bosnia and Herzegovina,070,2025,3,3.272
Bosnia and Herzegovina,070,2020,4,1.762
Bosnia and Herzegovina,070,2021,4,-1.104
Bosnia and Herzegovina,070,2022,4,0.21
Bosnia and Herzegovina,070,2023,4,-0.232
Bosnia and Herzegovina,070,2024,4,3.332
Bosnia and Herzegovina,070,2025,4,2.35
Bosnia and Herzegovina,070,2020,5,0.767
Bosnia and Herzegovina,070,2021,5,0.425
Bosnia and Herzegovina,070,2022,5,3.244
Bosnia and Herzegovina,070,2023,5,1.205
Bosnia and Herzegovina,070,2024,5,2.238
Bosnia and Herzegovina,070,2025,5,0.378
Bosnia and Herzegovina,070,2020,6,0.59
Bosnia and Herzegovina,070,2021,6,2.979
Bosnia and Herzegovina,070,2022,6,4.359
Bosnia and Herzegovina,070,2023,6,1.809
Bosnia and Herzegovina,070,2024,6,3.745
Bosnia and Herzegovina,070,2025,6,4.342
Bosnia and Herzegovina,070,2020,7,1.569
Bosnia and Herzegovina,070,2021,7,3.53
Bosnia and Herzegovina,070,2022,7,3.394
Bosnia and Herzegovina,070,2023,7,3.431
Bosnia and Herzegovina,070,2024,7,4.643
Bosnia and Herzegovina,070,2025,7,2.847
Bosnia and Herzegovina,070,2020,8,2.78
Bosnia and Herzegovina,070,2021,8,2.302
Bosnia and Herzegovina,070,2022,8,2.848
Bosnia and Herzegovina,070,2023,8,2.53
Bosnia and Herzegovina,070,2024,8,5.202
Bosnia and Herzegovina,070,2025,8,2.363
Bosnia and Herzegovina,070,2020,9,2.453
Bosnia and Herzegovina,070,2021,9,1.544
Bosnia and Herzegovina,070,2022,9,0.432
Bosnia and Herzegovina,070,2023,9,3.601
Bosnia and Herzegovina,070,2024,9,1.557
Bosnia and Herzegovina,070,2025,9,2.594
Bosnia and Herzegovina,070,2020,10,1.113
Bosnia and Herzegovina,070,2021,10,-0.416
Bosnia and Herzegovina,070,2022,10,3.246
Bosnia and Herzegovina,070,2023,10,4.521
Bosnia and Herzegovina,070,2024,10,3.013
Bosnia and Herzegovina,070,2025,10,-0.272
Bosnia and Herzegovina,070,2020,11,1.006
Bosnia and Herzegovina,070,2021,11,1.635
Bosnia and Herzegovina,070,2022,11,2.088
Bosnia and Herzegovina,070,2023,11,1.476
Bosnia and Herzegovina,070,2024,11,0.172
Bosnia and Herzegovina,070,2025,11,0.977
Bosnia and Herzegovina,070,2020,12,2.686
Bosnia and Herzegovina,070,2021,12,1.075
Bosnia and Herzegovina,070,2022,12,3.603
Bosnia and Herzegovina,070,2023,12,3.203
Bosnia and Herzegovina,070,2024,12,1.378
Bosnia and Herzegovina,070,2025,12,1.85
Botswana,072,2020,1,0.899
Botswana,072,2021,1,-1.37
Botswana,072,2022,1,-1.487
Botswana,072,2023,1,-0.482
Botswana,072,2024,1,-0.049
Botswana,072,2025,1,-1.203
Botswana,072,2020,2,0.071
Botswana,072,2021,2,-2.08
Botswana,072,2022,2,-0.156
Botswana,072,2023,2,-0.771
Botswana,072,2024,2,2.947
Botswana,072,2025,2,1.116
Botswana,072,2020,3,-0.667
Botswana,072,2021,3,-0.809
Botswana,072,2022,3,-0.336
Botswana,072,2023,3,0.058
Botswana,072,2024,3,2.547
Botswana,072,2025,3,0.128
Botswana,072,2020,4,0.372
Botswana,072,2021,4,-0.288
Botswana,072,2022,4,-0.525
Botswana,072,2023,4,1.361
Botswana,072,2024,4,1.55
Botswana,072,2025,4,0.202
Botswana,072,2020,5,0.214
Botswana,072,2021,5,-0.144
Botswana,072,2022,5,-0.635
Botswana,072,2023,5,1.968
Botswana,072,2024,5,3.228
Botswana,072,2025,5,-0.078
Botswana,072,2020,6,0.239
Botswana,072,2021,6,0.196
Botswana,072,2022,6,-0.156
Botswana,072,2023,6,1.982
Botswana,072,2024,6,0.959
Botswana,072,2025,6,0.247
Botswana,072,2020,7,-0.189
Botswana,072,2021,7,-0.605
Botswana,072,2022,7,1.564
Botswana,072,2023,7,-0.026
Botswana,072,2024,7,1.171
Botswana,072,2025,7,1.155
Botswana,072,2020,8,0.382
Botswana,072,2021,8,0.848
Botswana,072,2022,8,0.947
Botswana,072,2023,8,1.448
Botswana,072,2024,8,2.081
Botswana,072,2025,8,0.867
Botswana,072,2020,9,0.62
Botswana,072,2021,9,1.226
Botswana,072,2022,9,1.269
Botswana,072,2023,9,1.74
Botswana,072,2024,9,1.535
Botswana,072,2025,9,1.611
Botswana,072,2020,10,0.84
Botswana,072,2021,10,-1.019
Botswana,072,2022,10,1.791
Botswana,072,2023,10,1.391
Botswana,072,2024,10,0.667
Botswana,072,2025,10,-0.022
Botswana,072,2020,11,0.221
Botswana,072,2021,11,1.258
Botswana,072,2022,11,-0.887
Botswana,072,2023,11,1.828
Botswana,072,2024,11,1.422
Botswana,072,2025,11,-0.92
Botswana,072,2020,12,-1.07
Botswana,072,2021,12,-0.36
Botswana,072,2022,12,0.159
Botswana,072,2023,12,1.108
Botswana,072,2024,12,2.215
Botswana,072,2025,12,-0.601
Brazil,076,2020,1,1.326
Brazil,076,2021,1,1.134
Brazil,076,2022,1,1.083
Brazil,076,2023,1,0.549
Brazil,076,2024,1,1.684
Brazil,076,2025,1,1.253
Brazil,076,2020,2,1.051
Brazil,076,2021,2,0.662
Brazil,076,2022,2,1.114
Brazil,076,2023,2,0.819
Brazil,076,2024,2,1.727
Brazil,076,2025,2,1.547
Brazil,076,2020,3,1.335
Brazil,076,2021,3,0.737
Brazil,076,2022,3,0.788
Brazil,076,2023,3,1.056
Brazil,076,2024,3,2.118
Brazil,076,2025,3,1.601
Brazil,076,2020,4,1.205
Brazil,076,2021,4,0.922
Brazil,076,2022,4,1.15
Brazil,076,2023,4,1.071
Brazil,076,2024,4,2.365
Brazil,076,2025,4,1.465
Brazil,076,2020,5,0.789
Brazil,076,2021,5,0.831
Brazil,076,2022,5,0.425
Brazil,076,2023,5,1.432
Brazil,076,2024,5,1.752
Brazil,076,2025,5,1.624
Brazil,076,2020,6,1.618
Brazil,076,2021,6,1.042
Brazil,076,2022,6,0.676
Brazil,076,2023,6,1.41
Brazil,076,2024,6,2.533
Brazil,076,2025,6,1.135
Brazil,076,2020,7,1.509
Brazil,076,2021,7,0.776
Brazil,076,2022,7,2.01
Brazil,076,2023,7,2.078
Brazil,076,2024,7,1.538
Brazil,076,2025,7,0.888
Brazil,076,2020,8,1.498
Brazil,076,2021,8,1.565
Brazil,076,2022,8,0.935
Brazil,076,2023,8,2.48
Brazil,076,2024,8,1.785
Brazil,076,2025,8,1.223
Brazil,076,2020,9,2.071
Brazil,076,2021,9,2.483
Brazil,076,2022,9,0.941
Brazil,076,2023,9,2.946
Brazil,076,2024,9,2.665
Brazil,076,2025,9,1.803
Brazil,076,2020,10,1.902
Brazil,076,2021,10,1.432
Brazil,076,2022,10,1.292
Brazil,076,2023,10,2.692
Brazil,076,2024,10,2.356
Brazil,076,2025,10,1.1
Brazil,076,2020,11,1.273
Brazil,076,2021,11,0.882
Brazil,076,2022,11,0.183
Brazil,076,2023,11,2.577
Brazil,076,2024,11,1.529
Brazil,076,2025,11,1.313
Brazil,076,2020,12,1.286
Brazil,076,2021,12,0.983
Brazil,076,2022,12,0.792
Brazil,076,2023,12,2.391
Brazil,076,2024,12,1.37
Brazil,076,2025,12,1.32
British Virgin Islands,092,2020,1,0.95
British Virgin Islands,092,2021,1,0.966
British Virgin Islands,092,2022,1,0.975
British Virgin Islands,092,2023,1,0.819
British Virgin Islands,092,2024,1,1.875
British Virgin Islands,092,2025,1,1.469
British Virgin Islands,092,2020,2,1.248
British Virgin Islands,092,2021,2,1.278
British Virgin Islands,092,2022,2,0.614
British Virgin Islands,092,2023,2,0.551
British Virgin Islands,092,2024,2,1.091
British Virgin Islands,092,2025,2,1.628
British Virgin Islands,092,2020,3,0.538
British Virgin Islands,092,2021,3,0.926
British Virgin Islands,092,2022,3,0.689
British Virgin Islands,092,2023,3,0.527
British Virgin Islands,092,2024,3,1.684
British Virgin Islands,092,2025,3,1.52
British Virgin Islands,092,2020,4,1.283
British Virgin Islands,092,2021,4,0.688
British Virgin Islands,092,2022,4,0.374
British Virgin Islands,092,2023,4,0.522
British Virgin Islands,092,2024,4,1.377
British Virgin Islands,092,2025,4,0.857
British Virgin Islands,092,2020,5,1.586
British Virgin Islands,092,2021,5,0.819
British Virgin Islands,092,2022,5,0.813
British Virgin Islands,092,2023,5,1.18
British Virgin Islands,092,2024,5,1.708
British Virgin Islands,092,2025,5,0.887
British Virgin Islands,092,2020,6,1.698
British Virgin Islands,092,2021,6,0.334
British Virgin Islands,092,2022,6,0.943
British Virgin Islands,092,2023,6,1.622
British Virgin Islands,092,2024,6,1.91
British Virgin Islands,092,2025,6,1.11
British Virgin Islands,092,2020,7,1.31
British Virgin Islands,092,2021,7,0.862
British Virgin Islands,092,2022,7,0.755
British Virgin Islands,092,2023,7,1.796
British Virgin Islands,092,2024,7,1.582
British Virgin Islands,092,2025,7,1.062
British Virgin Islands,092,2020,8,1.485
British Virgin Islands,092,2021,8,0.733
British Virgin Islands,092,2022,8,1.214
British Virgin Islands,092,2023,8,1.847
British Virgin Islands,092,2024,8,1.318
British Virgin Islands,092,2025,8,1.554
British Virgin Islands,092,2020,9,1.237
British Virgin Islands,092,2021,9,0.927
British Virgin Islands,092,2022,9,0.936
British Virgin Islands,092,2023,9,2.344
British Virgin Islands,092,2024,9,1.558
British Virgin Islands,092,2025,9,0.796
British Virgin Islands,092,2020,10,0.765
British Virgin Islands,092,2021,10,0.724
British Virgin Islands,092,2022,10,0.93
British Virgin Islands,092,2023,10,1.613
British Virgin Islands,092,2024,10,1.788
British Virgin Islands,092,2025,10,0.87
British Virgin Islands,092,2020,11,0.544
British Virgin Islands,092,2021,11,0.776
British Virgin Islands,092,2022,11,0.835
British Virgin Islands,092,2023,11,1.603
British Virgin Islands,092,2024,11,0.941
British Virgin Islands,092,2025,11,0.603
British Virgin Islands,092,2020,12,0.643
British Virgin Islands,092,2021,12,1.422
British Virgin Islands,092,2022,12,0.715
British Virgin Islands,092,2023,12,1.231
British Virgin Islands,092,2024,12,1.465
British Virgin Islands,092,2025,12,1.227
Brunei Darussalam,096,2020,1,1.462
Brunei Darussalam,096,2021,1,1.013
Brunei Darussalam,096,2022,1,1.268
Brunei Darussalam,096,2023,1,1.126
Brunei Darussalam,096,2024,1,2.079
Brunei Darussalam,096,2025,1,1.371
Brunei Darussalam,096,2020,2,1.475
Brunei Darussalam,096,2021,2,0.66
Brunei Darussalam,096,2022,2,1.117
Brunei Darussalam,096,2023,2,1.229
Brunei Darussalam,096,2024,2,1.795
Brunei Darussalam,096,2025,2,1.061
Brunei Darussalam,096,2020,3,1.461
Brunei Darussalam,096,2021,3,0.874
Brunei Darussalam,096,2022,3,0.902
Brunei Darussalam,096,2023,3,0.724
Brunei Darussalam,096,2024,3,2.058
Brunei Darussalam,096,2025,3,1.239
Brunei Darussalam,096,2020,4,1.376
Brunei Darussalam,096,2021,4,0.747
Brunei Darussalam,096,2022,4,0.922
Brunei Darussalam,096,2023,4,1.208
Brunei Darussalam,096,2024,4,1.841
Brunei Darussalam,096,2025,4,0.938
Brunei Darussalam,096,2020,5,1.54
Brunei Darussalam,096,2021,5,1.001
Brunei Darussalam,096,2022,5,1.18
Brunei Darussalam,096,2023,5,1.469
Brunei Darussalam,096,2024,5,1.697
Brunei Darussalam,096,2025,5,1.331
Brunei Darussalam,096,2020,6,1.242
Brunei Darussalam,096,2021,6,1.053
Brunei Darussalam,096,2022,6,0.998
Brunei Darussalam,096,2023,6,1.484
Brunei Darussalam,096,2024,6,1.26
Brunei Darussalam,096,2025,6,1.409
Brunei Darussalam,096,2020,7,1.331
Brunei Darussalam,096,2021,7,1.304
Brunei Darussalam,096,2022,7,1.326
Brunei Darussalam,096,2023,7,1.227
Brunei Darussalam,096,2024,7,1.817
Brunei Darussalam,096,2025,7,1.882
Brunei Darussalam,096,2020,8,1.495
Brunei Darussalam,096,2021,8,1.102
Brunei Darussalam,096,2022,8,1.249
Brunei Darussalam,096,2023,8,1.571
Brunei Darussalam,096,2024,8,1.289
Brunei Darussalam,096,2025,8,0.978
Brunei Darussalam,096,2020,9,1.497
Brunei Darussalam,096,2021,9,1.153
Brunei Darussalam,096,2022,9,0.859
Brunei Darussalam,096,2023,9,1.426
Brunei Darussalam,096,2024,9,1.338
Brunei Darussalam,096,2025,9,1.251
Brunei Darussalam,096,2020,10,1.152
Brunei Darussalam,096,2021,10,1.46
Brunei Darussalam,096,2022,10,1.203
Brunei Darussalam,096,2023,10,1.714
Brunei Darussalam,096,2024,10,1.418
Brunei Darussalam,096,2025,10,1.239
Brunei Darussalam,096,2020,11,1.187
Brunei Darussalam,096,2021,11,1.444
Brunei Darussalam,096,2022,11,0.962
Brunei Darussalam,096,2023,11,1.723
Brunei Darussalam,096,2024,11,1.766
Brunei Darussalam,096,2025,11,1.197
Brunei Darussalam,096,2020,12,1.183
Brunei Darussalam,096,2021,12,1.511
Brunei Darussalam,096,2022,12,0.746
Brunei Darussalam,096,2023,12,2.101
Brunei Darussalam,096,2024,12,1.568
Brunei Darussalam,096,2025,12,1.298
Bulgaria,100,2020,1,2.433
Bulgaria,100,2021,1,3.745
Bulgaria,100,2022,1,2.473
Bulgaria,100,2023,1,5.562
Bulgaria,100,2024,1,3.068
Bulgaria,100,2025,1,4.611
Bulgaria,100,2020,2,4.091
Bulgaria,100,2021,2,2.964
Bulgaria,100,2022,2,3.176
Bulgaria,100,2023,2,2.437
Bulgaria,100,2024,2,6.508
Bulgaria,100,2025,2,-0.89
Bulgaria,100,2020,3,3.068
Bulgaria,100,2021,3,0.241
Bulgaria,100,2022,3,-1.018
Bulgaria,100,2023,3,2.976
Bulgaria,100,2024,3,4.016
Bulgaria,100,2025,3,4.685
Bulgaria,100,2020,4,0.185
Bulgaria,100,2021,4,-0.891
Bulgaria,100,2022,4,0.86
Bulgaria,100,2023,4,-0.072
Bulgaria,100,2024,4,4.01
Bulgaria,100,2025,4,0.621
Bulgaria,100,2020,5,0.468
Bulgaria,100,2021,5,1.055
Bulgaria,100,2022,5,1.265
Bulgaria,100,2023,5,-0.095
Bulgaria,100,2024,5,0.333
Bulgaria,100,2025,5,-0.236
Bulgaria,100,2020,6,0.797
Bulgaria,100,2021,6,0.965
Bulgaria,100,2022,6,2.245
Bulgaria,100,2023,6,0.992
Bulgaria,100,2024,6,4.39
Bulgaria,100,2025,6,3.12
Bulgaria,100,2020,7,1.628
Bulgaria,100,2021,7,3.058
Bulgaria,100,2022,7,2.258
Bulgaria,100,2023,7,3.106
Bulgaria,100,2024,7,4.474
Bulgaria,100,2025,7,3.648
Bulgaria,100,2020,8,2.366
Bulgaria,100,2021,8,2.722
Bulgaria,100,2022,8,2.835
Bulgaria,100,2023,8,3.3
Bulgaria,100,2024,8,3.887
Bulgaria,100,2025,8,2.224
Bulgaria,100,2020,9,3.315
Bulgaria,100,2021,9,0.738
Bulgaria,100,2022,9,0.947
Bulgaria,100,2023,9,3.756
Bulgaria,100,2024,9,2.166
Bulgaria,100,2025,9,2.508
Bulgaria,100,2020,10,3.079
Bulgaria,100,2021,10,-0.871
Bulgaria,100,2022,10,2.193
Bulgaria,100,2023,10,4.465
Bulgaria,100,2024,10,1.757
Bulgaria,100,2025,10,0.045
Bulgaria,100,2020,11,0.092
Bulgaria,100,2021,11,1.829
Bulgaria,100,2022,11,2.898
Bulgaria,100,2023,11,2.422
Bulgaria,100,2024,11,-0.781
Bulgaria,100,2025,11,3.298
Bulgaria,100,2020,12,3.46
Bulgaria,100,2021,12,2.083
Bulgaria,100,2022,12,3.221
Bulgaria,100,2023,12,3.421
Bulgaria,100,2024,12,2.508
Bulgaria,100,2025,12,2.157
Burkina Faso,854,2020,1,0.163
Burkina Faso,854,2021,1,2.109
Burkina Faso,854,2022,1,-0.157
Burkina Faso,854,2023,1,0.318
Burkina Faso,854,2024,1,1.366
Burkina Faso,854,2025,1,1.09
Burkina Faso,854,2020,2,0.277
Burkina Faso,854,2021,2,0.578
Burkina Faso,854,2022,2,0.335
Burkina Faso,854,2023,2,1.303
Burkina Faso,854,2024,2,1.076
Burkina Faso,854,2025,2,1.193
Burkina Faso,854,2020,3,2.011
Burkina Faso,854,2021,3,1.515
Burkina Faso,854,2022,3,1.852
Burkina Faso,854,2023,3,1.517
Burkina Faso,854,2024,3,3.163
Burkina Faso,854,2025,3,3.009
Burkina Faso,854,2020,4,2.23
Burkina Faso,854,2021,4,1.942
Burkina Faso,854,2022,4,1.164
Burkina Faso,854,2023,4,1.443
Burkina Faso,854,2024,4,2.934
Burkina Faso,854,2025,4,2.154
Burkina Faso,854,2020,5,1.874
Burkina Faso,854,2021,5,1.995
Burkina Faso,854,2022,5,1.356
Burkina Faso,854,2023,5,1.632
Burkina Faso,854,2024,5,2.72
Burkina Faso,854,2025,5,1.706
Burkina Faso,854,2020,6,1.324
Burkina Faso,854,2021,6,1.316
Burkina Faso,854,2022,6,0.66
Burkina Faso,854,2023,6,1.661
Burkina Faso,854,2024,6,2.072
Burkina Faso,854,2025,6,1.447
Burkina Faso,854,2020,7,1.227
Burkina Faso,854,2021,7,1.112
Burkina Faso,854,2022,7,1.011
Burkina Faso,854,2023,7,1.759
Burkina Faso,854,2024,7,1.293
Burkina Faso,854,2025,7,0.712
Burkina Faso,854,2020,8,0.636
Burkina Faso,854,2021,8,0.834
Burkina Faso,854,2022,8,0.655
Burkina Faso,854,2023,8,1.21
Burkina Faso,854,2024,8,1.144
Burkina Faso,854,2025,8,0.599
Burkina Faso,854,2020,9,0.723
Burkina Faso,854,2021,9,1.655
Burkina Faso,854,2022,9,0.33
Burkina Faso,854,2023,9,1.76
Burkina Faso,854,2024,9,0.631
Burkina Faso,854,2025,9,0.792
Burkina Faso,854,2020,10,0.375
Burkina Faso,854,2021,10,1.789
Burkina Faso,854,2022,10,0.457
Burkina Faso,854,2023,10,1.75
Burkina Faso,854,2024,10,0.603
Burkina Faso,854,2025,10,0.873
Burkina Faso,854,2020,11,0.518
Burkina Faso,854,2021,11,2.053
Burkina Faso,854,2022,11,0.351
Burkina Faso,854,2023,11,2.216
Burkina Faso,854,2024,11,-0.063
Burkina Faso,854,2025,11,1.406
Burkina Faso,854,2020,12,2.435
Burkina Faso,854,2021,12,1.403
Burkina Faso,854,2022,12,0.836
Burkina Faso,854,2023,12,0.309
Burkina Faso,854,2024,12,0.082
Burkina Faso,854,2025,12,2.184
Cabo Verde,132,2022,1,1.626
Cabo Verde,132,2023,1,2.156
Cabo Verde,132,2024,1,3.076
Cabo Verde,132,2025,1,1.876
Cabo Verde,132,2021,2,1.035
Cabo Verde,132,2022,2,1.775
Cabo Verde,132,2023,2,0.615
Cabo Verde,132,2024,2,3.385
Cabo Verde,132,2025,2,1.305
Cabo Verde,132,2021,3,0.547
Cabo Verde,132,2022,3,0.687
Cabo Verde,132,2023,3,2.077
Cabo Verde,132,2024,3,1.617
Cabo Verde,132,2025,3,0.747
Cabo Verde,132,2021,4,1.473
Cabo Verde,132,2022,4,1.133
Cabo Verde,132,2023,4,2.503
Cabo Verde,132,2024,4,2.843
Cabo Verde,132,2025,4,1.293
Cabo Verde,132,2021,5,1.475
Cabo Verde,132,2022,5,1.515
Cabo Verde,132,2023,5,2.435
Cabo Verde,132,2024,5,2.245
Cabo Verde,132,2025,5,1.635
Cabo Verde,132,2021,6,1.631
Cabo Verde,132,2022,6,1.901
Cabo Verde,132,2023,6,3.291
Cabo Verde,132,2024,6,1.861
Cabo Verde,132,2025,6,1.801
Cabo Verde,132,2021,7,1.338
Cabo Verde,132,2022,7,1.868
Cabo Verde,132,2023,7,3.418
Cabo Verde,132,2024,7,2.098
Cabo Verde,132,2025,7,1.808
Cabo Verde,132,2021,8,1.835
Cabo Verde,132,2022,8,1.795
Cabo Verde,132,2023,8,2.955
Cabo Verde,132,2024,8,2.145
Cabo Verde,132,2021,9,2.014
Cabo Verde,132,2022,9,1.774
Cabo Verde,132,2023,9,2.764
Cabo Verde,132,2024,9,1.794
Cabo Verde,132,2021,10,1.522
Cabo Verde,132,2022,10,1.782
Cabo Verde,132,2023,10,3.362
Cabo Verde,132,2024,10,2.072
Cabo Verde,132,2021,11,1.604
Cabo Verde,132,2022,11,1.764
Cabo Verde,132,2023,11,2.744
Cabo Verde,132,2024,11,2.074
Cabo Verde,132,2021,12,1.351
Cabo Verde,132,2022,12,2.171
Cabo Verde,132,2023,12,2.751
Cabo Verde,132,2024,12,2.551
Cambodia,116,2020,1,2.493
Cambodia,116,2021,1,0.256
Cambodia,116,2022,1,1.937
Cambodia,116,2023,1,0.662
Cambodia,116,2024,1,2.585
Cambodia,116,2025,1,0.538
Cambodia,116,2020,2,1.334
Cambodia,116,2021,2,0.179
Cambodia,116,2022,2,1.183
Cambodia,116,2023,2,1.297
Cambodia,116,2024,2,2.424
Cambodia,116,2025,2,1.198
Cambodia,116,2020,3,1.857
Cambodia,116,2021,3,1.332
Cambodia,116,2022,3,0.945
Cambodia,116,2023,3,0.654
Cambodia,116,2024,3,2.024
Cambodia,116,2025,3,0.916
Cambodia,116,2020,4,0.921
Cambodia,116,2021,4,0.367
Cambodia,116,2022,4,-0.206
Cambodia,116,2023,4,1.71
Cambodia,116,2024,4,3.077
Cambodia,116,2025,4,0.862
Cambodia,116,2020,5,2.014
Cambodia,116,2021,5,0.906
Cambodia,116,2022,5,0.161
Cambodia,116,2023,5,1.679
Cambodia,116,2024,5,2.146
Cambodia,116,2025,5,0.657
Cambodia,116,2020,6,1.254
Cambodia,116,2021,6,1.195
Cambodia,116,2022,6,1.381
Cambodia,116,2023,6,1.305
Cambodia,116,2024,6,1.7
Cambodia,116,2025,6,0.766
Cambodia,116,2020,7,1.355
Cambodia,116,2021,7,0.89
Cambodia,116,2022,7,0.631
Cambodia,116,2023,7,1.22
Cambodia,116,2024,7,0.777
Cambodia,116,2025,7,1.044
Cambodia,116,2020,8,1.249
Cambodia,116,2021,8,1.389
Cambodia,116,2022,8,0.738
Cambodia,116,2023,8,1.918
Cambodia,116,2024,8,1.941
Cambodia,116,2025,8,1.171
Cambodia,116,2020,9,1.229
Cambodia,116,2021,9,0.5
Cambodia,116,2022,9,0.647
Cambodia,116,2023,9,1.048
Cambodia,116,2024,9,1.158
Cambodia,116,2025,9,0.81
Cambodia,116,2020,10,0.055
Cambodia,116,2021,10,0.742
Cambodia,116,2022,10,0.513
Cambodia,116,2023,10,1.391
Cambodia,116,2024,10,1.375
Cambodia,116,2025,10,1.128
Cambodia,116,2020,11,1.45
Cambodia,116,2021,11,1.468
Cambodia,116,2022,11,1.851
Cambodia,116,2023,11,2.012
Cambodia,116,2024,11,2.081
Cambodia,116,2025,11,0.49
Cambodia,116,2020,12,1.425
Cambodia,116,2021,12,1.043
Cambodia,116,2022,12,0.945
Cambodia,116,2023,12,2.722
Cambodia,116,2024,12,1.561
Cambodia,116,2025,12,1.495
Cameroon,120,2020,1,0.85
Cameroon,120,2021,1,2.113
Cameroon,120,2022,1,0.562
Cameroon,120,2023,1,0.459
Cameroon,120,2024,1,1.687
Cameroon,120,2025,1,0.771
Cameroon,120,2020,2,0.832
Cameroon,120,2021,2,0.551
Cameroon,120,2022,2,0.381
Cameroon,120,2023,2,0.959
Cameroon,120,2024,2,2.231
Cameroon,120,2025,2,1.216
Cameroon,120,2020,3,1.634
Cameroon,120,2021,3,1.022
Cameroon,120,2022,3,1.515
Cameroon,120,2023,3,1.274
Cameroon,120,2024,3,1.828
Cameroon,120,2025,3,1.228
Cameroon,120,2020,4,1.337
Cameroon,120,2021,4,0.908
Cameroon,120,2022,4,0.452
Cameroon,120,2023,4,1.023
Cameroon,120,2024,4,2.192
Cameroon,120,2025,4,1.809
Cameroon,120,2020,5,1.496
Cameroon,120,2021,5,0.836
Cameroon,120,2022,5,0.515
Cameroon,120,2023,5,1.604
Cameroon,120,2024,5,2.532
Cameroon,120,2025,5,1.73
Cameroon,120,2020,6,0.948
Cameroon,120,2021,6,1.296
Cameroon,120,2022,6,1.127
Cameroon,120,2023,6,1.044
Cameroon,120,2024,6,1.282
Cameroon,120,2025,6,2.007
Cameroon,120,2020,7,0.907
Cameroon,120,2021,7,1.161
Cameroon,120,2022,7,1.129
Cameroon,120,2023,7,1.429
Cameroon,120,2024,7,1.139
Cameroon,120,2025,7,1.549
Cameroon,120,2020,8,1.16
Cameroon,120,2021,8,1.055
Cameroon,120,2022,8,0.659
Cameroon,120,2023,8,1.069
Cameroon,120,2024,8,1.316
Cameroon,120,2025,8,1.314
Cameroon,120,2020,9,0.59
Cameroon,120,2021,9,0.974
Cameroon,120,2022,9,0.364
Cameroon,120,2023,9,0.824
Cameroon,120,2024,9,1.197
Cameroon,120,2025,9,0.355
Cameroon,120,2020,10,0.701
Cameroon,120,2021,10,1.213
Cameroon,120,2022,10,0.448
Cameroon,120,2023,10,1.248
Cameroon,120,2024,10,0.074
Cameroon,120,2025,10,0.497
Cameroon,120,2020,11,1.359
Cameroon,120,2021,11,1.791
Cameroon,120,2022,11,1.301
Cameroon,120,2023,11,1.44
Cameroon,120,2024,11,-0.173
Cameroon,120,2025,11,1.331
Cameroon,120,2020,12,1.781
Cameroon,120,2021,12,1.2
Cameroon,120,2022,12,0.601
Cameroon,120,2023,12,1.575
Cameroon,120,2024,12,-0.011
Cameroon,120,2025,12,1.943
Canada,124,2020,1,2.836
Canada,124,2021,1,7.032
Canada,124,2022,1,0.901
Canada,124,2023,1,5.225
Canada,124,2024,1,3.91
Canada,124,2025,1,5.723
Canada,124,2020,2,1.478
Canada,124,2021,2,0.16
Canada,124,2022,2,-0.835
Canada,124,2023,2,-0.768
Canada,124,2024,2,4.316
Canada,124,2025,2,1.54
Canada,124,2020,3,0.721
Canada,124,2021,3,2.418
Canada,124,2022,3,2.281
Canada,124,2023,3,1.203
Canada,124,2024,3,2.882
Canada,124,2025,3,2.536
Canada,124,2020,4,-0.141
Canada,124,2021,4,1.944
Canada,124,2022,4,-0.095
Canada,124,2023,4,1.659
Canada,124,2024,4,3.279
Canada,124,2025,4,2.145
Canada,124,2020,5,-0.093
Canada,124,2021,5,0.384
Canada,124,2022,5,0.631
Canada,124,2023,5,3.441
Canada,124,2024,5,1.995
Canada,124,2025,5,1.768
Canada,124,2020,6,1.08
Canada,124,2021,6,2.024
Canada,124,2022,6,1.646
Canada,124,2023,6,2.377
Canada,124,2024,6,1.371
Canada,124,2025,6,1.55
Canada,124,2020,7,1.797
Canada,124,2021,7,1.149
Canada,124,2022,7,1.679
Canada,124,2023,7,2.068
Canada,124,2024,7,2.097
Canada,124,2025,7,1.088
Canada,124,2020,8,1.459
Canada,124,2021,8,1.321
Canada,124,2022,8,2.267
Canada,124,2023,8,1.807
Canada,124,2024,8,2.079
Canada,124,2025,8,2.108
Canada,124,2020,9,1.121
Canada,124,2021,9,2.159
Canada,124,2022,9,2.69
Canada,124,2023,9,3.221
Canada,124,2024,9,3.865
Canada,124,2025,9,3.744
Canada,124,2020,10,0.035
Canada,124,2021,10,4.086
Canada,124,2022,10,2.866
Canada,124,2023,10,3.018
Canada,124,2024,10,3.057
Canada,124,2025,10,4.188
Canada,124,2020,11,0.836
Canada,124,2021,11,2.921
Canada,124,2022,11,0.293
Canada,124,2023,11,3.441
Canada,124,2024,11,3.65
Canada,124,2025,11,4.519
Canada,124,2020,12,4.687
Canada,124,2021,12,0.75
Canada,124,2022,12,1.443
Canada,124,2023,12,7.809
Canada,124,2024,12,4.552
Canada,124,2025,12,-0.015
Cayman Islands,136,2020,1,1.19
Cayman Islands,136,2021,1,1.169
Cayman Islands,136,2022,1,0.598
Cayman Islands,136,2023,1,1.727
Cayman Islands,136,2024,1,2.155
Cayman Islands,136,2025,1,1.534
Cayman Islands,136,2020,2,2.342
Cayman Islands,136,2021,2,2.12
Cayman Islands,136,2022,2,1.849
Cayman Islands,136,2023,2,2.328
Cayman Islands,136,2024,2,1.207
Cayman Islands,136,2025,2,2.566
Cayman Islands,136,2020,3,1.193
Cayman Islands,136,2021,3,1.122
Cayman Islands,136,2022,3,2.001
Cayman Islands,136,2023,3,1.53
Cayman Islands,136,2024,3,2.359
Cayman Islands,136,2025,3,1.708
Cayman Islands,136,2020,4,4.261
Cayman Islands,136,2021,4,1.34
Cayman Islands,136,2022,4,1.469
Cayman Islands,136,2023,4,1.547
Cayman Islands,136,2024,4,2.176
Cayman Islands,136,2025,4,1.075
Cayman Islands,136,2020,5,0.635
Cayman Islands,136,2021,5,0.914
Cayman Islands,136,2022,5,-0.957
Cayman Islands,136,2023,5,1.322
Cayman Islands,136,2024,5,2.501
Cayman Islands,136,2025,5,1.81
Cayman Islands,136,2020,6,0.971
Cayman Islands,136,2021,6,1.35
Cayman Islands,136,2022,6,0.579
Cayman Islands,136,2023,6,1.608
Cayman Islands,136,2024,6,0.637
Cayman Islands,136,2025,6,1.396
Cayman Islands,136,2020,7,1.601
Cayman Islands,136,2021,7,0.83
Cayman Islands,136,2022,7,1.209
Cayman Islands,136,2023,7,2.338
Cayman Islands,136,2024,7,2.017
Cayman Islands,136,2025,7,1.296
Cayman Islands,136,2020,8,0.759
Cayman Islands,136,2021,8,0.138
Cayman Islands,136,2022,8,1.266
Cayman Islands,136,2023,8,1.545
Cayman Islands,136,2024,8,2.504
Cayman Islands,136,2025,8,1.703
Cayman Islands,136,2020,9,1.66
Cayman Islands,136,2021,9,1.939
Cayman Islands,136,2022,9,1.468
Cayman Islands,136,2023,9,1.797
Cayman Islands,136,2024,9,1.956
Cayman Islands,136,2025,9,1.905
Cayman Islands,136,2020,10,1.243
Cayman Islands,136,2021,10,1.472
Cayman Islands,136,2022,10,1.401
Cayman Islands,136,2023,10,1.83
Cayman Islands,136,2024,10,1.558
Cayman Islands,136,2025,10,1.487
Cayman Islands,136,2020,11,0.488
Cayman Islands,136,2021,11,0.667
Cayman Islands,136,2022,11,1.946
Cayman Islands,136,2023,11,2.124
Cayman Islands,136,2024,11,1.053
Cayman Islands,136,2025,11,1.712
Cayman Islands,136,2020,12,0.766
Cayman Islands,136,2021,12,1.545
Cayman Islands,136,2022,12,1.423
Cayman Islands,136,2023,12,1.502
Cayman Islands,136,2024,12,1.431
Cayman Islands,136,2025,12,1.671
Central African Republic,140,2020,1,-0.224
Central African Republic,140,2021,1,0.897
Central African Republic,140,2022,1,0.488
Central African Republic,140,2023,1,0.843
Central African Republic,140,2024,1,1.16
Central African Republic,140,2025,1,0.904
Central African Republic,140,2020,2,0.511
Central African Republic,140,2021,2,0.363
Central African Republic,140,2022,2,0.278
Central African Republic,140,2023,2,1.198
Central African Republic,140,2024,2,1.757
Central African Republic,140,2025,2,1.257
Central African Republic,140,2020,3,1.621
Central African Republic,140,2021,3,0.851
Central African Republic,140,2022,3,1.439
Central African Republic,140,2023,3,1.102
Central African Republic,140,2024,3,1.862
Central African Republic,140,2025,3,2.66
Central African Republic,140,2020,4,1.602
Central African Republic,140,2021,4,1.491
Central African Republic,140,2022,4,0.421
Central African Republic,140,2023,4,1.072
Central African Republic,140,2024,4,2.28
Central African Republic,140,2025,4,1.658
Central African Republic,140,2020,5,1.379
Central African Republic,140,2021,5,1.498
Central African Republic,140,2022,5,0.231
Central African Republic,140,2023,5,1.728
Central African Republic,140,2024,5,2.755
Central African Republic,140,2025,5,1.358
Central African Republic,140,2020,6,1.203
Central African Republic,140,2021,6,0.843
Central African Republic,140,2022,6,1.119
Central African Republic,140,2023,6,1.16
Central African Republic,140,2024,6,1.406
Central African Republic,140,2025,6,1.901
Central African Republic,140,2020,7,0.53
Central African Republic,140,2021,7,0.428
Central African Republic,140,2022,7,0.326
Central African Republic,140,2023,7,1.078
Central African Republic,140,2024,7,1.675
Central African Republic,140,2025,7,1.11
Central African Republic,140,2020,8,0.632
Central African Republic,140,2021,8,0.59
Central African Republic,140,2022,8,0.338
Central African Republic,140,2023,8,0.408
Central African Republic,140,2024,8,1.464
Central African Republic,140,2025,8,0.996
Central African Republic,140,2020,9,0.47
Central African Republic,140,2021,9,0.618
Central African Republic,140,2022,9,0.277
Central African Republic,140,2023,9,0.356
Central African Republic,140,2024,9,0.618
Central African Republic,140,2025,9,0.539
Central African Republic,140,2020,10,0.691
Central African Republic,140,2021,10,0.93
Central African Republic,140,2022,10,0.675
Central African Republic,140,2023,10,0.604
Central African Republic,140,2024,10,-0.116
Central African Republic,140,2025,10,1.278
Central African Republic,140,2020,11,0.695
Central African Republic,140,2021,11,1.291
Central African Republic,140,2022,11,1.453
Central African Republic,140,2023,11,0.686
Central African Republic,140,2024,11,0.049
Central African Republic,140,2025,11,2.035
Central African Republic,140,2020,12,1.594
Central African Republic,140,2021,12,1.485
Central African Republic,140,2022,12,0.55
Central African Republic,140,2023,12,1.224
Central African Republic,140,2024,12,-0.064
Central African Republic,140,2025,12,2.092
Chad,148,2020,1,-0.603
Chad,148,2021,1,1.465
Chad,148,2022,1,-0.155
Chad,148,2023,1,1.075
Chad,148,2024,1,0.883
Chad,148,2025,1,2.073
Chad,148,2020,2,-0.657
Chad,148,2021,2,-0.901
Chad,148,2022,2,-1.254
Chad,148,2023,2,0.542
Chad,148,2024,2,1.683
Chad,148,2025,2,1.325
Chad,148,2020,3,1.895
Chad,148,2021,3,1.033
Chad,148,2022,3,0.049
Chad,148,2023,3,0.899
Chad,148,2024,3,3.505
Chad,148,2025,3,1.692
Chad,148,2020,4,2.29
Chad,148,2021,4,0.992
Chad,148,2022,4,2.468
Chad,148,2023,4,2.128
Chad,148,2024,4,3.118
Chad,148,2025,4,1.743
Chad,148,2020,5,2.162
Chad,148,2021,5,1.577
Chad,148,2022,5,1.473
Chad,148,2023,5,2.675
Chad,148,2024,5,4.163
Chad,148,2025,5,1.864
Chad,148,2020,6,1.882
Chad,148,2021,6,1.066
Chad,148,2022,6,1.414
Chad,148,2023,6,-0.45
Chad,148,2024,6,1.792
Chad,148,2025,6,1.366
Chad,148,2020,7,1.332
Chad,148,2021,7,0.475
Chad,148,2022,7,-0.292
Chad,148,2023,7,1.316
Chad,148,2024,7,0.245
Chad,148,2025,7,0.688
Chad,148,2020,8,0.109
Chad,148,2021,8,0.433
Chad,148,2022,8,0.042
Chad,148,2023,8,1.005
Chad,148,2024,8,0.141
Chad,148,2025,8,0.42
Chad,148,2020,9,0.059
Chad,148,2021,9,1.13
Chad,148,2022,9,-0.067
Chad,148,2023,9,0.974
Chad,148,2024,9,0.514
Chad,148,2025,9,0.335
Chad,148,2020,10,0.676
Chad,148,2021,10,1.08
Chad,148,2022,10,1.06
Chad,148,2023,10,1.92
Chad,148,2024,10,0.834
Chad,148,2025,10,-0.151
Chad,148,2020,11,0.632
Chad,148,2021,11,2.632
Chad,148,2022,11,1.068
Chad,148,2023,11,2.881
Chad,148,2024,11,0.722
Chad,148,2025,11,0.9
Chad,148,2020,12,1.743
Chad,148,2021,12,1.326
Chad,148,2022,12,1.156
Chad,148,2023,12,1.802
Chad,148,2024,12,0.96
Chad,148,2025,12,2.327
Channel Islands,830,2020,1,2.65
Channel Islands,830,2021,1,0.664
Channel Islands,830,2022,1,1.385
Channel Islands,830,2023,1,1.958
Channel Islands,830,2024,1,1.113
Channel Islands,830,2025,1,0.161
Channel Islands,830,2020,2,3.354
Channel Islands,830,2021,2,1.717
Channel Islands,830,2022,2,2.867
Channel Islands,830,2023,2,1.881
Channel Islands,830,2024,2,4.197
Channel Islands,830,2025,2,1.437
Channel Islands,830,2020,3,1.444
Channel Islands,830,2021,3,1.335
Channel Islands,830,2022,3,2.508
Channel Islands,830,2023,3,2.256
Channel Islands,830,2024,3,2.385
Channel Islands,830,2025,3,1.968
Channel Islands,830,2020,4,3.397
Channel Islands,830,2021,4,-0.326
Channel Islands,830,2022,4,1.662
Channel Islands,830,2023,4,1.405
Channel Islands,830,2024,4,2.141
Channel Islands,830,2025,4,3.028
Channel Islands,830,2020,5,2.27
Channel Islands,830,2021,5,0.003
Channel Islands,830,2022,5,2.589
Channel Islands,830,2023,5,2.04
Channel Islands,830,2024,5,2.174
Channel Islands,830,2025,5,2.452
Channel Islands,830,2020,6,1.389
Channel Islands,830,2021,6,1.599
Channel Islands,830,2022,6,2.157
Channel Islands,830,2023,6,3.537
Channel Islands,830,2024,6,0.883
Channel Islands,830,2025,6,3.566
Channel Islands,830,2020,7,0.973
Channel Islands,830,2021,7,1.453
Channel Islands,830,2022,7,3.038
Channel Islands,830,2023,7,1.456
Channel Islands,830,2024,7,1.179
Channel Islands,830,2025,7,2.498
Channel Islands,830,2020,8,2.499
Channel Islands,830,2021,8,0.564
Channel Islands,830,2022,8,3.536
Channel Islands,830,2023,8,1.495
Channel Islands,830,2024,8,1.956
Channel Islands,830,2025,8,2.508
Channel Islands,830,2020,9,1.583
Channel Islands,830,2021,9,2.291
Channel Islands,830,2022,9,1.466
Channel Islands,830,2023,9,3.853
Channel Islands,830,2024,9,0.472
Channel Islands,830,2025,9,0.742
Channel Islands,830,2020,10,0.302
Channel Islands,830,2021,10,1.396
Channel Islands,830,2022,10,3.211
Channel Islands,830,2023,10,2.718
Channel Islands,830,2024,10,1.599
Channel Islands,830,2025,10,1.254
Channel Islands,830,2020,11,2.577
Channel Islands,830,2021,11,0.59
Channel Islands,830,2022,11,2.918
Channel Islands,830,2023,11,1.974
Channel Islands,830,2024,11,1.803
Channel Islands,830,2025,11,2.539
Channel Islands,830,2020,12,1.307
Channel Islands,830,2021,12,1.862
Channel Islands,830,2022,12,-0.119
Channel Islands,830,2023,12,2.892
Channel Islands,830,2024,12,1.587
Channel Islands,830,2025,12,1.717
Chile,152,2020,1,0.987
Chile,152,2021,1,-0.018
Chile,152,2022,1,0.197
Chile,152,2023,1,0.988
Chile,152,2024,1,1.303
Chile,152,2025,1,1.21
Chile,152,2020,2,0.579
Chile,152,2021,2,0.63
Chile,152,2022,2,0.393
Chile,152,2023,2,1.216
Chile,152,2024,2,1.849
Chile,152,2025,2,0.926
Chile,152,2020,3,1.671
Chile,152,2021,3,0.889
Chile,152,2022,3,-0.197
Chile,152,2023,3,1.056
Chile,152,2024,3,0.841
Chile,152,2025,3,0.665
Chile,152,2020,4,1.34
Chile,152,2021,4,1.383
Chile,152,2022,4,-0.355
Chile,152,2023,4,1.125
Chile,152,2024,4,0.489
Chile,152,2025,4,0.415
Chile,152,2020,5,1.029
Chile,152,2021,5,0.456
Chile,152,2022,5,-0.363
Chile,152,2023,5,1.194
Chile,152,2024,5,-1.586
Chile,152,2025,5,0.481
Chile,152,2020,6,0.515
Chile,152,2021,6,0.379
Chile,152,2022,6,-0.137
Chile,152,2023,6,1.352
Chile,152,2024,6,0.235
Chile,152,2025,6,0.363
Chile,152,2020,7,-0.557
Chile,152,2021,7,0.807
Chile,152,2022,7,-0.236
Chile,152,2023,7,1.023
Chile,152,2024,7,-0.216
Chile,152,2025,7,1.06
Chile,152,2020,8,0.134
Chile,152,2021,8,0.789
Chile,152,2022,8,0.31
Chile,152,2023,8,1.371
Chile,152,2024,8,0.292
Chile,152,2025,8,1.394
Chile,152,2020,9,0.572
Chile,152,2021,9,0.992
Chile,152,2022,9,0.235
Chile,152,2023,9,0.552
Chile,152,2024,9,0.43
Chile,152,2025,9,1.227
Chile,152,2020,10,0.379
Chile,152,2021,10,0.526
Chile,152,2022,10,0.252
Chile,152,2023,10,0.394
Chile,152,2024,10,1.512
Chile,152,2025,10,0.788
Chile,152,2020,11,0.713
Chile,152,2021,11,0.332
Chile,152,2022,11,1.539
Chile,152,2023,11,-0.443
Chile,152,2024,11,0.046
Chile,152,2025,11,1.071
Chile,152,2020,12,0.253
Chile,152,2021,12,1.131
Chile,152,2022,12,0.979
Chile,152,2023,12,0.318
Chile,152,2024,12,0.24
Chile,152,2025,12,0.802
China,159,2020,1,2.538
China,159,2021,1,1.471
China,159,2022,1,2.204
China,159,2023,1,1.619
China,159,2024,1,2.468
China,159,2025,1,2.979
China,159,2020,2,3.185
China,159,2021,2,4.29
China,159,2022,2,0.022
China,159,2023,2,3.463
China,159,2024,2,1.418
China,159,2025,2,1.594
China,159,2020,3,2.791
China,159,2021,3,3.454
China,159,2022,3,3.905
China,159,2023,3,3.674
China,159,2024,3,2.731
China,159,2025,3,2.062
China,159,2020,4,1.06
China,159,2021,4,1.001
China,159,2022,4,2.059
China,159,2023,4,1.266
China,159,2024,4,3.127
China,159,2025,4,2.816
China,159,2020,5,1.819
China,159,2021,5,1.449
China,159,2022,5,1.264
China,159,2023,5,0.903
China,159,2024,5,2.388
China,159,2025,5,1.837
China,159,2020,6,1.398
China,159,2021,6,1.466
China,159,2022,6,1.953
China,159,2023,6,1.796
China,159,2024,6,1.731
China,159,2025,6,1.972
China,159,2020,7,0.859
China,159,2021,7,1.864
China,159,2022,7,1.88
China,159,2023,7,1.751
China,159,2024,7,2.026
China,159,2025,7,2.231
China,159,2020,8,1.272
China,159,2021,8,0.774
China,159,2022,8,1.941
China,159,2023,8,1.747
China,159,2024,8,2.396
China,159,2025,8,1.404
China,159,2020,9,1.335
China,159,2021,9,2.404
China,159,2022,9,2.025
China,159,2023,9,2.295
China,159,2024,9,2.534
China,159,2025,9,1.95
China,159,2020,10,0.729
China,159,2021,10,1.134
China,159,2022,10,1.071
China,159,2023,10,2.559
China,159,2024,10,1.964
China,159,2025,10,1.17
China,159,2020,11,1.814
China,159,2021,11,0.961
China,159,2022,11,2.775
China,159,2023,11,1.752
China,159,2024,11,3.223
China,159,2025,11,1.963
China,159,2020,12,0.158
China,159,2021,12,1.729
China,159,2022,12,-0.126
China,159,2023,12,1.289
China,159,2024,12,1.065
China,159,2025,12,2.604
"China, Hong Kong SAR",344,2020,1,3.5
"China, Hong Kong SAR",344,2021,1,1.106
"China, Hong Kong SAR",344,2022,1,2.771
"China, Hong Kong SAR",344,2023,1,1.342
"China, Hong Kong SAR",344,2024,1,2.486
"China, Hong Kong SAR",344,2025,1,1.895
"China, Hong Kong SAR",344,2020,2,2.682
"China, Hong Kong SAR",344,2021,2,4.538
"China, Hong Kong SAR",344,2022,2,-1.414
"China, Hong Kong SAR",344,2023,2,3.523
"China, Hong Kong SAR",344,2024,2,2.764
"China, Hong Kong SAR",344,2025,2,1.65
"China, Hong Kong SAR",344,2020,3,2.658
"China, Hong Kong SAR",344,2021,3,3.527
"China, Hong Kong SAR",344,2022,3,3.305
"China, Hong Kong SAR",344,2023,3,2.283
"China, Hong Kong SAR",344,2024,3,2.215
"China, Hong Kong SAR",344,2025,3,0.977
"China, Hong Kong SAR",344,2020,4,-0.792
"China, Hong Kong SAR",344,2021,4,1.91
"China, Hong Kong SAR",344,2022,4,1.031
"China, Hong Kong SAR",344,2023,4,0.944
"China, Hong Kong SAR",344,2024,4,3.288
"China, Hong Kong SAR",344,2025,4,1.005
"China, Hong Kong SAR",344,2020,5,1.839
"China, Hong Kong SAR",344,2021,5,2.875
"China, Hong Kong SAR",344,2022,5,-1.137
"China, Hong Kong SAR",344,2023,5,0.401
"China, Hong Kong SAR",344,2024,5,-0.274
"China, Hong Kong SAR",344,2025,5,0.366
"China, Hong Kong SAR",344,2020,6,1.385
"China, Hong Kong SAR",344,2021,6,1.178
"China, Hong Kong SAR",344,2022,6,0.738
"China, Hong Kong SAR",344,2023,6,1.47
"China, Hong Kong SAR",344,2024,6,0.727
"China, Hong Kong SAR",344,2025,6,0.891
"China, Hong Kong SAR",344,2020,7,1.68
"China, Hong Kong SAR",344,2021,7,1.272
"China, Hong Kong SAR",344,2022,7,1.555
"China, Hong Kong SAR",344,2023,7,1.292
"China, Hong Kong SAR",344,2024,7,0.993
"China, Hong Kong SAR",344,2025,7,0.849
"China, Hong Kong SAR",344,2020,8,1.022
"China, Hong Kong SAR",344,2021,8,0.66
"China, Hong Kong SAR",344,2022,8,0.695
"China, Hong Kong SAR",344,2023,8,0.921
"China, Hong Kong SAR",344,2024,8,1.208
"China, Hong Kong SAR",344,2025,8,-0.087
"China, Hong Kong SAR",344,2020,9,1.473
"China, Hong Kong SAR",344,2021,9,2.655
"China, Hong Kong SAR",344,2022,9,2.101
"China, Hong Kong SAR",344,2023,9,1.24
"China, Hong Kong SAR",344,2024,9,1.722
"China, Hong Kong SAR",344,2025,9,1.129
"China, Hong Kong SAR",344,2020,10,0.707
"China, Hong Kong SAR",344,2021,10,0.746
"China, Hong Kong SAR",344,2022,10,1.39
"China, Hong Kong SAR",344,2023,10,1.358
"China, Hong Kong SAR",344,2024,10,2.36
"China, Hong Kong SAR",344,2025,10,2.098
"China, Hong Kong SAR",344,2020,11,2.893
"China, Hong Kong SAR",344,2021,11,1.18
"China, Hong Kong SAR",344,2022,11,2.621
"China, Hong Kong SAR",344,2023,11,2.135
"China, Hong Kong SAR",344,2024,11,2.105
"China, Hong Kong SAR",344,2025,11,0.584
"China, Hong Kong SAR",344,2020,12,0.392
"China, Hong Kong SAR",344,2021,12,1.195
"China, Hong Kong SAR",344,2022,12,-1.541
"China, Hong Kong SAR",344,2023,12,1.317
"China, Hong Kong SAR",344,2024,12,0.768
"China, Hong Kong SAR",344,2025,12,2.588
"China, Macao SAR",446,2020,1,3.5
"China, Macao SAR",446,2021,1,1.106
"China, Macao SAR",446,2022,1,2.771
"China, Macao SAR",446,2023,1,1.342
"China, Macao SAR",446,2024,1,2.486
"China, Macao SAR",446,2025,1,1.895
"China, Macao SAR",446,2020,2,2.682
"China, Macao SAR",446,2021,2,4.538
"China, Macao SAR",446,2022,2,-1.414
"China, Macao SAR",446,2023,2,3.523
"China, Macao SAR",446,2024,2,2.764
"China, Macao SAR",446,2025,2,1.65
"China, Macao SAR",446,2020,3,2.658
"China, Macao SAR",446,2021,3,3.527
"China, Macao SAR",446,2022,3,3.305
"China, Macao SAR",446,2023,3,2.283
"China, Macao SAR",446,2024,3,2.215
"China, Macao SAR",446,2025,3,0.977
"China, Macao SAR",446,2020,4,-0.792
"China, Macao SAR",446,2021,4,1.91
"China, Macao SAR",446,2022,4,1.031
"China, Macao SAR",446,2023,4,0.944
"China, Macao SAR",446,2024,4,3.288
"China, Macao SAR",446,2025,4,1.005
"China, Macao SAR",446,2020,5,1.839
"China, Macao SAR",446,2021,5,2.875
"China, Macao SAR",446,2022,5,-1.137
"China, Macao SAR",446,2023,5,0.401
"China, Macao SAR",446,2024,5,-0.274
"China, Macao SAR",446,2025,5,0.366
"China, Macao SAR",446,2020,6,1.385
"China, Macao SAR",446,2021,6,1.178
"China, Macao SAR",446,2022,6,0.738
"China, Macao SAR",446,2023,6,1.47
"China, Macao SAR",446,2024,6,0.727
"China, Macao SAR",446,2025,6,0.891
"China, Macao SAR",446,2020,7,1.68
"China, Macao SAR",446,2021,7,1.272
"China, Macao SAR",446,2022,7,1.555
"China, Macao SAR",446,2023,7,1.292
"China, Macao SAR",446,2024,7,0.993
"China, Macao SAR",446,2025,7,0.849
"China, Macao SAR",446,2020,8,1.022
"China, Macao SAR",446,2021,8,0.66
"China, Macao SAR",446,2022,8,0.695
"China, Macao SAR",446,2023,8,0.921
"China, Macao SAR",446,2024,8,1.208
"China, Macao SAR",446,2025,8,-0.087
"China, Macao SAR",446,2020,9,1.473
"China, Macao SAR",446,2021,9,2.655
"China, Macao SAR",446,2022,9,2.101
"China, Macao SAR",446,2023,9,1.24
"China, Macao SAR",446,2024,9,1.722
"China, Macao SAR",446,2025,9,1.129
"China, Macao SAR",446,2020,10,0.707
"China, Macao SAR",446,2021,10,0.746
"China, Macao SAR",446,2022,10,1.39
"China, Macao SAR",446,2023,10,1.358
"China, Macao SAR",446,2024,10,2.36
"China, Macao SAR",446,2025,10,2.098
"China, Macao SAR",446,2020,11,2.893
"China, Macao SAR",446,2021,11,1.18
"China, Macao SAR",446,2022,11,2.621
"China, Macao SAR",446,2023,11,2.135
"China, Macao SAR",446,2024,11,2.105
"China, Macao SAR",446,2025,11,0.584
"China, Macao SAR",446,2020,12,0.392
"China, Macao SAR",446,2021,12,1.195
"China, Macao SAR",446,2022,12,-1.541
"China, Macao SAR",446,2023,12,1.317
"China, Macao SAR",446,2024,12,0.768
"China, Macao SAR",446,2025,12,2.588
"China, mainland",156,2020,1,2.537
"China, mainland",156,2021,1,1.474
"China, mainland",156,2022,1,2.205
"China, mainland",156,2023,1,1.62
"China, mainland",156,2024,1,2.471
"China, mainland",156,2025,1,2.987
"China, mainland",156,2020,2,3.188
"China, mainland",156,2021,2,4.289
"China, mainland",156,2022,2,0.025
"China, mainland",156,2023,2,3.469
"China, mainland",156,2024,2,1.414
"China, mainland",156,2025,2,1.599
"China, mainland",156,2020,3,2.793
"China, mainland",156,2021,3,3.455
"China, mainland",156,2022,3,3.907
"China, mainland",156,2023,3,3.68
"China, mainland",156,2024,3,2.734
"China, mainland",156,2025,3,2.065
"China, mainland",156,2020,4,1.066
"China, mainland",156,2021,4,0.999
"China, mainland",156,2022,4,2.062
"China, mainland",156,2023,4,1.265
"China, mainland",156,2024,4,3.128
"China, mainland",156,2025,4,2.82
"China, mainland",156,2020,5,1.817
"China, mainland",156,2021,5,1.444
"China, mainland",156,2022,5,1.274
"China, mainland",156,2023,5,0.901
"China, mainland",156,2024,5,2.396
"China, mainland",156,2025,5,1.839
"China, mainland",156,2020,6,1.393
"China, mainland",156,2021,6,1.466
"China, mainland",156,2022,6,1.958
"China, mainland",156,2023,6,1.795
"China, mainland",156,2024,6,1.735
"China, mainland",156,2025,6,1.971
"China, mainland",156,2020,7,0.857
"China, mainland",156,2021,7,1.867
"China, mainland",156,2022,7,1.881
"China, mainland",156,2023,7,1.752
"China, mainland",156,2024,7,2.027
"China, mainland",156,2025,7,2.238
"China, mainland",156,2020,8,1.273
"China, mainland",156,2021,8,0.776
"China, mainland",156,2022,8,1.942
"China, mainland",156,2023,8,1.75
"China, mainland",156,2024,8,2.401
"China, mainland",156,2025,8,1.407
"China, mainland",156,2020,9,1.34
"China, mainland",156,2021,9,2.403
"China, mainland",156,2022,9,2.027
"China, mainland",156,2023,9,2.299
"China, mainland",156,2024,9,2.536
"China, mainland",156,2025,9,1.948
"China, mainland",156,2020,10,0.73
"China, mainland",156,2021,10,1.132
"China, mainland",156,2022,10,1.071
"China, mainland",156,2023,10,2.564
"China, mainland",156,2024,10,1.965
"China, mainland",156,2025,10,1.161
"China, mainland",156,2020,11,1.811
"China, mainland",156,2021,11,0.964
"China, mainland",156,2022,11,2.776
"China, mainland",156,2023,11,1.753
"China, mainland",156,2024,11,3.227
"China, mainland",156,2025,11,1.97
"China, mainland",156,2020,12,0.156
"China, mainland",156,2021,12,1.733
"China, mainland",156,2022,12,-0.122
"China, mainland",156,2023,12,1.291
"China, mainland",156,2024,12,1.068
"China, mainland",156,2025,12,2.608
"China, Taiwan Province of",158,2020,1,2.705
"China, Taiwan Province of",158,2021,1,0.604
"China, Taiwan Province of",158,2022,1,1.981
"China, Taiwan Province of",158,2023,1,1.273
"China, Taiwan Province of",158,2024,1,1.623
"China, Taiwan Province of",158,2025,1,0.97
"China, Taiwan Province of",158,2020,2,2.453
"China, Taiwan Province of",158,2021,2,4.474
"China, Taiwan Province of",158,2022,2,-0.751
"China, Taiwan Province of",158,2023,2,1.872
"China, Taiwan Province of",158,2024,2,2.399
"China, Taiwan Province of",158,2025,2,0.362
"China, Taiwan Province of",158,2020,3,2.214
"China, Taiwan Province of",158,2021,3,3.147
"China, Taiwan Province of",158,2022,3,3.402
"China, Taiwan Province of",158,2023,3,2.086
"China, Taiwan Province of",158,2024,3,1.838
"China, Taiwan Province of",158,2025,3,1.386
"China, Taiwan Province of",158,2020,4,-0.55
"China, Taiwan Province of",158,2021,4,1.6
"China, Taiwan Province of",158,2022,4,1.401
"China, Taiwan Province of",158,2023,4,1.492
"China, Taiwan Province of",158,2024,4,2.864
"China, Taiwan Province of",158,2025,4,1.879
"China, Taiwan Province of",158,2020,5,2.262
"China, Taiwan Province of",158,2021,5,2.743
"China, Taiwan Province of",158,2022,5,-1.396
"China, Taiwan Province of",158,2023,5,1.483
"China, Taiwan Province of",158,2024,5,0.329
"China, Taiwan Province of",158,2025,5,1.299
"China, Taiwan Province of",158,2020,6,2.746
"China, Taiwan Province of",158,2021,6,1.483
"China, Taiwan Province of",158,2022,6,0.568
"China, Taiwan Province of",158,2023,6,2.041
"China, Taiwan Province of",158,2024,6,0.702
"China, Taiwan Province of",158,2025,6,2.267
"China, Taiwan Province of",158,2020,7,1.387
"China, Taiwan Province of",158,2021,7,1.181
"China, Taiwan Province of",158,2022,7,1.602
"China, Taiwan Province of",158,2023,7,1.435
"China, Taiwan Province of",158,2024,7,1.707
"China, Taiwan Province of",158,2025,7,0.332
"China, Taiwan Province of",158,2020,8,0.95
"China, Taiwan Province of",158,2021,8,0.325
"China, Taiwan Province of",158,2022,8,1.759
"China, Taiwan Province of",158,2023,8,0.855
"China, Taiwan Province of",158,2024,8,1.218
"China, Taiwan Province of",158,2025,8,0.772
"China, Taiwan Province of",158,2020,9,-0.115
"China, Taiwan Province of",158,2021,9,2.535
"China, Taiwan Province of",158,2022,9,1.497
"China, Taiwan Province of",158,2023,9,1.389
"China, Taiwan Province of",158,2024,9,2.1
"China, Taiwan Province of",158,2025,9,2.5
"China, Taiwan Province of",158,2020,10,0.513
"China, Taiwan Province of",158,2021,10,1.578
"China, Taiwan Province of",158,2022,10,1.154
"China, Taiwan Province of",158,2023,10,1.307
"China, Taiwan Province of",158,2024,10,1.758
"China, Taiwan Province of",158,2025,10,3.452
"China, Taiwan Province of",158,2020,11,2.519
"China, Taiwan Province of",158,2021,11,0.152
"China, Taiwan Province of",158,2022,11,2.607
"China, Taiwan Province of",158,2023,11,1.576
"China, Taiwan Province of",158,2024,11,2.091
"China, Taiwan Province of",158,2025,11,0.254
"China, Taiwan Province of",158,2020,12,0.562
"China, Taiwan Province of",158,2021,12,0.751
"China, Taiwan Province of",158,2022,12,-1.1
"China, Taiwan Province of",158,2023,12,0.787
"China, Taiwan Province of",158,2024,12,0.29
"China, Taiwan Province of",158,2025,12,1.67
Christmas Island,162,2020,1,2.015
Christmas Island,162,2021,1,1.515
Christmas Island,162,2022,1,1.715
Christmas Island,162,2023,1,1.315
Christmas Island,162,2024,1,2.315
Christmas Island,162,2025,1,1.665
Christmas Island,162,2020,2,2.359
Christmas Island,162,2021,2,1.059
Christmas Island,162,2022,2,1.259
Christmas Island,162,2023,2,0.859
Christmas Island,162,2024,2,2.559
Christmas Island,162,2025,2,1.859
Christmas Island,162,2020,3,1.814
Christmas Island,162,2021,3,1.364
Christmas Island,162,2022,3,1.814
Christmas Island,162,2023,3,1.764
Christmas Island,162,2024,3,1.964
Christmas Island,162,2025,3,2.014
Christmas Island,162,2020,4,2.33
Christmas Island,162,2021,4,1.08
Christmas Island,162,2022,4,0.93
Christmas Island,162,2023,4,0.83
Christmas Island,162,2024,4,1.73
Christmas Island,162,2025,4,1.63
Christmas Island,162,2020,5,1.61
Christmas Island,162,2021,5,1.86
Christmas Island,162,2022,5,1.56
Christmas Island,162,2023,5,1.61
Christmas Island,162,2024,5,1.96
Christmas Island,162,2025,5,1.31
Christmas Island,162,2020,6,1.535
Christmas Island,162,2021,6,1.735
Christmas Island,162,2022,6,1.585
Christmas Island,162,2023,6,1.235
Christmas Island,162,2024,6,2.285
Christmas Island,162,2025,6,1.935
Christmas Island,162,2020,7,1.773
Christmas Island,162,2021,7,2.322
Christmas Island,162,2022,7,1.822
Christmas Island,162,2023,7,1.173
Christmas Island,162,2024,7,1.923
Christmas Island,162,2025,7,1.322
Christmas Island,162,2020,8,1.683
Christmas Island,162,2021,8,1.783
Christmas Island,162,2022,8,1.683
Christmas Island,162,2023,8,1.283
Christmas Island,162,2024,8,2.033
Christmas Island,162,2025,8,1.933
Christmas Island,162,2020,9,2.047
Christmas Island,162,2021,9,1.798
Christmas Island,162,2022,9,1.548
Christmas Island,162,2023,9,1.597
Christmas Island,162,2024,9,1.898
Christmas Island,162,2025,9,1.898
Christmas Island,162,2020,10,1.503
Christmas Island,162,2021,10,1.503
Christmas Island,162,2022,10,1.053
Christmas Island,162,2023,10,2.253
Christmas Island,162,2024,10,2.153
Christmas Island,162,2025,10,1.803
Christmas Island,162,2020,11,1.696
Christmas Island,162,2021,11,0.946
Christmas Island,162,2022,11,0.646
Christmas Island,162,2023,11,2.346
Christmas Island,162,2025,11,0.796
Christmas Island,162,2020,12,0.804
Christmas Island,162,2021,12,1.304
Christmas Island,162,2022,12,0.804
Christmas Island,162,2023,12,1.804
Christmas Island,162,2024,12,1.504
Christmas Island,162,2025,12,1.304
Cocos (Keeling) Islands,166,2020,1,1.605
Cocos (Keeling) Islands,166,2021,1,0.905
Cocos (Keeling) Islands,166,2022,1,1.355
Cocos (Keeling) Islands,166,2023,1,0.305
Cocos (Keeling) Islands,166,2024,1,1.905
Cocos (Keeling) Islands,166,2025,1,2.055
Cocos (Keeling) Islands,166,2020,2,1.174
Cocos (Keeling) Islands,166,2021,2,1.424
Cocos (Keeling) Islands,166,2022,2,0.674
Cocos (Keeling) Islands,166,2023,2,0.424
Cocos (Keeling) Islands,166,2024,2,1.974
Cocos (Keeling) Islands,166,2025,2,1.424
Cocos (Keeling) Islands,166,2020,3,1.089
Cocos (Keeling) Islands,166,2021,3,1.039
Cocos (Keeling) Islands,166,2022,3,1.489
Cocos (Keeling) Islands,166,2023,3,0.539
Cocos (Keeling) Islands,166,2024,3,1.189
Cocos (Keeling) Islands,166,2025,3,1.239
Cocos (Keeling) Islands,166,2020,4,2.434
Cocos (Keeling) Islands,166,2021,4,1.434
Cocos (Keeling) Islands,166,2022,4,1.784
Cocos (Keeling) Islands,166,2023,4,0.934
Cocos (Keeling) Islands,166,2024,4,2.034
Cocos (Keeling) Islands,166,2025,4,1.534
Cocos (Keeling) Islands,166,2020,5,1.314
Cocos (Keeling) Islands,166,2021,5,1.314
Cocos (Keeling) Islands,166,2022,5,1.114
Cocos (Keeling) Islands,166,2023,5,1.264
Cocos (Keeling) Islands,166,2024,5,1.914
Cocos (Keeling) Islands,166,2025,5,1.314
Cocos (Keeling) Islands,166,2020,6,1.293
Cocos (Keeling) Islands,166,2021,6,1.143
Cocos (Keeling) Islands,166,2022,6,1.043
Cocos (Keeling) Islands,166,2023,6,0.643
Cocos (Keeling) Islands,166,2024,6,1.893
Cocos (Keeling) Islands,166,2025,6,1.443
Cocos (Keeling) Islands,166,2020,7,1.518
Cocos (Keeling) Islands,166,2021,7,1.868
Cocos (Keeling) Islands,166,2022,7,1.668
Cocos (Keeling) Islands,166,2023,7,0.518
Cocos (Keeling) Islands,166,2024,7,2.418
Cocos (Keeling) Islands,166,2025,7,1.418
Cocos (Keeling) Islands,166,2020,8,1.591
Cocos (Keeling) Islands,166,2021,8,1.341
Cocos (Keeling) Islands,166,2022,8,1.441
Cocos (Keeling) Islands,166,2023,8,0.641
Cocos (Keeling) Islands,166,2024,8,2.141
Cocos (Keeling) Islands,166,2025,8,1.191
Cocos (Keeling) Islands,166,2020,9,1.834
Cocos (Keeling) Islands,166,2021,9,1.634
Cocos (Keeling) Islands,166,2022,9,0.934
Cocos (Keeling) Islands,166,2023,9,1.034
Cocos (Keeling) Islands,166,2024,9,1.634
Cocos (Keeling) Islands,166,2025,9,1.184
Cocos (Keeling) Islands,166,2020,10,1.099
Cocos (Keeling) Islands,166,2021,10,0.649
Cocos (Keeling) Islands,166,2022,10,1.149
Cocos (Keeling) Islands,166,2023,10,1.199
Cocos (Keeling) Islands,166,2024,10,1.599
Cocos (Keeling) Islands,166,2025,10,1.099
Cocos (Keeling) Islands,166,2020,11,1.374
Cocos (Keeling) Islands,166,2021,11,0.624
Cocos (Keeling) Islands,166,2022,11,0.524
Cocos (Keeling) Islands,166,2023,11,1.624
Cocos (Keeling) Islands,166,2024,11,1.574
Cocos (Keeling) Islands,166,2025,11,0.774
Cocos (Keeling) Islands,166,2020,12,0.657
Cocos (Keeling) Islands,166,2021,12,1.107
Cocos (Keeling) Islands,166,2022,12,0.757
Cocos (Keeling) Islands,166,2023,12,1.557
Cocos (Keeling) Islands,166,2024,12,1.757
Cocos (Keeling) Islands,166,2025,12,1.457
Colombia,170,2020,1,1.635
Colombia,170,2021,1,0.927
Colombia,170,2022,1,0.968
Colombia,170,2023,1,0.498
Colombia,170,2024,1,2.433
Colombia,170,2025,1,1.442
Colombia,170,2020,2,2.126
Colombia,170,2021,2,1.241
Colombia,170,2022,2,0.813
Colombia,170,2023,2,1.033
Colombia,170,2024,2,2.212
Colombia,170,2025,2,1.425
Colombia,170,2020,3,1.793
Colombia,170,2021,3,0.461
Colombia,170,2022,3,0.805
Colombia,170,2023,3,0.741
Colombia,170,2024,3,2.504
Colombia,170,2025,3,1.304
Colombia,170,2020,4,2.04
Colombia,170,2021,4,1.306
Colombia,170,2022,4,1.096
Colombia,170,2023,4,1.381
Colombia,170,2024,4,2.342
Colombia,170,2025,4,1.604
Colombia,170,2020,5,1.967
Colombia,170,2021,5,1.283
Colombia,170,2022,5,1.073
Colombia,170,2023,5,1.943
Colombia,170,2024,5,2.018
Colombia,170,2025,5,1.431
Colombia,170,2020,6,1.757
Colombia,170,2021,6,1.17
Colombia,170,2022,6,0.746
Colombia,170,2023,6,1.955
Colombia,170,2024,6,1.758
Colombia,170,2025,6,1.481
Colombia,170,2020,7,1.548
Colombia,170,2021,7,1.295
Colombia,170,2022,7,1.332
Colombia,170,2023,7,2.145
Colombia,170,2024,7,1.894
Colombia,170,2025,7,1.754
Colombia,170,2020,8,1.513
Colombia,170,2021,8,1.178
Colombia,170,2022,8,1.036
Colombia,170,2023,8,2.352
Colombia,170,2024,8,1.937
Colombia,170,2025,8,1.524
Colombia,170,2020,9,1.473
Colombia,170,2021,9,1.312
Colombia,170,2022,9,1.249
Colombia,170,2023,9,2.651
Colombia,170,2024,9,2.38
Colombia,170,2025,9,1.759
Colombia,170,2020,10,1.714
Colombia,170,2021,10,1.559
Colombia,170,2022,10,1.32
Colombia,170,2023,10,2.433
Colombia,170,2024,10,2.323
Colombia,170,2025,10,1.693
Colombia,170,2020,11,1.37
Colombia,170,2021,11,1.424
Colombia,170,2022,11,0.979
Colombia,170,2023,11,2.269
Colombia,170,2024,11,1.638
Colombia,170,2025,11,1.877
Colombia,170,2020,12,1.358
Colombia,170,2021,12,1.422
Colombia,170,2022,12,0.875
Colombia,170,2023,12,2.379
Colombia,170,2024,12,1.789
Colombia,170,2025,12,1.484
Comoros,174,2020,1,1.264
Comoros,174,2021,1,0.664
Comoros,174,2022,1,1.014
Comoros,174,2023,1,0.964
Comoros,174,2024,1,1.114
Comoros,174,2025,1,1.614
Comoros,174,2020,2,1.323
Comoros,174,2021,2,0.773
Comoros,174,2022,2,0.923
Comoros,174,2023,2,1.073
Comoros,174,2024,2,1.773
Comoros,174,2025,2,1.723
Comoros,174,2020,3,1.654
Comoros,174,2021,3,0.954
Comoros,174,2022,3,0.754
Comoros,174,2023,3,1.404
Comoros,174,2024,3,2.154
Comoros,174,2025,3,1.504
Comoros,174,2020,4,1.861
Comoros,174,2021,4,0.911
Comoros,174,2022,4,1.111
Comoros,174,2023,4,1.311
Comoros,174,2024,4,2.511
Comoros,174,2025,4,1.961
Comoros,174,2020,5,1.703
Comoros,174,2021,5,0.953
Comoros,174,2022,5,1.353
Comoros,174,2023,5,1.453
Comoros,174,2024,5,2.203
Comoros,174,2025,5,2.353
Comoros,174,2020,6,1.671
Comoros,174,2021,6,0.771
Comoros,174,2022,6,1.271
Comoros,174,2023,6,1.471
Comoros,174,2024,6,2.071
Comoros,174,2025,6,1.471
Comoros,174,2020,7,1.307
Comoros,174,2021,7,0.907
Comoros,174,2022,7,0.407
Comoros,174,2023,7,1.707
Comoros,174,2024,7,1.307
Comoros,174,2025,7,1.557
Comoros,174,2020,8,0.874
Comoros,174,2021,8,1.224
Comoros,174,2022,8,0.724
Comoros,174,2023,8,2.124
Comoros,174,2024,8,1.624
Comoros,174,2025,8,1.074
Comoros,174,2020,9,1.331
Comoros,174,2021,9,1.181
Comoros,174,2022,9,0.531
Comoros,174,2023,9,1.731
Comoros,174,2024,9,1.551
Comoros,174,2025,9,1.281
Comoros,174,2020,10,1.0
Comoros,174,2021,10,1.3
Comoros,174,2022,10,0.35
Comoros,174,2023,10,2.6
Comoros,174,2024,10,1.9
Comoros,174,2025,10,1.75
Comoros,174,2020,11,0.868
Comoros,174,2021,11,1.268
Comoros,174,2022,11,0.768
Comoros,174,2023,11,2.618
Comoros,174,2024,11,2.118
Comoros,174,2025,11,1.568
Comoros,174,2020,12,0.89
Comoros,174,2021,12,1.04
Comoros,174,2022,12,0.99
Comoros,174,2023,12,1.44
Comoros,174,2024,12,1.19
Comoros,174,2025,12,1.34
Congo,178,2020,1,1.445
Congo,178,2021,1,1.043
Congo,178,2022,1,1.011
Congo,178,2023,1,0.725
Congo,178,2024,1,1.54
Congo,178,2025,1,0.425
Congo,178,2020,2,1.484
Congo,178,2021,2,1.131
Congo,178,2022,2,1.075
Congo,178,2023,2,1.35
Congo,178,2024,2,1.747
Congo,178,2025,2,0.15
Congo,178,2020,3,1.42
Congo,178,2021,3,0.453
Congo,178,2022,3,1.27
Congo,178,2023,3,0.888
Congo,178,2024,3,1.625
Congo,178,2025,3,1.279
Congo,178,2020,4,1.441
Congo,178,2021,4,0.617
Congo,178,2022,4,0.578
Congo,178,2023,4,0.994
Congo,178,2024,4,-0.336
Congo,178,2025,4,1.296
Congo,178,2020,5,1.562
Congo,178,2021,5,1.214
Congo,178,2022,5,0.761
Congo,178,2023,5,1.461
Congo,178,2024,5,2.059
Congo,178,2025,5,1.286
Congo,178,2020,6,1.333
Congo,178,2021,6,1.78
Congo,178,2022,6,1.189
Congo,178,2023,6,1.365
Congo,178,2024,6,1.256
Congo,178,2025,6,2.119
Congo,178,2020,7,1.291
Congo,178,2021,7,1.41
Congo,178,2022,7,1.423
Congo,178,2023,7,2.198
Congo,178,2024,7,2.663
Congo,178,2025,7,1.928
Congo,178,2020,8,1.608
Congo,178,2021,8,1.508
Congo,178,2022,8,1.249
Congo,178,2023,8,1.974
Congo,178,2024,8,1.848
Congo,178,2025,8,0.725
Congo,178,2020,9,0.933
Congo,178,2021,9,1.252
Congo,178,2022,9,1.024
Congo,178,2023,9,1.257
Congo,178,2024,9,2.069
Congo,178,2025,9,1.289
Congo,178,2020,10,1.057
Congo,178,2021,10,1.128
Congo,178,2022,10,1.129
Congo,178,2023,10,1.2
Congo,178,2024,10,1.617
Congo,178,2025,10,1.413
Congo,178,2020,11,0.977
Congo,178,2021,11,1.272
Congo,178,2022,11,0.952
Congo,178,2023,11,1.035
Congo,178,2024,11,0.278
Congo,178,2025,11,1.488
Congo,178,2020,12,1.2
Congo,178,2021,12,1.453
Congo,178,2022,12,0.825
Congo,178,2023,12,0.995
Congo,178,2024,12,0.125
Congo,178,2025,12,1.358
Cook Islands,184,2020,1,0.565
Cook Islands,184,2021,1,1.655
Cook Islands,184,2022,1,0.525
Cook Islands,184,2023,1,-0.355
Cook Islands,184,2024,1,0.595
Cook Islands,184,2025,1,0.805
Cook Islands,184,2020,2,0.762
Cook Islands,184,2021,2,0.492
Cook Islands,184,2022,2,0.072
Cook Islands,184,2023,2,0.902
Cook Islands,184,2024,2,0.692
Cook Islands,184,2025,2,0.862
Cook Islands,184,2020,3,0.93
Cook Islands,184,2021,3,1.01
Cook Islands,184,2022,3,0.64
Cook Islands,184,2023,3,0.59
Cook Islands,184,2024,3,1.26
Cook Islands,184,2025,3,1.5
Cook Islands,184,2020,4,0.987
Cook Islands,184,2021,4,0.957
Cook Islands,184,2022,4,0.917
Cook Islands,184,2023,4,-0.023
Cook Islands,184,2024,4,1.357
Cook Islands,184,2025,4,1.007
Cook Islands,184,2020,5,1.511
Cook Islands,184,2021,5,1.161
Cook Islands,184,2022,5,1.941
Cook Islands,184,2023,5,0.561
Cook Islands,184,2024,5,1.961
Cook Islands,184,2025,5,0.931
Cook Islands,184,2020,6,0.423
Cook Islands,184,2021,6,0.813
Cook Islands,184,2022,6,1.863
Cook Islands,184,2023,6,0.593
Cook Islands,184,2024,6,0.703
Cook Islands,184,2025,6,0.813
Cook Islands,184,2020,7,0.564
Cook Islands,184,2021,7,2.154
Cook Islands,184,2022,7,1.244
Cook Islands,184,2023,7,1.794
Cook Islands,184,2024,7,1.164
Cook Islands,184,2025,7,0.604
Cook Islands,184,2020,8,0.787
Cook Islands,184,2021,8,0.787
Cook Islands,184,2022,8,1.117
Cook Islands,184,2023,8,0.997
Cook Islands,184,2024,8,0.477
Cook Islands,184,2020,9,1.584
Cook Islands,184,2021,9,1.394
Cook Islands,184,2022,9,1.754
Cook Islands,184,2023,9,0.014
Cook Islands,184,2024,9,1.304
Cook Islands,184,2020,10,0.365
Cook Islands,184,2021,10,0.355
Cook Islands,184,2022,10,0.845
Cook Islands,184,2023,10,-0.045
Cook Islands,184,2024,10,0.115
Cook Islands,184,2020,11,0.583
Cook Islands,184,2021,11,0.553
Cook Islands,184,2022,11,-0.107
Cook Islands,184,2023,11,-0.337
Cook Islands,184,2024,11,-0.367
Cook Islands,184,2020,12,1.228
Cook Islands,184,2021,12,0.678
Cook Islands,184,2022,12,0.538
Cook Islands,184,2023,12,0.168
Cook Islands,184,2024,12,0.748
Costa Rica,188,2020,1,1.491
Costa Rica,188,2021,1,1.032
Costa Rica,188,2022,1,0.732
Costa Rica,188,2023,1,0.805
Costa Rica,188,2024,1,1.963
Costa Rica,188,2025,1,1.625
Costa Rica,188,2020,2,1.588
Costa Rica,188,2021,2,1.048
Costa Rica,188,2022,2,0.915
Costa Rica,188,2023,2,1.258
Costa Rica,188,2024,2,1.606
Costa Rica,188,2025,2,1.611
Costa Rica,188,2020,3,1.075
Costa Rica,188,2021,3,0.084
Costa Rica,188,2022,3,0.794
Costa Rica,188,2023,3,0.163
Costa Rica,188,2024,3,2.063
Costa Rica,188,2025,3,0.694
Costa Rica,188,2020,4,1.477
Costa Rica,188,2021,4,0.046
Costa Rica,188,2022,4,0.384
Costa Rica,188,2023,4,0.783
Costa Rica,188,2024,4,2.437
Costa Rica,188,2025,4,1.757
Costa Rica,188,2020,5,1.633
Costa Rica,188,2021,5,1.261
Costa Rica,188,2022,5,0.611
Costa Rica,188,2023,5,2.523
Costa Rica,188,2024,5,2.179
Costa Rica,188,2025,5,2.019
Costa Rica,188,2020,6,1.746
Costa Rica,188,2021,6,0.649
Costa Rica,188,2022,6,0.328
Costa Rica,188,2023,6,2.27
Costa Rica,188,2024,6,1.529
Costa Rica,188,2025,6,1.096
Costa Rica,188,2020,7,1.739
Costa Rica,188,2021,7,0.769
Costa Rica,188,2022,7,0.926
Costa Rica,188,2023,7,2.486
Costa Rica,188,2024,7,1.889
Costa Rica,188,2025,7,2.359
Costa Rica,188,2020,8,1.341
Costa Rica,188,2021,8,1.104
Costa Rica,188,2022,8,1.045
Costa Rica,188,2023,8,2.28
Costa Rica,188,2024,8,2.006
Costa Rica,188,2020,9,1.559
Costa Rica,188,2021,9,1.686
Costa Rica,188,2022,9,1.114
Costa Rica,188,2023,9,2.928
Costa Rica,188,2024,9,1.373
Costa Rica,188,2020,10,1.282
Costa Rica,188,2021,10,1.793
Costa Rica,188,2022,10,1.654
Costa Rica,188,2023,10,2.163
Costa Rica,188,2024,10,2.207
Costa Rica,188,2020,11,0.589
Costa Rica,188,2021,11,1.533
Costa Rica,188,2022,11,0.622
Costa Rica,188,2023,11,2.048
Costa Rica,188,2024,11,-0.157
Costa Rica,188,2020,12,1.076
Costa Rica,188,2021,12,1.641
Costa Rica,188,2022,12,0.774
Costa Rica,188,2023,12,2.017
Costa Rica,188,2024,12,1.601
Côte d'Ivoire,384,2020,1,1.097
Côte d'Ivoire,384,2021,1,1.754
Côte d'Ivoire,384,2022,1,1.283
Côte d'Ivoire,384,2023,1,1.27
Côte d'Ivoire,384,2024,1,2.334
Côte d'Ivoire,384,2025,1,1.74
Côte d'Ivoire,384,2020,2,1.654
Côte d'Ivoire,384,2021,2,1.028
Côte d'Ivoire,384,2022,2,1.296
Côte d'Ivoire,384,2023,2,1.644
Côte d'Ivoire,384,2024,2,2.409
Côte d'Ivoire,384,2025,2,1.437
Côte d'Ivoire,384,2020,3,1.694
Côte d'Ivoire,384,2021,3,0.82
Côte d'Ivoire,384,2022,3,1.267
Côte d'Ivoire,384,2023,3,1.28
Côte d'Ivoire,384,2024,3,2.107
Côte d'Ivoire,384,2025,3,2.056
Côte d'Ivoire,384,2020,4,1.371
Côte d'Ivoire,384,2021,4,1.449
Côte d'Ivoire,384,2022,4,1.102
Côte d'Ivoire,384,2023,4,1.519
Côte d'Ivoire,384,2024,4,2.256
Côte d'Ivoire,384,2025,4,1.383
Côte d'Ivoire,384,2020,5,1.576
Côte d'Ivoire,384,2021,5,1.346
Côte d'Ivoire,384,2022,5,1.156
Côte d'Ivoire,384,2023,5,1.776
Côte d'Ivoire,384,2024,5,2.237
Côte d'Ivoire,384,2025,5,1.327
Côte d'Ivoire,384,2020,6,1.231
Côte d'Ivoire,384,2021,6,1.313
Côte d'Ivoire,384,2022,6,1.067
Côte d'Ivoire,384,2023,6,1.316
Côte d'Ivoire,384,2024,6,1.868
Côte d'Ivoire,384,2025,6,1.681
Côte d'Ivoire,384,2020,7,1.079
Côte d'Ivoire,384,2021,7,1.347
Côte d'Ivoire,384,2022,7,1.036
Côte d'Ivoire,384,2023,7,1.921
Côte d'Ivoire,384,2024,7,1.42
Côte d'Ivoire,384,2025,7,1.076
Côte d'Ivoire,384,2020,8,1.112
Côte d'Ivoire,384,2021,8,1.384
Côte d'Ivoire,384,2022,8,0.921
Côte d'Ivoire,384,2023,8,1.948
Côte d'Ivoire,384,2024,8,1.284
Côte d'Ivoire,384,2025,8,1.045
Côte d'Ivoire,384,2020,9,0.883
Côte d'Ivoire,384,2021,9,1.244
Côte d'Ivoire,384,2022,9,0.447
Côte d'Ivoire,384,2023,9,1.624
Côte d'Ivoire,384,2024,9,0.941
Côte d'Ivoire,384,2025,9,1.474
Côte d'Ivoire,384,2020,10,1.033
Côte d'Ivoire,384,2021,10,1.624
Côte d'Ivoire,384,2022,10,0.989
Côte d'Ivoire,384,2023,10,1.821
Côte d'Ivoire,384,2024,10,0.956
Côte d'Ivoire,384,2025,10,1.868
Côte d'Ivoire,384,2020,11,1.426
Côte d'Ivoire,384,2021,11,1.827
Côte d'Ivoire,384,2022,11,1.023
Côte d'Ivoire,384,2023,11,1.852
Côte d'Ivoire,384,2024,11,1.225
Côte d'Ivoire,384,2025,11,1.527
Côte d'Ivoire,384,2020,12,1.91
Côte d'Ivoire,384,2021,12,2.154
Côte d'Ivoire,384,2022,12,1.254
Côte d'Ivoire,384,2023,12,1.664
Côte d'Ivoire,384,2024,12,1.568
Côte d'Ivoire,384,2025,12,2.047
Croatia,191,2020,1,2.473
Croatia,191,2021,1,1.623
Croatia,191,2022,1,1.751
Croatia,191,2023,1,3.744
Croatia,191,2024,1,2.832
Croatia,191,2025,1,3.614
Croatia,191,2020,2,4.039
Croatia,191,2021,2,3.323
Croatia,191,2022,2,3.025
Croatia,191,2023,2,1.513
Croatia,191,2024,2,5.949
Croatia,191,2025,2,1.224
Croatia,191,2020,3,1.833
Croatia,191,2021,3,0.516
Croatia,191,2022,3,0.066
Croatia,191,2023,3,2.595
Croatia,191,2024,3,4.09
Croatia,191,2025,3,3.164
Croatia,191,2020,4,1.959
Croatia,191,2021,4,-1.018
Croatia,191,2022,4,0.236
Croatia,191,2023,4,-0.109
Croatia,191,2024,4,3.227
Croatia,191,2025,4,2.547
Croatia,191,2020,5,0.828
Croatia,191,2021,5,0.091
Croatia,191,2022,5,3.278
Croatia,191,2023,5,1.171
Croatia,191,2024,5,2.258
Croatia,191,2025,5,0.493
Croatia,191,2020,6,0.836
Croatia,191,2021,6,3.347
Croatia,191,2022,6,4.255
Croatia,191,2023,6,1.916
Croatia,191,2024,6,3.515
Croatia,191,2025,6,4.558
Croatia,191,2020,7,1.536
Croatia,191,2021,7,3.442
Croatia,191,2022,7,3.516
Croatia,191,2023,7,3.345
Croatia,191,2024,7,4.589
Croatia,191,2025,7,2.623
Croatia,191,2020,8,2.994
Croatia,191,2021,8,2.085
Croatia,191,2022,8,2.988
Croatia,191,2023,8,2.574
Croatia,191,2024,8,5.304
Croatia,191,2025,8,2.369
Croatia,191,2020,9,2.19
Croatia,191,2021,9,1.648
Croatia,191,2022,9,0.536
Croatia,191,2023,9,3.577
Croatia,191,2024,9,1.526
Croatia,191,2025,9,2.532
Croatia,191,2020,10,1.081
Croatia,191,2021,10,-0.366
Croatia,191,2022,10,3.576
Croatia,191,2023,10,4.607
Croatia,191,2024,10,2.864
Croatia,191,2025,10,0.035
Croatia,191,2020,11,0.997
Croatia,191,2021,11,1.357
Croatia,191,2022,11,2.084
Croatia,191,2023,11,1.599
Croatia,191,2024,11,0.302
Croatia,191,2025,11,0.949
Croatia,191,2020,12,2.445
Croatia,191,2021,12,1.231
Croatia,191,2022,12,3.302
Croatia,191,2023,12,3.235
Croatia,191,2024,12,1.428
Croatia,191,2025,12,1.958
Cuba,192,2020,1,1.595
Cuba,192,2021,1,1.165
Cuba,192,2022,1,1.279
Cuba,192,2023,1,1.991
Cuba,192,2024,1,2.03
Cuba,192,2025,1,1.001
Cuba,192,2020,2,2.186
Cuba,192,2021,2,2.297
Cuba,192,2022,2,2.111
Cuba,192,2023,2,2.685
Cuba,192,2024,2,0.375
Cuba,192,2025,2,2.391
Cuba,192,2020,3,0.973
Cuba,192,2021,3,1.194
Cuba,192,2022,3,1.844
Cuba,192,2023,3,1.729
Cuba,192,2024,3,2.135
Cuba,192,2025,3,1.169
Cuba,192,2020,4,2.843
Cuba,192,2021,4,1.303
Cuba,192,2022,4,0.903
Cuba,192,2023,4,1.553
Cuba,192,2024,4,1.116
Cuba,192,2025,4,0.83
Cuba,192,2020,5,1.556
Cuba,192,2021,5,1.406
Cuba,192,2022,5,0.789
Cuba,192,2023,5,1.183
Cuba,192,2024,5,2.189
Cuba,192,2025,5,2.286
Cuba,192,2020,6,1.532
Cuba,192,2021,6,0.855
Cuba,192,2022,6,0.575
Cuba,192,2023,6,1.346
Cuba,192,2024,6,1.189
Cuba,192,2025,6,1.861
Cuba,192,2020,7,1.075
Cuba,192,2021,7,0.996
Cuba,192,2022,7,0.974
Cuba,192,2023,7,1.958
Cuba,192,2024,7,1.846
Cuba,192,2025,7,1.671
Cuba,192,2020,8,1.365
Cuba,192,2021,8,0.638
Cuba,192,2022,8,1.02
Cuba,192,2023,8,1.728
Cuba,192,2024,8,1.465
Cuba,192,2025,8,1.599
Cuba,192,2020,9,1.15
Cuba,192,2021,9,1.057
Cuba,192,2022,9,1.214
Cuba,192,2023,9,1.702
Cuba,192,2024,9,1.93
Cuba,192,2025,9,1.192
Cuba,192,2020,10,1.519
Cuba,192,2021,10,1.256
Cuba,192,2022,10,0.942
Cuba,192,2023,10,1.597
Cuba,192,2024,10,2.152
Cuba,192,2025,10,0.936
Cuba,192,2020,11,1.144
Cuba,192,2021,11,0.808
Cuba,192,2022,11,2.067
Cuba,192,2023,11,1.646
Cuba,192,2024,11,1.258
Cuba,192,2025,11,0.705
Cuba,192,2020,12,0.781
Cuba,192,2021,12,1.924
Cuba,192,2022,12,1.732
Cuba,192,2023,12,1.265
Cuba,192,2024,12,1.203
Cuba,192,2025,12,1.566
Cyprus,196,2020,1,-0.005
Cyprus,196,2021,1,2.256
Cyprus,196,2022,1,-0.592
Cyprus,196,2023,1,2.099
Cyprus,196,2024,1,2.28
Cyprus,196,2025,1,2.267
Cyprus,196,2020,2,0.183
Cyprus,196,2021,2,1.783
Cyprus,196,2022,2,0.849
Cyprus,196,2023,2,-0.822
Cyprus,196,2024,2,1.787
Cyprus,196,2025,2,-1.419
Cyprus,196,2020,3,1.38
Cyprus,196,2021,3,0.62
Cyprus,196,2022,3,-2.515
Cyprus,196,2023,3,1.913
Cyprus,196,2024,3,1.855
Cyprus,196,2025,3,3.014
Cyprus,196,2020,4,0.635
Cyprus,196,2021,4,1.62
Cyprus,196,2022,4,2.457
Cyprus,196,2023,4,0.91
Cyprus,196,2024,4,3.889
Cyprus,196,2025,4,1.307
Cyprus,196,2020,5,2.347
Cyprus,196,2021,5,2.81
Cyprus,196,2022,5,1.62
Cyprus,196,2023,5,1.308
Cyprus,196,2024,5,1.603
Cyprus,196,2025,5,1.912
Cyprus,196,2020,6,0.422
Cyprus,196,2021,6,0.808
Cyprus,196,2022,6,1.57
Cyprus,196,2023,6,0.944
Cyprus,196,2024,6,4.516
Cyprus,196,2025,6,2.159
Cyprus,196,2020,7,1.951
Cyprus,196,2021,7,2.583
Cyprus,196,2022,7,1.978
Cyprus,196,2023,7,2.873
Cyprus,196,2024,7,3.362
Cyprus,196,2025,7,2.49
Cyprus,196,2020,8,1.811
Cyprus,196,2021,8,2.763
Cyprus,196,2022,8,1.663
Cyprus,196,2023,8,2.356
Cyprus,196,2024,8,2.375
Cyprus,196,2025,8,2.641
Cyprus,196,2020,9,4.051
Cyprus,196,2021,9,1.444
Cyprus,196,2022,9,2.058
Cyprus,196,2023,9,2.377
Cyprus,196,2024,9,2.041
Cyprus,196,2025,9,1.873
Cyprus,196,2020,10,3.533
Cyprus,196,2021,10,1.117
Cyprus,196,2022,10,1.72
Cyprus,196,2023,10,2.406
Cyprus,196,2024,10,1.085
Cyprus,196,2025,10,0.771
Cyprus,196,2020,11,1.383
Cyprus,196,2021,11,2.164
Cyprus,196,2022,11,1.185
Cyprus,196,2023,11,2.551
Cyprus,196,2024,11,0.282
Cyprus,196,2025,11,3.808
Cyprus,196,2020,12,2.256
Cyprus,196,2021,12,0.819
Cyprus,196,2022,12,2.083
Cyprus,196,2023,12,3.147
Cyprus,196,2024,12,0.808
Cyprus,196,2025,12,1.677
Czechia,203,2020,1,3.702
Czechia,203,2021,1,1.899
Czechia,203,2022,1,3.447
Czechia,203,2023,1,4.948
Czechia,203,2024,1,2.764
Czechia,203,2025,1,3.793
Czechia,203,2020,2,5.386
Czechia,203,2021,2,1.708
Czechia,203,2022,2,4.536
Czechia,203,2023,2,3.048
Czechia,203,2024,2,7.29
Czechia,203,2025,2,1.324
Czechia,203,2020,3,2.217
Czechia,203,2021,3,1.323
Czechia,203,2022,3,1.658
Czechia,203,2023,3,2.893
Czechia,203,2024,3,5.038
Czechia,203,2025,3,3.71
Czechia,203,2020,4,2.534
Czechia,203,2021,4,-1.307
Czechia,203,2022,4,-0.278
Czechia,203,2023,4,-0.294
Czechia,203,2024,4,3.34
Czechia,203,2025,4,3.33
Czechia,203,2020,5,-0.388
Czechia,203,2021,5,-0.918
Czechia,203,2022,5,2.757
Czechia,203,2023,5,0.857
Czechia,203,2024,5,3.124
Czechia,203,2025,5,-0.069
Czechia,203,2020,6,1.444
Czechia,203,2021,6,3.764
Czechia,203,2022,6,3.511
Czechia,203,2023,6,2.157
Czechia,203,2024,6,2.645
Czechia,203,2025,6,3.105
Czechia,203,2020,7,1.521
Czechia,203,2021,7,2.476
Czechia,203,2022,7,2.457
Czechia,203,2023,7,2.986
Czechia,203,2024,7,3.373
Czechia,203,2025,7,1.73
Czechia,203,2020,8,3.406
Czechia,203,2021,8,0.333
Czechia,203,2022,8,3.512
Czechia,203,2023,8,2.795
Czechia,203,2024,8,4.519
Czechia,203,2025,8,1.813
Czechia,203,2020,9,2.022
Czechia,203,2021,9,2.004
Czechia,203,2022,9,-0.05
Czechia,203,2023,9,4.448
Czechia,203,2024,9,2.733
Czechia,203,2025,9,1.736
Czechia,203,2020,10,1.417
Czechia,203,2021,10,0.688
Czechia,203,2022,10,3.591
Czechia,203,2023,10,3.724
Czechia,203,2024,10,2.387
Czechia,203,2025,10,0.324
Czechia,203,2020,11,1.756
Czechia,203,2021,11,1.002
Czechia,203,2022,11,1.964
Czechia,203,2023,11,1.471
Czechia,203,2024,11,0.613
Czechia,203,2025,11,0.608
Czechia,203,2020,12,2.694
Czechia,203,2021,12,1.472
Czechia,203,2022,12,1.4
Czechia,203,2023,12,3.027
Czechia,203,2024,12,2.225
Czechia,203,2025,12,2.38
Democratic People's Republic of Korea,408,2020,1,5.094
Democratic People's Republic of Korea,408,2021,1,1.082
Democratic People's Republic of Korea,408,2022,1,1.86
Democratic People's Republic of Korea,408,2023,1,2.074
Democratic People's Republic of Korea,408,2024,1,3.398
Democratic People's Republic of Korea,408,2025,1,3.735
Democratic People's Republic of Korea,408,2020,2,3.942
Democratic People's Republic of Korea,408,2021,2,3.607
Democratic People's Republic of Korea,408,2022,2,1.056
Democratic People's Republic of Korea,408,2023,2,4.168
Democratic People's Republic of Korea,408,2024,2,4.205
Democratic People's Republic of Korea,408,2025,2,0.779
Democratic People's Republic of Korea,408,2020,3,3.244
Democratic People's Republic of Korea,408,2021,3,4.258
Democratic People's Republic of Korea,408,2022,3,3.262
Democratic People's Republic of Korea,408,2023,3,4.669
Democratic People's Republic of Korea,408,2024,3,2.366
Democratic People's Republic of Korea,408,2025,3,3.184
Democratic People's Republic of Korea,408,2020,4,0.254
Democratic People's Republic of Korea,408,2021,4,2.448
Democratic People's Republic of Korea,408,2022,4,2.968
Democratic People's Republic of Korea,408,2023,4,2.089
Democratic People's Republic of Korea,408,2024,4,4.394
Democratic People's Republic of Korea,408,2025,4,1.695
Democratic People's Republic of Korea,408,2020,5,1.072
Democratic People's Republic of Korea,408,2021,5,0.402
Democratic People's Republic of Korea,408,2022,5,0.978
Democratic People's Republic of Korea,408,2023,5,2.163
Democratic People's Republic of Korea,408,2024,5,1.47
Democratic People's Republic of Korea,408,2025,5,0.497
Democratic People's Republic of Korea,408,2020,6,2.751
Democratic People's Republic of Korea,408,2021,6,1.525
Democratic People's Republic of Korea,408,2022,6,1.497
Democratic People's Republic of Korea,408,2023,6,2.378
Democratic People's Republic of Korea,408,2024,6,2.603
Democratic People's Republic of Korea,408,2025,6,2.889
Democratic People's Republic of Korea,408,2020,7,0.522
Democratic People's Republic of Korea,408,2021,7,3.487
Democratic People's Republic of Korea,408,2022,7,2.424
Democratic People's Republic of Korea,408,2023,7,2.587
Democratic People's Republic of Korea,408,2024,7,2.138
Democratic People's Republic of Korea,408,2025,7,3.303
Democratic People's Republic of Korea,408,2020,8,1.968
Democratic People's Republic of Korea,408,2021,8,0.883
Democratic People's Republic of Korea,408,2022,8,0.598
Democratic People's Republic of Korea,408,2023,8,1.604
Democratic People's Republic of Korea,408,2024,8,3.661
Democratic People's Republic of Korea,408,2025,8,2.39
Democratic People's Republic of Korea,408,2020,9,1.597
Democratic People's Republic of Korea,408,2021,9,2.79
Democratic People's Republic of Korea,408,2022,9,1.933
Democratic People's Republic of Korea,408,2023,9,3.735
Democratic People's Republic of Korea,408,2024,9,3.138
Democratic People's Republic of Korea,408,2025,9,3.003
Democratic People's Republic of Korea,408,2020,10,0.564
Democratic People's Republic of Korea,408,2021,10,1.41
Democratic People's Republic of Korea,408,2022,10,0.485
Democratic People's Republic of Korea,408,2023,10,2.626
Democratic People's Republic of Korea,408,2024,10,2.353
Democratic People's Republic of Korea,408,2025,10,1.149
Democratic People's Republic of Korea,408,2020,11,2.043
Democratic People's Republic of Korea,408,2021,11,2.032
Democratic People's Republic of Korea,408,2022,11,3.102
Democratic People's Republic of Korea,408,2023,11,-0.036
Democratic People's Republic of Korea,408,2024,11,3.21
Democratic People's Republic of Korea,408,2025,11,2.41
Democratic People's Republic of Korea,408,2020,12,0.887
Democratic People's Republic of Korea,408,2021,12,1.486
Democratic People's Republic of Korea,408,2022,12,-1.516
Democratic People's Republic of Korea,408,2023,12,0.587
Democratic People's Republic of Korea,408,2024,12,2.102
Democratic People's Republic of Korea,408,2025,12,1.441
Democratic Republic of the Congo,180,2020,1,1.396
Democratic Republic of the Congo,180,2021,1,1.032
Democratic Republic of the Congo,180,2022,1,1.17
Democratic Republic of the Congo,180,2023,1,0.805
Democratic Republic of the Congo,180,2024,1,1.591
Democratic Republic of the Congo,180,2025,1,0.19
Democratic Republic of the Congo,180,2020,2,1.457
Democratic Republic of the Congo,180,2021,2,1.083
Democratic Republic of the Congo,180,2022,2,1.296
Democratic Republic of the Congo,180,2023,2,1.251
Democratic Republic of the Congo,180,2024,2,1.884
Democratic Republic of the Congo,180,2025,2,0.463
Democratic Republic of the Congo,180,2020,3,1.486
Democratic Republic of the Congo,180,2021,3,0.714
Democratic Republic of the Congo,180,2022,3,1.248
Democratic Republic of the Congo,180,2023,3,1.451
Democratic Republic of the Congo,180,2024,3,1.744
Democratic Republic of the Congo,180,2025,3,0.973
Democratic Republic of the Congo,180,2020,4,1.48
Democratic Republic of the Congo,180,2021,4,1.18
Democratic Republic of the Congo,180,2022,4,0.772
Democratic Republic of the Congo,180,2023,4,1.175
Democratic Republic of the Congo,180,2024,4,-0.204
Democratic Republic of the Congo,180,2025,4,1.372
Democratic Republic of the Congo,180,2020,5,1.434
Democratic Republic of the Congo,180,2021,5,1.723
Democratic Republic of the Congo,180,2022,5,1.016
Democratic Republic of the Congo,180,2023,5,1.542
Democratic Republic of the Congo,180,2024,5,2.334
Democratic Republic of the Congo,180,2025,5,1.222
Democratic Republic of the Congo,180,2020,6,1.169
Democratic Republic of the Congo,180,2021,6,2.184
Democratic Republic of the Congo,180,2022,6,1.42
Democratic Republic of the Congo,180,2023,6,1.577
Democratic Republic of the Congo,180,2024,6,1.504
Democratic Republic of the Congo,180,2025,6,2.091
Democratic Republic of the Congo,180,2020,7,1.633
Democratic Republic of the Congo,180,2021,7,1.724
Democratic Republic of the Congo,180,2022,7,1.577
Democratic Republic of the Congo,180,2023,7,2.094
Democratic Republic of the Congo,180,2024,7,3.38
Democratic Republic of the Congo,180,2025,7,1.658
Democratic Republic of the Congo,180,2020,8,1.893
Democratic Republic of the Congo,180,2021,8,1.607
Democratic Republic of the Congo,180,2022,8,1.21
Democratic Republic of the Congo,180,2023,8,1.714
Democratic Republic of the Congo,180,2024,8,1.941
Democratic Republic of the Congo,180,2025,8,0.93
Democratic Republic of the Congo,180,2020,9,1.173
Democratic Republic of the Congo,180,2021,9,1.293
Democratic Republic of the Congo,180,2022,9,1.126
Democratic Republic of the Congo,180,2023,9,1.514
Democratic Republic of the Congo,180,2024,9,1.237
Democratic Republic of the Congo,180,2025,9,2.002
Democratic Republic of the Congo,180,2020,10,1.199
Democratic Republic of the Congo,180,2021,10,0.992
Democratic Republic of the Congo,180,2022,10,1.29
Democratic Republic of the Congo,180,2023,10,1.099
Democratic Republic of the Congo,180,2024,10,0.78
Democratic Republic of the Congo,180,2025,10,1.603
Democratic Republic of the Congo,180,2020,11,1.21
Democratic Republic of the Congo,180,2021,11,1.352
Democratic Republic of the Congo,180,2022,11,1.248
Democratic Republic of the Congo,180,2023,11,0.791
Democratic Republic of the Congo,180,2024,11,0.022
Democratic Republic of the Congo,180,2025,11,1.703
Democratic Republic of the Congo,180,2020,12,1.321
Democratic Republic of the Congo,180,2021,12,1.521
Democratic Republic of the Congo,180,2022,12,0.84
Democratic Republic of the Congo,180,2023,12,1.027
Democratic Republic of the Congo,180,2024,12,-0.117
Democratic Republic of the Congo,180,2025,12,1.96
Denmark,208,2020,1,5.753
Denmark,208,2021,1,1.319
Denmark,208,2022,1,4.352
Denmark,208,2023,1,4.451
Denmark,208,2024,1,1.201
Denmark,208,2025,1,3.167
Denmark,208,2020,2,5.703
Denmark,208,2021,2,1.07
Denmark,208,2022,2,4.891
Denmark,208,2023,2,4.238
Denmark,208,2024,2,5.144
Denmark,208,2025,2,2.395
Denmark,208,2020,3,2.976
Denmark,208,2021,3,2.662
Denmark,208,2022,3,2.603
Denmark,208,2023,3,2.132
Denmark,208,2024,3,3.955
Denmark,208,2025,3,3.848
Denmark,208,2020,4,2.454
Denmark,208,2021,4,0.267
Denmark,208,2022,4,1.162
Denmark,208,2023,4,1.497
Denmark,208,2024,4,2.401
Denmark,208,2025,4,3.753
Denmark,208,2020,5,0.07
Denmark,208,2021,5,0.042
Denmark,208,2022,5,1.498
Denmark,208,2023,5,1.217
Denmark,208,2024,5,4.493
Denmark,208,2025,5,1.173
Denmark,208,2020,6,2.376
Denmark,208,2021,6,2.577
Denmark,208,2022,6,1.499
Denmark,208,2023,6,2.367
Denmark,208,2024,6,0.831
Denmark,208,2025,6,1.066
Denmark,208,2020,7,-0.314
Denmark,208,2021,7,3.224
Denmark,208,2022,7,1.396
Denmark,208,2023,7,0.707
Denmark,208,2024,7,1.116
Denmark,208,2025,7,2.655
Denmark,208,2020,8,2.895
Denmark,208,2021,8,0.431
Denmark,208,2022,8,2.881
Denmark,208,2023,8,1.029
Denmark,208,2024,8,1.917
Denmark,208,2025,8,1.144
Denmark,208,2020,9,1.558
Denmark,208,2021,9,1.855
Denmark,208,2022,9,0.65
Denmark,208,2023,9,3.846
Denmark,208,2024,9,2.504
Denmark,208,2025,9,2.227
Denmark,208,2020,10,1.76
Denmark,208,2021,10,1.786
Denmark,208,2022,10,3.067
Denmark,208,2023,10,1.227
Denmark,208,2024,10,1.903
Denmark,208,2025,10,1.388
Denmark,208,2020,11,3.218
Denmark,208,2021,11,2.15
Denmark,208,2022,11,2.643
Denmark,208,2023,11,-0.028
Denmark,208,2024,11,1.452
Denmark,208,2025,11,1.328
Denmark,208,2020,12,2.867
Denmark,208,2021,12,0.135
Denmark,208,2022,12,-0.176
Denmark,208,2023,12,1.212
Denmark,208,2024,12,3.322
Denmark,208,2025,12,3.558
Djibouti,262,2020,1,1.487
Djibouti,262,2021,1,0.0
Djibouti,262,2022,1,1.246
Djibouti,262,2023,1,-0.235
Djibouti,262,2024,1,1.092
Djibouti,262,2025,1,0.717
Djibouti,262,2020,2,1.953
Djibouti,262,2022,2,0.71
Djibouti,262,2023,2,2.973
Djibouti,262,2024,2,2.134
Djibouti,262,2025,2,1.523
Djibouti,262,2021,3,1.038
Djibouti,262,2022,3,0.634
Djibouti,262,2023,3,-0.958
Djibouti,262,2024,3,1.78
Djibouti,262,2025,3,1.48
Djibouti,262,2022,4,2.294
Djibouti,262,2023,4,-1.376
Djibouti,262,2024,4,2.242
Djibouti,262,2025,4,1.642
Djibouti,262,2020,5,0.486
Djibouti,262,2022,5,2.878
Djibouti,262,2023,5,-2.676
Djibouti,262,2024,5,1.255
Djibouti,262,2025,5,1.438
Djibouti,262,2021,6,1.421
Djibouti,262,2024,6,1.312
Djibouti,262,2025,6,0.828
Djibouti,262,2020,7,0.936
Djibouti,262,2021,7,-0.545
Djibouti,262,2022,7,0.301
Djibouti,262,2023,7,2.0
Djibouti,262,2024,7,1.943
Djibouti,262,2020,8,0.778
Djibouti,262,2021,8,1.031
Djibouti,262,2023,8,0.978
Djibouti,262,2025,8,0.878
Djibouti,262,2020,9,0.225
Djibouti,262,2021,9,0.54
Djibouti,262,2022,9,0.295
Djibouti,262,2023,9,0.642
Djibouti,262,2025,9,1.778
Djibouti,262,2020,10,0.786
Djibouti,262,2022,10,0.493
Djibouti,262,2023,10,0.289
Djibouti,262,2024,10,1.916
Djibouti,262,2025,10,1.416
Djibouti,262,2020,11,0.718
Djibouti,262,2021,11,0.955
Djibouti,262,2022,11,0.751
Djibouti,262,2024,11,1.469
Djibouti,262,2020,12,1.115
Djibouti,262,2021,12,0.596
Djibouti,262,2022,12,0.792
Djibouti,262,2023,12,0.771
Djibouti,262,2024,12,0.832
Dominica,212,2020,1,0.969
Dominica,212,2021,1,0.799
Dominica,212,2022,1,0.45
Dominica,212,2023,1,0.513
Dominica,212,2024,1,1.637
Dominica,212,2025,1,1.489
Dominica,212,2020,2,1.208
Dominica,212,2021,2,1.026
Dominica,212,2022,2,0.639
Dominica,212,2023,2,0.347
Dominica,212,2024,2,1.704
Dominica,212,2025,2,1.272
Dominica,212,2020,3,0.419
Dominica,212,2021,3,0.637
Dominica,212,2022,3,0.867
Dominica,212,2023,3,0.257
Dominica,212,2024,3,1.721
Dominica,212,2025,3,1.272
Dominica,212,2020,4,1.146
Dominica,212,2021,4,0.642
Dominica,212,2022,4,0.56
Dominica,212,2023,4,0.612
Dominica,212,2024,4,1.539
Dominica,212,2025,4,1.038
Dominica,212,2020,5,1.428
Dominica,212,2021,5,0.735
Dominica,212,2022,5,0.76
Dominica,212,2023,5,0.933
Dominica,212,2024,5,2.085
Dominica,212,2025,5,0.942
Dominica,212,2020,6,1.295
Dominica,212,2021,6,0.563
Dominica,212,2022,6,0.77
Dominica,212,2023,6,1.316
Dominica,212,2024,6,1.746
Dominica,212,2025,6,0.887
Dominica,212,2020,7,1.099
Dominica,212,2021,7,0.873
Dominica,212,2022,7,0.647
Dominica,212,2023,7,1.376
Dominica,212,2024,7,1.534
Dominica,212,2025,7,0.952
Dominica,212,2020,8,1.52
Dominica,212,2021,8,0.932
Dominica,212,2022,8,0.756
Dominica,212,2023,8,1.691
Dominica,212,2024,8,1.315
Dominica,212,2025,8,1.65
Dominica,212,2020,9,1.161
Dominica,212,2021,9,0.967
Dominica,212,2022,9,0.769
Dominica,212,2023,9,1.643
Dominica,212,2025,9,1.23
Dominica,212,2020,10,0.576
Dominica,212,2021,10,1.084
Dominica,212,2022,10,0.719
Dominica,212,2023,10,1.465
Dominica,212,2024,10,1.711
Dominica,212,2025,10,1.38
Dominica,212,2020,11,0.524
Dominica,212,2021,11,0.737
Dominica,212,2022,11,0.733
Dominica,212,2023,11,1.312
Dominica,212,2024,11,1.592
Dominica,212,2025,11,0.877
Dominica,212,2020,12,0.48
Dominica,212,2021,12,1.232
Dominica,212,2022,12,0.272
Dominica,212,2023,12,1.124
Dominica,212,2024,12,1.353
Dominica,212,2025,12,0.764
Dominican Republic,214,2020,1,1.415
Dominican Republic,214,2021,1,0.624
Dominican Republic,214,2022,1,0.615
Dominican Republic,214,2023,1,0.993
Dominican Republic,214,2024,1,1.628
Dominican Republic,214,2025,1,0.767
Dominican Republic,214,2020,2,1.667
Dominican Republic,214,2021,2,1.691
Dominican Republic,214,2022,2,0.786
Dominican Republic,214,2023,2,0.78
Dominican Republic,214,2024,2,0.883
Dominican Republic,214,2025,2,1.649
Dominican Republic,214,2020,3,0.95
Dominican Republic,214,2021,3,0.89
Dominican Republic,214,2022,3,0.869
Dominican Republic,214,2023,3,0.524
Dominican Republic,214,2024,3,1.094
Dominican Republic,214,2025,3,0.696
Dominican Republic,214,2020,4,1.593
Dominican Republic,214,2021,4,0.46
Dominican Republic,214,2022,4,0.173
Dominican Republic,214,2023,4,0.583
Dominican Republic,214,2024,4,1.212
Dominican Republic,214,2025,4,1.191
Dominican Republic,214,2020,5,2.028
Dominican Republic,214,2021,5,0.75
Dominican Republic,214,2022,5,0.745
Dominican Republic,214,2023,5,1.167
Dominican Republic,214,2024,5,1.638
Dominican Republic,214,2025,5,1.019
Dominican Republic,214,2020,6,1.667
Dominican Republic,214,2021,6,0.561
Dominican Republic,214,2022,6,0.954
Dominican Republic,214,2023,6,1.992
Dominican Republic,214,2024,6,2.018
Dominican Republic,214,2025,6,1.026
Dominican Republic,214,2020,7,1.534
Dominican Republic,214,2021,7,0.731
Dominican Republic,214,2022,7,0.793
Dominican Republic,214,2023,7,1.847
Dominican Republic,214,2024,7,0.676
Dominican Republic,214,2025,7,0.834
Dominican Republic,214,2020,8,0.991
Dominican Republic,214,2021,8,0.977
Dominican Republic,214,2022,8,1.026
Dominican Republic,214,2023,8,1.813
Dominican Republic,214,2024,8,1.623
Dominican Republic,214,2025,8,1.492
Dominican Republic,214,2020,9,1.16
Dominican Republic,214,2021,9,1.362
Dominican Republic,214,2022,9,1.265
Dominican Republic,214,2023,9,2.069
Dominican Republic,214,2024,9,1.977
Dominican Republic,214,2025,9,1.331
Dominican Republic,214,2020,10,1.18
Dominican Republic,214,2021,10,1.158
Dominican Republic,214,2022,10,0.722
Dominican Republic,214,2023,10,1.894
Dominican Republic,214,2024,10,2.048
Dominican Republic,214,2025,10,1.357
Dominican Republic,214,2020,11,0.636
Dominican Republic,214,2021,11,1.272
Dominican Republic,214,2022,11,1.063
Dominican Republic,214,2023,11,1.499
Dominican Republic,214,2024,11,0.774
Dominican Republic,214,2025,11,0.89
Dominican Republic,214,2020,12,0.991
Dominican Republic,214,2021,12,1.707
Dominican Republic,214,2022,12,0.156
Dominican Republic,214,2023,12,1.013
Dominican Republic,214,2024,12,1.207
Dominican Republic,214,2025,12,0.779
Ecuador,218,2020,1,1.792
Ecuador,218,2021,1,0.741
Ecuador,218,2022,1,1.036
Ecuador,218,2023,1,0.935
Ecuador,218,2024,1,2.473
Ecuador,218,2025,1,1.46
Ecuador,218,2020,2,1.868
Ecuador,218,2021,2,1.19
Ecuador,218,2022,2,0.893
Ecuador,218,2023,2,1.328
Ecuador,218,2024,2,2.277
Ecuador,218,2025,2,1.639
Ecuador,218,2020,3,1.695
Ecuador,218,2021,3,0.875
Ecuador,218,2022,3,1.155
Ecuador,218,2023,3,1.253
Ecuador,218,2024,3,1.861
Ecuador,218,2025,3,1.27
Ecuador,218,2020,4,1.697
Ecuador,218,2021,4,0.689
Ecuador,218,2022,4,0.826
Ecuador,218,2023,4,1.647
Ecuador,218,2024,4,2.299
Ecuador,218,2025,4,1.648
Ecuador,218,2020,5,1.989
Ecuador,218,2021,5,0.813
Ecuador,218,2022,5,-0.507
Ecuador,218,2023,5,2.164
Ecuador,218,2024,5,2.065
Ecuador,218,2025,5,1.331
Ecuador,218,2020,6,1.837
Ecuador,218,2021,6,1.069
Ecuador,218,2022,6,0.466
Ecuador,218,2023,6,2.489
Ecuador,218,2024,6,1.593
Ecuador,218,2025,6,1.618
Ecuador,218,2020,7,1.188
Ecuador,218,2021,7,1.608
Ecuador,218,2022,7,0.661
Ecuador,218,2023,7,2.707
Ecuador,218,2024,7,1.666
Ecuador,218,2025,7,1.501
Ecuador,218,2020,8,1.316
Ecuador,218,2021,8,1.628
Ecuador,218,2022,8,0.953
Ecuador,218,2023,8,3.009
Ecuador,218,2024,8,1.829
Ecuador,218,2025,8,1.215
Ecuador,218,2020,9,1.231
Ecuador,218,2021,9,1.136
Ecuador,218,2022,9,0.975
Ecuador,218,2023,9,3.143
Ecuador,218,2024,9,2.076
Ecuador,218,2025,9,1.443
Ecuador,218,2020,10,1.345
Ecuador,218,2021,10,0.505
Ecuador,218,2022,10,0.774
Ecuador,218,2023,10,3.004
Ecuador,218,2024,10,1.631
Ecuador,218,2025,10,1.326
Ecuador,218,2020,11,1.294
Ecuador,218,2021,11,0.752
Ecuador,218,2022,11,0.644
Ecuador,218,2023,11,2.508
Ecuador,218,2024,11,1.722
Ecuador,218,2025,11,1.643
Ecuador,218,2020,12,1.012
Ecuador,218,2021,12,0.842
Ecuador,218,2022,12,0.941
Ecuador,218,2023,12,2.365
Ecuador,218,2024,12,1.83
Ecuador,218,2025,12,1.215
Egypt,818,2020,1,-0.576
Egypt,818,2021,1,2.471
Egypt,818,2022,1,-0.863
Egypt,818,2023,1,1.897
Egypt,818,2024,1,2.023
Egypt,818,2025,1,3.312
Egypt,818,2020,2,-0.382
Egypt,818,2021,2,0.875
Egypt,818,2022,2,-0.952
Egypt,818,2023,2,-0.534
Egypt,818,2024,2,0.617
Egypt,818,2025,2,-0.198
Egypt,818,2020,3,0.807
Egypt,818,2021,3,0.82
Egypt,818,2022,3,-1.656
Egypt,818,2023,3,2.415
Egypt,818,2024,3,1.719
Egypt,818,2025,3,2.11
Egypt,818,2020,4,-0.299
Egypt,818,2021,4,0.903
Egypt,818,2022,4,3.012
Egypt,818,2023,4,0.944
Egypt,818,2024,4,1.685
Egypt,818,2025,4,1.201
Egypt,818,2020,5,0.974
Egypt,818,2021,5,3.03
Egypt,818,2022,5,0.382
Egypt,818,2023,5,1.092
Egypt,818,2024,5,1.269
Egypt,818,2025,5,1.009
Egypt,818,2020,6,0.977
Egypt,818,2021,6,0.821
Egypt,818,2022,6,1.06
Egypt,818,2023,6,1.447
Egypt,818,2024,6,3.219
Egypt,818,2025,6,-0.109
Egypt,818,2020,7,1.33
Egypt,818,2021,7,2.213
Egypt,818,2022,7,0.88
Egypt,818,2023,7,2.361
Egypt,818,2024,7,2.819
Egypt,818,2025,7,2.196
Egypt,818,2020,8,1.85
Egypt,818,2021,8,1.923
Egypt,818,2022,8,1.983
Egypt,818,2023,8,2.495
Egypt,818,2024,8,3.205
Egypt,818,2025,8,1.865
Egypt,818,2020,9,3.486
Egypt,818,2021,9,1.566
Egypt,818,2022,9,2.303
Egypt,818,2023,9,3.022
Egypt,818,2024,9,3.172
Egypt,818,2025,9,0.807
Egypt,818,2020,10,2.82
Egypt,818,2021,10,1.122
Egypt,818,2022,10,0.193
Egypt,818,2023,10,2.142
Egypt,818,2024,10,0.778
Egypt,818,2025,10,1.118
Egypt,818,2020,11,0.108
Egypt,818,2021,11,2.29
Egypt,818,2022,11,0.403
Egypt,818,2023,11,2.778
Egypt,818,2024,11,0.534
Egypt,818,2025,11,2.191
Egypt,818,2020,12,2.229
Egypt,818,2021,12,0.613
Egypt,818,2022,12,2.355
Egypt,818,2023,12,3.121
Egypt,818,2024,12,1.325
Egypt,818,2025,12,1.64
El Salvador,222,2020,1,1.156
El Salvador,222,2021,1,1.182
El Salvador,222,2022,1,1.126
El Salvador,222,2023,1,1.019
El Salvador,222,2024,1,1.903
El Salvador,222,2025,1,1.434
El Salvador,222,2020,2,1.383
El Salvador,222,2021,2,1.222
El Salvador,222,2022,2,1.128
El Salvador,222,2023,2,1.373
El Salvador,222,2024,2,1.262
El Salvador,222,2025,2,1.747
El Salvador,222,2020,3,1.461
El Salvador,222,2021,3,0.99
El Salvador,222,2022,3,1.099
El Salvador,222,2023,3,0.971
El Salvador,222,2024,3,2.474
El Salvador,222,2025,3,1.67
El Salvador,222,2020,4,2.297
El Salvador,222,2021,4,0.732
El Salvador,222,2022,4,0.729
El Salvador,222,2023,4,0.878
El Salvador,222,2024,4,1.928
El Salvador,222,2025,4,0.908
El Salvador,222,2020,5,1.556
El Salvador,222,2021,5,1.071
El Salvador,222,2022,5,0.499
El Salvador,222,2023,5,1.586
El Salvador,222,2024,5,2.431
El Salvador,222,2025,5,1.795
El Salvador,222,2020,6,2.116
El Salvador,222,2021,6,0.947
El Salvador,222,2022,6,-0.191
El Salvador,222,2023,6,1.893
El Salvador,222,2024,6,0.839
El Salvador,222,2025,6,1.194
El Salvador,222,2020,7,2.405
El Salvador,222,2021,7,1.216
El Salvador,222,2022,7,0.769
El Salvador,222,2023,7,2.054
El Salvador,222,2024,7,1.498
El Salvador,222,2025,7,1.355
El Salvador,222,2020,8,1.149
El Salvador,222,2021,8,0.819
El Salvador,222,2022,8,0.401
El Salvador,222,2023,8,1.853
El Salvador,222,2024,8,1.494
El Salvador,222,2025,8,0.998
El Salvador,222,2020,9,1.602
El Salvador,222,2021,9,1.293
El Salvador,222,2022,9,0.323
El Salvador,222,2023,9,2.384
El Salvador,222,2024,9,1.556
El Salvador,222,2025,9,1.62
El Salvador,222,2020,10,1.097
El Salvador,222,2021,10,1.406
El Salvador,222,2022,10,0.82
El Salvador,222,2023,10,1.353
El Salvador,222,2024,10,1.159
El Salvador,222,2025,10,0.636
El Salvador,222,2020,11,-0.022
El Salvador,222,2021,11,0.939
El Salvador,222,2022,11,0.797
El Salvador,222,2023,11,1.397
El Salvador,222,2024,11,0.579
El Salvador,222,2025,11,0.999
El Salvador,222,2020,12,0.398
El Salvador,222,2021,12,1.4
El Salvador,222,2022,12,0.564
El Salvador,222,2023,12,1.522
El Salvador,222,2024,12,1.024
El Salvador,222,2025,12,0.891
Equatorial Guinea,226,2020,1,1.788
Equatorial Guinea,226,2021,1,0.793
Equatorial Guinea,226,2022,1,1.343
Equatorial Guinea,226,2023,1,0.033
Equatorial Guinea,226,2024,1,1.684
Equatorial Guinea,226,2025,1,0.214
Equatorial Guinea,226,2020,2,1.836
Equatorial Guinea,226,2021,2,0.562
Equatorial Guinea,226,2022,2,0.993
Equatorial Guinea,226,2023,2,0.838
Equatorial Guinea,226,2024,2,2.137
Equatorial Guinea,226,2025,2,1.719
Equatorial Guinea,226,2020,3,1.485
Equatorial Guinea,226,2021,3,0.121
Equatorial Guinea,226,2022,3,1.187
Equatorial Guinea,226,2023,3,0.776
Equatorial Guinea,226,2024,3,1.527
Equatorial Guinea,226,2025,3,1.288
Equatorial Guinea,226,2020,4,1.164
Equatorial Guinea,226,2021,4,0.336
Equatorial Guinea,226,2022,4,0.543
Equatorial Guinea,226,2023,4,0.74
Equatorial Guinea,226,2024,4,1.428
Equatorial Guinea,226,2025,4,1.169
Equatorial Guinea,226,2020,5,1.504
Equatorial Guinea,226,2021,5,0.752
Equatorial Guinea,226,2022,5,0.455
Equatorial Guinea,226,2023,5,1.16
Equatorial Guinea,226,2024,5,1.644
Equatorial Guinea,226,2025,5,0.963
Equatorial Guinea,226,2020,6,1.393
Equatorial Guinea,226,2021,6,1.69
Equatorial Guinea,226,2022,6,1.644
Equatorial Guinea,226,2023,6,1.309
Equatorial Guinea,226,2024,6,1.908
Equatorial Guinea,226,2025,6,2.121
Equatorial Guinea,226,2020,7,1.201
Equatorial Guinea,226,2021,7,1.394
Equatorial Guinea,226,2022,7,1.639
Equatorial Guinea,226,2023,7,1.711
Equatorial Guinea,226,2024,7,1.445
Equatorial Guinea,226,2025,7,1.767
Equatorial Guinea,226,2020,8,1.481
Equatorial Guinea,226,2021,8,1.615
Equatorial Guinea,226,2022,8,1.143
Equatorial Guinea,226,2023,8,1.444
Equatorial Guinea,226,2024,8,1.999
Equatorial Guinea,226,2025,8,1.238
Equatorial Guinea,226,2020,9,0.748
Equatorial Guinea,226,2021,9,0.804
Equatorial Guinea,226,2022,9,0.652
Equatorial Guinea,226,2023,9,1.371
Equatorial Guinea,226,2024,9,1.085
Equatorial Guinea,226,2025,9,1.503
Equatorial Guinea,226,2020,10,0.664
Equatorial Guinea,226,2021,10,1.674
Equatorial Guinea,226,2022,10,0.594
Equatorial Guinea,226,2023,10,1.429
Equatorial Guinea,226,2024,10,0.894
Equatorial Guinea,226,2025,10,1.226
Equatorial Guinea,226,2020,11,0.646
Equatorial Guinea,226,2021,11,1.265
Equatorial Guinea,226,2022,11,1.107
Equatorial Guinea,226,2023,11,0.851
Equatorial Guinea,226,2024,11,1.939
Equatorial Guinea,226,2025,11,0.956
Equatorial Guinea,226,2020,12,0.922
Equatorial Guinea,226,2021,12,0.829
Equatorial Guinea,226,2022,12,0.636
Equatorial Guinea,226,2023,12,-0.106
Equatorial Guinea,226,2024,12,1.073
Equatorial Guinea,226,2025,12,1.025
Eritrea,232,2020,1,-0.94
Eritrea,232,2021,1,2.121
Eritrea,232,2022,1,0.286
Eritrea,232,2020,2,-0.156
Eritrea,232,2021,2,0.032
Eritrea,232,2022,2,-0.532
Eritrea,232,2020,3,-0.076
Eritrea,232,2021,3,2.096
Eritrea,232,2023,3,0.012
Eritrea,232,2021,5,0.606
Eritrea,232,2022,5,2.315
Eritrea,232,2021,7,1.059
Eritrea,232,2022,7,0.052
Eritrea,232,2020,8,0.055
Eritrea,232,2021,8,0.964
Eritrea,232,2022,8,-0.816
Eritrea,232,2020,9,0.263
Eritrea,232,2021,9,0.537
Eritrea,232,2022,9,-0.19
Eritrea,232,2020,10,0.312
Eritrea,232,2021,10,1.156
Eritrea,232,2022,10,0.196
Eritrea,232,2020,11,0.424
Eritrea,232,2021,11,2.254
Eritrea,232,2022,11,2.058
Eritrea,232,2020,12,1.718
Eritrea,232,2021,12,1.985
Eritrea,232,2022,12,0.234
Estonia,233,2020,1,8.652
Estonia,233,2021,1,2.667
Estonia,233,2022,1,3.909
Estonia,233,2023,1,4.744
Estonia,233,2024,1,-0.512
Estonia,233,2025,1,6.533
Estonia,233,2020,2,7.9
Estonia,233,2021,2,0.449
Estonia,233,2022,2,5.819
Estonia,233,2023,2,4.807
Estonia,233,2024,2,4.969
Estonia,233,2025,2,3.582
Estonia,233,2020,3,5.485
Estonia,233,2021,3,3.371
Estonia,233,2022,3,3.715
Estonia,233,2023,3,3.226
Estonia,233,2024,3,4.725
Estonia,233,2025,3,6.044
Estonia,233,2020,4,1.872
Estonia,233,2021,4,1.908
Estonia,233,2022,4,0.983
Estonia,233,2023,4,3.14
Estonia,233,2024,4,2.341
Estonia,233,2025,4,3.121
Estonia,233,2020,5,-0.157
Estonia,233,2021,5,0.993
Estonia,233,2022,5,0.324
Estonia,233,2023,5,1.487
Estonia,233,2024,5,4.108
Estonia,233,2025,5,0.077
Estonia,233,2020,6,3.168
Estonia,233,2021,6,4.135
Estonia,233,2022,6,2.181
Estonia,233,2023,6,1.735
Estonia,233,2024,6,2.425
Estonia,233,2025,6,-0.297
Estonia,233,2020,7,-0.053
Estonia,233,2021,7,4.652
Estonia,233,2022,7,1.596
Estonia,233,2023,7,0.393
Estonia,233,2024,7,2.517
Estonia,233,2025,7,2.956
Estonia,233,2020,8,1.294
Estonia,233,2021,8,0.327
Estonia,233,2022,8,3.865
Estonia,233,2023,8,2.461
Estonia,233,2024,8,2.327
Estonia,233,2025,8,0.17
Estonia,233,2020,9,2.742
Estonia,233,2021,9,-0.625
Estonia,233,2022,9,-0.875
Estonia,233,2023,9,4.315
Estonia,233,2024,9,4.502
Estonia,233,2025,9,3.161
Estonia,233,2020,10,3.078
Estonia,233,2021,10,2.169
Estonia,233,2022,10,2.463
Estonia,233,2023,10,-0.24
Estonia,233,2024,10,2.445
Estonia,233,2025,10,1.391
Estonia,233,2020,11,4.026
Estonia,233,2021,11,1.957
Estonia,233,2022,11,1.463
Estonia,233,2023,11,-0.112
Estonia,233,2024,11,3.175
Estonia,233,2025,11,2.814
Estonia,233,2020,12,3.612
Estonia,233,2021,12,-1.903
Estonia,233,2022,12,0.175
Estonia,233,2023,12,0.193
Estonia,233,2024,12,3.81
Estonia,233,2025,12,4.951
Eswatini,748,2020,1,0.913
Eswatini,748,2021,1,1.313
Eswatini,748,2022,1,0.303
Eswatini,748,2023,1,0.855
Eswatini,748,2024,1,0.022
Eswatini,748,2025,1,1.18
Eswatini,748,2020,2,0.478
Eswatini,748,2021,2,0.478
Eswatini,748,2022,2,0.813
Eswatini,748,2023,2,0.469
Eswatini,748,2024,2,1.183
Eswatini,748,2025,2,1.018
Eswatini,748,2020,3,0.29
Eswatini,748,2021,3,0.812
Eswatini,748,2022,3,1.813
Eswatini,748,2023,3,1.012
Eswatini,748,2024,3,1.084
Eswatini,748,2025,3,0.78
Eswatini,748,2020,4,0.27
Eswatini,748,2021,4,0.356
Eswatini,748,2022,4,0.708
Eswatini,748,2023,4,0.854
Eswatini,748,2024,4,0.388
Eswatini,748,2025,4,0.652
Eswatini,748,2020,5,0.383
Eswatini,748,2021,5,0.143
Eswatini,748,2022,5,1.019
Eswatini,748,2023,5,-0.59
Eswatini,748,2024,5,1.057
Eswatini,748,2025,5,0.633
Eswatini,748,2020,6,0.366
Eswatini,748,2021,6,0.939
Eswatini,748,2022,6,-0.129
Eswatini,748,2023,6,1.989
Eswatini,748,2024,6,0.917
Eswatini,748,2025,6,1.092
Eswatini,748,2020,7,-0.007
Eswatini,748,2021,7,0.337
Eswatini,748,2022,7,-0.25
Eswatini,748,2023,7,0.144
Eswatini,748,2024,7,1.201
Eswatini,748,2025,7,0.711
Eswatini,748,2020,8,0.035
Eswatini,748,2021,8,0.504
Eswatini,748,2022,8,1.319
Eswatini,748,2023,8,0.241
Eswatini,748,2024,8,2.143
Eswatini,748,2025,8,1.55
Eswatini,748,2020,9,-0.542
Eswatini,748,2021,9,0.633
Eswatini,748,2022,9,2.398
Eswatini,748,2023,9,2.14
Eswatini,748,2024,9,1.219
Eswatini,748,2025,9,1.948
Eswatini,748,2020,10,-0.32
Eswatini,748,2021,10,0.07
Eswatini,748,2022,10,2.02
Eswatini,748,2023,10,0.005
Eswatini,748,2024,10,0.637
Eswatini,748,2025,10,0.313
Eswatini,748,2020,11,0.832
Eswatini,748,2021,11,0.439
Eswatini,748,2022,11,0.992
Eswatini,748,2023,11,1.288
Eswatini,748,2024,11,1.431
Eswatini,748,2025,11,-0.248
Eswatini,748,2020,12,0.764
Eswatini,748,2021,12,1.262
Eswatini,748,2022,12,0.77
Eswatini,748,2023,12,-0.06
Eswatini,748,2024,12,2.671
Eswatini,748,2025,12,-0.431
Ethiopia,231,2020,1,0.578
Ethiopia,231,2021,1,0.728
Ethiopia,231,2022,1,0.572
Ethiopia,231,2023,1,0.887
Ethiopia,231,2024,1,1.909
Ethiopia,231,2025,1,1.262
Ethiopia,231,2020,2,1.243
Ethiopia,231,2021,2,0.613
Ethiopia,231,2022,2,0.867
Ethiopia,231,2023,2,1.295
Ethiopia,231,2024,2,1.978
Ethiopia,231,2025,2,2.097
Ethiopia,231,2020,3,0.791
Ethiopia,231,2021,3,0.925
Ethiopia,231,2022,3,0.838
Ethiopia,231,2023,3,0.114
Ethiopia,231,2024,3,2.007
Ethiopia,231,2025,3,1.552
Ethiopia,231,2020,4,0.7
Ethiopia,231,2021,4,0.785
Ethiopia,231,2022,4,1.376
Ethiopia,231,2023,4,0.11
Ethiopia,231,2024,4,1.719
Ethiopia,231,2025,4,1.796
Ethiopia,231,2020,5,0.62
Ethiopia,231,2021,5,0.413
Ethiopia,231,2022,5,2.154
Ethiopia,231,2023,5,-0.419
Ethiopia,231,2024,5,1.793
Ethiopia,231,2025,5,1.47
Ethiopia,231,2020,6,0.346
Ethiopia,231,2021,6,1.104
Ethiopia,231,2022,6,0.2
Ethiopia,231,2023,6,0.741
Ethiopia,231,2024,6,1.561
Ethiopia,231,2025,6,1.405
Ethiopia,231,2020,7,0.623
Ethiopia,231,2021,7,0.114
Ethiopia,231,2022,7,0.2
Ethiopia,231,2023,7,1.188
Ethiopia,231,2024,7,1.568
Ethiopia,231,2025,7,0.482
Ethiopia,231,2020,8,0.715
Ethiopia,231,2021,8,1.051
Ethiopia,231,2022,8,0.286
Ethiopia,231,2023,8,1.136
Ethiopia,231,2024,8,0.709
Ethiopia,231,2025,8,0.279
Ethiopia,231,2020,9,0.758
Ethiopia,231,2021,9,0.902
Ethiopia,231,2022,9,0.481
Ethiopia,231,2023,9,1.509
Ethiopia,231,2024,9,1.003
Ethiopia,231,2025,9,1.068
Ethiopia,231,2020,10,1.244
Ethiopia,231,2021,10,1.753
Ethiopia,231,2022,10,0.962
Ethiopia,231,2023,10,1.477
Ethiopia,231,2024,10,1.931
Ethiopia,231,2025,10,2.001
Ethiopia,231,2020,11,1.013
Ethiopia,231,2021,11,0.797
Ethiopia,231,2022,11,0.954
Ethiopia,231,2023,11,1.244
Ethiopia,231,2024,11,1.59
Ethiopia,231,2020,12,1.388
Ethiopia,231,2021,12,1.28
Ethiopia,231,2022,12,0.889
Ethiopia,231,2023,12,1.333
Ethiopia,231,2024,12,1.719
Faroe Islands,234,2020,1,2.501
Faroe Islands,234,2021,1,-0.226
Faroe Islands,234,2022,1,2.483
Faroe Islands,234,2023,1,0.699
Faroe Islands,234,2024,1,0.983
Faroe Islands,234,2025,1,1.226
Faroe Islands,234,2020,2,0.633
Faroe Islands,234,2021,2,2.094
Faroe Islands,234,2022,2,0.773
Faroe Islands,234,2023,2,2.424
Faroe Islands,234,2024,2,1.423
Faroe Islands,234,2025,2,3.175
Faroe Islands,234,2020,3,0.408
Faroe Islands,234,2021,3,2.093
Faroe Islands,234,2022,3,1.654
Faroe Islands,234,2023,3,-2.041
Faroe Islands,234,2024,3,1.264
Faroe Islands,234,2025,3,1.861
Faroe Islands,234,2020,4,0.801
Faroe Islands,234,2021,4,-0.418
Faroe Islands,234,2022,4,0.871
Faroe Islands,234,2023,4,0.811
Faroe Islands,234,2024,4,0.771
Faroe Islands,234,2025,4,1.905
Faroe Islands,234,2020,5,0.433
Faroe Islands,234,2021,5,-0.977
Faroe Islands,234,2022,5,1.274
Faroe Islands,234,2023,5,1.417
Faroe Islands,234,2024,5,3.374
Faroe Islands,234,2025,5,1.686
Faroe Islands,234,2020,6,0.7
Faroe Islands,234,2021,6,1.15
Faroe Islands,234,2022,6,0.95
Faroe Islands,234,2023,6,2.8
Faroe Islands,234,2024,6,0.936
Faroe Islands,234,2025,6,0.779
Faroe Islands,234,2020,7,0.221
Faroe Islands,234,2021,7,1.578
Faroe Islands,234,2022,7,1.178
Faroe Islands,234,2023,7,0.343
Faroe Islands,234,2024,7,0.888
Faroe Islands,234,2025,7,2.458
Faroe Islands,234,2020,8,0.726
Faroe Islands,234,2021,8,1.374
Faroe Islands,234,2022,8,0.427
Faroe Islands,234,2023,8,0.831
Faroe Islands,234,2024,8,0.889
Faroe Islands,234,2025,8,1.938
Faroe Islands,234,2020,9,0.764
Faroe Islands,234,2021,9,1.996
Faroe Islands,234,2022,9,0.873
Faroe Islands,234,2023,9,1.746
Faroe Islands,234,2024,9,0.09
Faroe Islands,234,2025,9,2.161
Faroe Islands,234,2020,10,0.447
Faroe Islands,234,2021,10,0.866
Faroe Islands,234,2022,10,0.879
Faroe Islands,234,2023,10,0.516
Faroe Islands,234,2024,10,0.318
Faroe Islands,234,2025,10,1.039
Faroe Islands,234,2020,11,1.996
Faroe Islands,234,2021,11,1.668
Faroe Islands,234,2022,11,3.665
Faroe Islands,234,2023,11,0.818
Faroe Islands,234,2024,11,1.285
Faroe Islands,234,2025,11,0.888
Faroe Islands,234,2020,12,1.657
Faroe Islands,234,2021,12,0.86
Faroe Islands,234,2022,12,-1.0
Faroe Islands,234,2023,12,1.06
Faroe Islands,234,2024,12,0.899
Faroe Islands,234,2025,12,3.338
Fiji,242,2020,1,0.9
Fiji,242,2021,1,1.094
Fiji,242,2022,1,1.027
Fiji,242,2023,1,1.0
Fiji,242,2024,1,1.465
Fiji,242,2025,1,0.931
Fiji,242,2020,2,1.536
Fiji,242,2021,2,0.801
Fiji,242,2022,2,0.725
Fiji,242,2023,2,1.001
Fiji,242,2024,2,1.287
Fiji,242,2025,2,1.363
Fiji,242,2020,3,1.051
Fiji,242,2021,3,0.595
Fiji,242,2022,3,1.144
Fiji,242,2023,3,1.107
Fiji,242,2024,3,1.118
Fiji,242,2025,3,1.256
Fiji,242,2020,4,1.211
Fiji,242,2021,4,1.233
Fiji,242,2022,4,1.297
Fiji,242,2023,4,1.692
Fiji,242,2024,4,2.042
Fiji,242,2025,4,1.866
Fiji,242,2020,5,1.242
Fiji,242,2021,5,1.164
Fiji,242,2022,5,1.37
Fiji,242,2023,5,1.449
Fiji,242,2024,5,1.844
Fiji,242,2025,5,1.569
Fiji,242,2020,6,1.396
Fiji,242,2021,6,0.62
Fiji,242,2022,6,0.886
Fiji,242,2023,6,-0.074
Fiji,242,2024,6,0.988
Fiji,242,2025,6,1.336
Fiji,242,2020,7,1.525
Fiji,242,2021,7,1.886
Fiji,242,2022,7,2.145
Fiji,242,2023,7,0.228
Fiji,242,2024,7,1.505
Fiji,242,2025,7,1.433
Fiji,242,2020,8,1.955
Fiji,242,2021,8,0.489
Fiji,242,2022,8,1.725
Fiji,242,2023,8,0.657
Fiji,242,2024,8,0.855
Fiji,242,2025,8,1.264
Fiji,242,2020,9,0.974
Fiji,242,2021,9,1.405
Fiji,242,2022,9,1.314
Fiji,242,2023,9,1.295
Fiji,242,2024,9,-0.006
Fiji,242,2025,9,0.721
Fiji,242,2020,10,1.284
Fiji,242,2021,10,1.441
Fiji,242,2022,10,1.016
Fiji,242,2023,10,0.592
Fiji,242,2024,10,1.497
Fiji,242,2025,10,1.532
Fiji,242,2020,11,1.536
Fiji,242,2021,11,1.693
Fiji,242,2022,11,1.382
Fiji,242,2023,11,1.717
Fiji,242,2024,11,1.387
Fiji,242,2025,11,1.012
Fiji,242,2020,12,0.944
Fiji,242,2021,12,1.579
Fiji,242,2022,12,1.298
Fiji,242,2023,12,1.455
Fiji,242,2024,12,1.462
Fiji,242,2025,12,1.127
Finland,246,2020,1,7.475
Finland,246,2021,1,1.57
Finland,246,2022,1,3.23
Finland,246,2023,1,5.692
Finland,246,2024,1,-1.653
Finland,246,2025,1,3.951
Finland,246,2020,2,6.799
Finland,246,2021,2,-0.108
Finland,246,2022,2,4.305
Finland,246,2023,2,5.24
Finland,246,2024,2,3.285
Finland,246,2025,2,6.04
Finland,246,2020,3,4.427
Finland,246,2021,3,3.006
Finland,246,2022,3,4.322
Finland,246,2023,3,0.174
Finland,246,2024,3,4.196
Finland,246,2025,3,4.967
Finland,246,2020,4,1.276
Finland,246,2021,4,2.351
Finland,246,2022,4,1.186
Finland,246,2023,4,2.036
Finland,246,2024,4,0.372
Finland,246,2025,4,2.531
Finland,246,2020,5,-0.065
Finland,246,2021,5,0.923
Finland,246,2022,5,1.269
Finland,246,2023,5,2.475
Finland,246,2024,5,3.652
Finland,246,2025,5,1.147
Finland,246,2020,6,3.279
Finland,246,2021,6,3.709
Finland,246,2022,6,2.2
Finland,246,2023,6,1.584
Finland,246,2024,6,2.951
Finland,246,2025,6,-0.097
Finland,246,2020,7,0.084
Finland,246,2021,7,3.32
Finland,246,2022,7,1.847
Finland,246,2023,7,0.467
Finland,246,2024,7,2.481
Finland,246,2025,7,3.378
Finland,246,2020,8,1.131
Finland,246,2021,8,0.266
Finland,246,2022,8,2.847
Finland,246,2023,8,2.537
Finland,246,2024,8,2.805
Finland,246,2025,8,0.996
Finland,246,2020,9,2.254
Finland,246,2021,9,-0.423
Finland,246,2022,9,0.174
Finland,246,2023,9,4.182
Finland,246,2024,9,4.338
Finland,246,2025,9,4.153
Finland,246,2020,10,2.978
Finland,246,2021,10,2.404
Finland,246,2022,10,2.657
Finland,246,2023,10,-1.287
Finland,246,2024,10,2.682
Finland,246,2025,10,3.087
Finland,246,2020,11,4.95
Finland,246,2021,11,0.918
Finland,246,2022,11,2.095
Finland,246,2023,11,-1.736
Finland,246,2024,11,3.004
Finland,246,2025,11,2.094
Finland,246,2020,12,5.356
Finland,246,2021,12,-1.475
Finland,246,2022,12,1.249
Finland,246,2023,12,-0.908
Finland,246,2024,12,3.04
Finland,246,2025,12,4.854
France,250,2020,1,2.959
France,250,2021,1,0.582
France,250,2022,1,1.236
France,250,2023,1,1.998
France,250,2024,1,2.122
France,250,2025,1,1.839
France,250,2020,2,4.078
France,250,2021,2,3.002
France,250,2022,2,2.899
France,250,2023,2,1.843
France,250,2024,2,4.295
France,250,2025,2,2.079
France,250,2020,3,1.631
France,250,2021,3,1.317
France,250,2022,3,2.183
France,250,2023,3,2.467
France,250,2024,3,2.905
France,250,2025,3,2.099
France,250,2020,4,3.703
France,250,2021,4,0.028
France,250,2022,4,1.456
France,250,2023,4,1.434
France,250,2024,4,2.138
France,250,2025,4,3.15
France,250,2020,5,2.534
France,250,2021,5,-0.232
France,250,2022,5,3.664
France,250,2023,5,2.009
France,250,2024,5,1.579
France,250,2025,5,2.162
France,250,2020,6,1.309
France,250,2021,6,2.877
France,250,2022,6,3.826
France,250,2023,6,4.055
France,250,2024,6,1.573
France,250,2025,6,4.836
France,250,2020,7,2.111
France,250,2021,7,1.247
France,250,2022,7,3.737
France,250,2023,7,2.445
France,250,2024,7,2.355
France,250,2025,7,2.392
France,250,2020,8,3.281
France,250,2021,8,0.99
France,250,2022,8,4.382
France,250,2023,8,2.757
France,250,2024,8,3.397
France,250,2025,8,3.232
France,250,2020,9,2.107
France,250,2021,9,2.451
France,250,2022,9,1.441
France,250,2023,9,4.269
France,250,2024,9,0.402
France,250,2025,9,0.817
France,250,2020,10,0.339
France,250,2021,10,1.003
France,250,2022,10,4.558
France,250,2023,10,3.872
France,250,2024,10,2.588
France,250,2025,10,1.488
France,250,2020,11,2.89
France,250,2021,11,0.311
France,250,2022,11,3.106
France,250,2023,11,2.236
France,250,2024,11,2.412
France,250,2025,11,2.037
France,250,2020,12,1.662
France,250,2021,12,1.943
France,250,2022,12,1.665
France,250,2023,12,2.894
France,250,2024,12,1.534
France,250,2025,12,2.473
French Guiana,254,2020,1,1.688
French Guiana,254,2021,1,1.318
French Guiana,254,2022,1,1.012
French Guiana,254,2023,1,0.601
French Guiana,254,2024,1,2.199
French Guiana,254,2025,1,1.697
French Guiana,254,2020,2,1.578
French Guiana,254,2021,2,1.243
French Guiana,254,2022,2,1.145
French Guiana,254,2023,2,0.961
French Guiana,254,2024,2,2.62
French Guiana,254,2025,2,1.604
French Guiana,254,2020,3,1.935
French Guiana,254,2021,3,1.286
French Guiana,254,2022,3,0.898
French Guiana,254,2023,3,1.383
French Guiana,254,2024,3,2.785
French Guiana,254,2025,3,1.617
French Guiana,254,2020,4,1.618
French Guiana,254,2021,4,1.066
French Guiana,254,2022,4,1.01
French Guiana,254,2023,4,1.189
French Guiana,254,2024,4,2.42
French Guiana,254,2025,4,1.787
French Guiana,254,2020,5,1.452
French Guiana,254,2021,5,1.077
French Guiana,254,2022,5,1.202
French Guiana,254,2023,5,1.717
French Guiana,254,2024,5,2.28
French Guiana,254,2025,5,1.532
French Guiana,254,2020,6,1.764
French Guiana,254,2021,6,1.623
French Guiana,254,2022,6,1.383
French Guiana,254,2023,6,2.008
French Guiana,254,2024,6,2.321
French Guiana,254,2025,6,1.533
French Guiana,254,2020,7,2.053
French Guiana,254,2021,7,1.646
French Guiana,254,2022,7,1.797
French Guiana,254,2023,7,1.983
French Guiana,254,2024,7,2.429
French Guiana,254,2025,7,1.864
French Guiana,254,2020,8,2.088
French Guiana,254,2021,8,1.812
French Guiana,254,2022,8,1.737
French Guiana,254,2023,8,2.485
French Guiana,254,2024,8,2.508
French Guiana,254,2025,8,1.627
French Guiana,254,2020,9,2.032
French Guiana,254,2021,9,1.71
French Guiana,254,2022,9,1.923
French Guiana,254,2023,9,2.54
French Guiana,254,2024,9,2.144
French Guiana,254,2025,9,1.99
French Guiana,254,2020,10,1.925
French Guiana,254,2021,10,1.692
French Guiana,254,2022,10,1.731
French Guiana,254,2023,10,2.926
French Guiana,254,2024,10,2.653
French Guiana,254,2025,10,1.761
French Guiana,254,2020,11,1.25
French Guiana,254,2021,11,1.272
French Guiana,254,2022,11,1.209
French Guiana,254,2023,11,2.699
French Guiana,254,2024,11,2.291
French Guiana,254,2025,11,1.878
French Guiana,254,2020,12,1.626
French Guiana,254,2021,12,0.622
French Guiana,254,2022,12,1.012
French Guiana,254,2023,12,2.383
French Guiana,254,2024,12,1.657
French Guiana,254,2025,12,1.632
French Polynesia,258,2020,1,0.759
French Polynesia,258,2021,1,0.598
French Polynesia,258,2022,1,-0.072
French Polynesia,258,2023,1,0.496
French Polynesia,258,2024,1,1.403
French Polynesia,258,2025,1,0.873
French Polynesia,258,2020,2,0.555
French Polynesia,258,2021,2,0.588
French Polynesia,258,2022,2,0.188
French Polynesia,258,2023,2,0.882
French Polynesia,258,2024,2,1.251
French Polynesia,258,2025,2,1.172
French Polynesia,258,2020,3,0.942
French Polynesia,258,2021,3,0.771
French Polynesia,258,2022,3,0.389
French Polynesia,258,2023,3,0.839
French Polynesia,258,2024,3,1.29
French Polynesia,258,2025,3,1.112
French Polynesia,258,2020,4,0.912
French Polynesia,258,2021,4,0.495
French Polynesia,258,2022,4,0.296
French Polynesia,258,2023,4,0.982
French Polynesia,258,2024,4,0.817
French Polynesia,258,2025,4,0.687
French Polynesia,258,2020,5,0.888
French Polynesia,258,2021,5,0.573
French Polynesia,258,2022,5,0.286
French Polynesia,258,2023,5,1.079
French Polynesia,258,2024,5,0.839
French Polynesia,258,2025,5,0.884
French Polynesia,258,2020,6,0.458
French Polynesia,258,2021,6,0.719
French Polynesia,258,2022,6,0.208
French Polynesia,258,2023,6,1.089
French Polynesia,258,2024,6,0.887
French Polynesia,258,2025,6,0.866
French Polynesia,258,2020,7,0.398
French Polynesia,258,2021,7,0.545
French Polynesia,258,2022,7,0.152
French Polynesia,258,2023,7,1.078
French Polynesia,258,2024,7,0.738
French Polynesia,258,2025,7,0.833
French Polynesia,258,2020,8,0.682
French Polynesia,258,2021,8,0.808
French Polynesia,258,2022,8,0.319
French Polynesia,258,2023,8,0.75
French Polynesia,258,2024,8,0.672
French Polynesia,258,2025,8,1.076
French Polynesia,258,2020,9,1.075
French Polynesia,258,2021,9,0.94
French Polynesia,258,2022,9,0.427
French Polynesia,258,2023,9,0.801
French Polynesia,258,2024,9,0.962
French Polynesia,258,2025,9,0.762
French Polynesia,258,2020,10,0.722
French Polynesia,258,2021,10,0.829
French Polynesia,258,2022,10,0.19
French Polynesia,258,2023,10,1.299
French Polynesia,258,2024,10,0.601
French Polynesia,258,2025,10,1.035
French Polynesia,258,2020,11,0.398
French Polynesia,258,2021,11,0.352
French Polynesia,258,2022,11,-0.409
French Polynesia,258,2023,11,0.917
French Polynesia,258,2024,11,0.966
French Polynesia,258,2025,11,0.214
French Polynesia,258,2020,12,0.539
French Polynesia,258,2021,12,0.599
French Polynesia,258,2022,12,0.198
French Polynesia,258,2023,12,1.072
French Polynesia,258,2024,12,0.837
French Polynesia,258,2025,12,0.548
French Southern Territories,260,2020,1,0.469
French Southern Territories,260,2021,1,0.224
French Southern Territories,260,2022,1,0.499
French Southern Territories,260,2023,1,1.951
French Southern Territories,260,2024,1,0.784
French Southern Territories,260,2025,1,0.758
French Southern Territories,260,2020,2,0.768
French Southern Territories,260,2021,2,0.73
French Southern Territories,260,2022,2,0.877
French Southern Territories,260,2023,2,1.421
French Southern Territories,260,2024,2,1.394
French Southern Territories,260,2025,2,1.083
French Southern Territories,260,2020,3,0.677
French Southern Territories,260,2021,3,-0.557
French Southern Territories,260,2022,3,0.717
French Southern Territories,260,2023,3,0.978
French Southern Territories,260,2024,3,1.087
French Southern Territories,260,2025,3,0.311
French Southern Territories,260,2020,4,0.574
French Southern Territories,260,2021,4,-0.064
French Southern Territories,260,2022,4,0.755
French Southern Territories,260,2023,4,1.187
French Southern Territories,260,2024,4,0.929
French Southern Territories,260,2025,4,1.426
French Southern Territories,260,2020,5,0.603
French Southern Territories,260,2021,5,0.605
French Southern Territories,260,2022,5,1.231
French Southern Territories,260,2023,5,1.761
French Southern Territories,260,2024,5,0.665
French Southern Territories,260,2025,5,1.009
French Southern Territories,260,2020,6,0.82
French Southern Territories,260,2021,6,1.203
French Southern Territories,260,2022,6,-0.238
French Southern Territories,260,2023,6,1.675
French Southern Territories,260,2024,6,0.685
French Southern Territories,260,2025,6,0.628
French Southern Territories,260,2020,7,-0.176
French Southern Territories,260,2021,7,1.316
French Southern Territories,260,2022,7,-0.018
French Southern Territories,260,2023,7,0.516
French Southern Territories,260,2024,7,-0.085
French Southern Territories,260,2025,7,1.345
French Southern Territories,260,2020,8,-0.548
French Southern Territories,260,2021,8,0.189
French Southern Territories,260,2022,8,0.382
French Southern Territories,260,2023,8,1.26
French Southern Territories,260,2024,8,1.02
French Southern Territories,260,2025,8,1.192
French Southern Territories,260,2020,9,-0.209
French Southern Territories,260,2021,9,0.251
French Southern Territories,260,2022,9,0.742
French Southern Territories,260,2023,9,1.163
French Southern Territories,260,2024,9,1.366
French Southern Territories,260,2025,9,0.619
French Southern Territories,260,2020,10,0.444
French Southern Territories,260,2021,10,0.385
French Southern Territories,260,2022,10,1.111
French Southern Territories,260,2023,10,0.329
French Southern Territories,260,2024,10,0.041
French Southern Territories,260,2025,10,0.326
French Southern Territories,260,2020,11,0.473
French Southern Territories,260,2021,11,1.568
French Southern Territories,260,2022,11,1.103
French Southern Territories,260,2023,11,1.549
French Southern Territories,260,2024,11,1.724
French Southern Territories,260,2025,11,0.807
French Southern Territories,260,2020,12,1.387
French Southern Territories,260,2021,12,0.527
French Southern Territories,260,2022,12,1.644
French Southern Territories,260,2023,12,1.392
French Southern Territories,260,2024,12,0.883
French Southern Territories,260,2025,12,0.979
Gabon,266,2020,1,1.756
Gabon,266,2021,1,0.741
Gabon,266,2022,1,0.866
Gabon,266,2023,1,0.539
Gabon,266,2024,1,1.525
Gabon,266,2025,1,0.375
Gabon,266,2020,2,1.447
Gabon,266,2021,2,0.785
Gabon,266,2022,2,0.937
Gabon,266,2023,2,1.268
Gabon,266,2024,2,1.696
Gabon,266,2025,2,0.625
Gabon,266,2020,3,1.277
Gabon,266,2021,3,0.221
Gabon,266,2022,3,0.678
Gabon,266,2023,3,0.39
Gabon,266,2024,3,1.658
Gabon,266,2025,3,1.085
Gabon,266,2020,4,1.079
Gabon,266,2021,4,0.294
Gabon,266,2022,4,0.422
Gabon,266,2023,4,0.895
Gabon,266,2024,4,0.198
Gabon,266,2025,4,1.009
Gabon,266,2020,5,1.49
Gabon,266,2021,5,1.073
Gabon,266,2022,5,0.204
Gabon,266,2023,5,1.062
Gabon,266,2024,5,1.879
Gabon,266,2025,5,1.123
Gabon,266,2020,6,1.716
Gabon,266,2021,6,2.074
Gabon,266,2022,6,1.751
Gabon,266,2023,6,1.269
Gabon,266,2024,6,1.779
Gabon,266,2025,6,2.305
Gabon,266,2020,7,1.353
Gabon,266,2021,7,1.314
Gabon,266,2022,7,1.828
Gabon,266,2023,7,2.056
Gabon,266,2024,7,2.157
Gabon,266,2025,7,1.663
Gabon,266,2020,8,1.358
Gabon,266,2021,8,1.53
Gabon,266,2022,8,1.083
Gabon,266,2023,8,2.126
Gabon,266,2024,8,1.789
Gabon,266,2025,8,0.686
Gabon,266,2020,9,0.827
Gabon,266,2021,9,0.641
Gabon,266,2022,9,0.375
Gabon,266,2023,9,1.534
Gabon,266,2024,9,1.835
Gabon,266,2025,9,1.226
Gabon,266,2020,10,0.872
Gabon,266,2021,10,1.456
Gabon,266,2022,10,0.906
Gabon,266,2023,10,1.543
Gabon,266,2024,10,1.479
Gabon,266,2025,10,0.91
Gabon,266,2020,11,0.806
Gabon,266,2021,11,1.111
Gabon,266,2022,11,0.785
Gabon,266,2023,11,1.241
Gabon,266,2024,11,1.861
Gabon,266,2025,11,1.087
Gabon,266,2020,12,1.014
Gabon,266,2021,12,0.896
Gabon,266,2022,12,0.635
Gabon,266,2023,12,-0.109
Gabon,266,2024,12,0.996
Gabon,266,2025,12,0.582
Gambia,270,2020,1,1.389
Gambia,270,2021,1,2.623
Gambia,270,2022,1,3.096
Gambia,270,2023,1,1.978
Gambia,270,2024,1,3.144
Gambia,270,2025,1,1.189
Gambia,270,2020,2,3.093
Gambia,270,2021,2,2.002
Gambia,270,2022,2,1.953
Gambia,270,2023,2,1.547
Gambia,270,2024,2,3.387
Gambia,270,2025,2,1.396
Gambia,270,2020,3,2.688
Gambia,270,2021,3,1.212
Gambia,270,2022,3,1.79
Gambia,270,2023,3,1.488
Gambia,270,2024,3,2.103
Gambia,270,2025,3,1.28
Gambia,270,2020,4,2.65
Gambia,270,2021,4,1.651
Gambia,270,2022,4,1.316
Gambia,270,2023,4,1.961
Gambia,270,2024,4,2.488
Gambia,270,2025,4,1.914
Gambia,270,2020,5,1.658
Gambia,270,2021,5,1.148
Gambia,270,2022,5,1.558
Gambia,270,2023,5,2.042
Gambia,270,2024,5,2.463
Gambia,270,2025,5,1.621
Gambia,270,2020,6,1.563
Gambia,270,2021,6,1.608
Gambia,270,2022,6,0.728
Gambia,270,2023,6,2.034
Gambia,270,2024,6,1.642
Gambia,270,2025,6,1.358
Gambia,270,2020,7,2.326
Gambia,270,2021,7,1.914
Gambia,270,2022,7,0.946
Gambia,270,2023,7,1.781
Gambia,270,2024,7,1.335
Gambia,270,2025,7,0.966
Gambia,270,2020,8,1.165
Gambia,270,2021,8,1.162
Gambia,270,2022,8,0.914
Gambia,270,2023,8,1.829
Gambia,270,2024,8,1.603
Gambia,270,2025,8,1.045
Gambia,270,2020,9,0.773
Gambia,270,2021,9,1.354
Gambia,270,2022,9,0.748
Gambia,270,2023,9,1.719
Gambia,270,2024,9,0.401
Gambia,270,2025,9,1.247
Gambia,270,2020,10,1.561
Gambia,270,2021,10,1.393
Gambia,270,2022,10,0.97
Gambia,270,2023,10,1.677
Gambia,270,2024,10,0.559
Gambia,270,2025,10,1.042
Gambia,270,2020,11,1.484
Gambia,270,2021,11,2.367
Gambia,270,2022,11,0.515
Gambia,270,2023,11,1.92
Gambia,270,2024,11,1.798
Gambia,270,2025,11,1.927
Gambia,270,2020,12,2.663
Gambia,270,2021,12,3.316
Gambia,270,2022,12,2.24
Gambia,270,2023,12,2.675
Gambia,270,2024,12,1.383
Gambia,270,2025,12,1.632
Georgia,268,2020,1,1.864
Georgia,268,2021,1,3.213
Georgia,268,2022,1,1.224
Georgia,268,2023,1,2.448
Georgia,268,2024,1,2.56
Georgia,268,2025,1,3.194
Georgia,268,2020,2,2.127
Georgia,268,2021,2,2.312
Georgia,268,2022,2,3.372
Georgia,268,2023,2,0.146
Georgia,268,2024,2,3.902
Georgia,268,2025,2,-1.442
Georgia,268,2020,3,4.428
Georgia,268,2021,3,0.138
Georgia,268,2022,3,-1.945
Georgia,268,2023,3,4.854
Georgia,268,2024,3,3.664
Georgia,268,2025,3,3.919
Georgia,268,2020,4,-0.95
Georgia,268,2021,4,2.368
Georgia,268,2022,4,2.612
Georgia,268,2023,4,1.437
Georgia,268,2024,4,4.911
Georgia,268,2025,4,0.785
Georgia,268,2020,5,0.51
Georgia,268,2021,5,2.116
Georgia,268,2022,5,-1.149
Georgia,268,2023,5,0.22
Georgia,268,2024,5,-0.623
Georgia,268,2025,5,0.719
Georgia,268,2020,6,2.689
Georgia,268,2021,6,2.705
Georgia,268,2022,6,2.144
Georgia,268,2023,6,1.585
Georgia,268,2024,6,3.301
Georgia,268,2025,6,0.658
Georgia,268,2020,7,2.426
Georgia,268,2021,7,2.336
Georgia,268,2022,7,0.952
Georgia,268,2023,7,0.933
Georgia,268,2024,7,1.974
Georgia,268,2025,7,2.561
Georgia,268,2020,8,0.027
Georgia,268,2021,8,2.911
Georgia,268,2022,8,3.447
Georgia,268,2023,8,3.272
Georgia,268,2024,8,2.208
Georgia,268,2025,8,2.876
Georgia,268,2020,9,3.514
Georgia,268,2021,9,0.331
Georgia,268,2022,9,2.626
Georgia,268,2023,9,1.844
Georgia,268,2024,9,2.379
Georgia,268,2025,9,0.587
Georgia,268,2020,10,3.57
Georgia,268,2021,10,-0.5
Georgia,268,2022,10,1.951
Georgia,268,2023,10,2.308
Georgia,268,2024,10,0.703
Georgia,268,2025,10,1.447
Georgia,268,2020,11,0.448
Georgia,268,2021,11,1.588
Georgia,268,2022,11,2.123
Georgia,268,2023,11,3.353
Georgia,268,2024,11,-0.111
Georgia,268,2025,11,3.692
Georgia,268,2020,12,0.817
Georgia,268,2021,12,1.673
Georgia,268,2022,12,1.971
Georgia,268,2023,12,3.828
Georgia,268,2024,12,2.041
Georgia,268,2025,12,1.772
Germany,276,2020,1,4.355
Germany,276,2021,1,1.419
Germany,276,2022,1,3.526
Germany,276,2023,1,4.242
Germany,276,2024,1,2.417
Germany,276,2025,1,3.017
Germany,276,2020,2,5.187
Germany,276,2021,2,2.036
Germany,276,2022,2,4.374
Germany,276,2023,2,3.327
Germany,276,2024,2,6.453
Germany,276,2025,2,1.764
Germany,276,2020,3,2.044
Germany,276,2021,3,1.699
Germany,276,2022,3,2.134
Germany,276,2023,3,2.591
Germany,276,2024,3,4.341
Germany,276,2025,3,3.155
Germany,276,2020,4,3.115
Germany,276,2021,4,-1.027
Germany,276,2022,4,0.569
Germany,276,2023,4,0.343
Germany,276,2024,4,2.943
Germany,276,2025,4,3.333
Germany,276,2020,5,0.191
Germany,276,2021,5,-0.844
Germany,276,2022,5,2.692
Germany,276,2023,5,1.309
Germany,276,2024,5,3.343
Germany,276,2025,5,0.981
Germany,276,2020,6,1.702
Germany,276,2021,6,3.656
Germany,276,2022,6,3.0
Germany,276,2023,6,3.205
Germany,276,2024,6,1.604
Germany,276,2025,6,3.093
Germany,276,2020,7,1.001
Germany,276,2021,7,1.872
Germany,276,2022,7,2.416
Germany,276,2023,7,2.126
Germany,276,2024,7,2.245
Germany,276,2025,7,1.882
Germany,276,2020,8,3.673
Germany,276,2021,8,0.336
Germany,276,2022,8,3.776
Germany,276,2023,8,2.172
Germany,276,2024,8,3.573
Germany,276,2025,8,1.853
Germany,276,2020,9,1.752
Germany,276,2021,9,2.055
Germany,276,2022,9,0.33
Germany,276,2023,9,4.25
Germany,276,2024,9,2.193
Germany,276,2025,9,1.441
Germany,276,2020,10,1.326
Germany,276,2021,10,1.046
Germany,276,2022,10,3.924
Germany,276,2023,10,3.202
Germany,276,2024,10,2.301
Germany,276,2025,10,1.0
Germany,276,2020,11,2.551
Germany,276,2021,11,1.142
Germany,276,2022,11,2.555
Germany,276,2023,11,1.575
Germany,276,2024,11,1.337
Germany,276,2025,11,1.318
Germany,276,2020,12,2.441
Germany,276,2021,12,1.823
Germany,276,2022,12,1.186
Germany,276,2023,12,3.245
Germany,276,2024,12,2.432
Germany,276,2025,12,2.707
Ghana,288,2020,1,1.218
Ghana,288,2021,1,1.804
Ghana,288,2022,1,1.015
Ghana,288,2023,1,1.221
Ghana,288,2024,1,2.171
Ghana,288,2025,1,2.102
Ghana,288,2020,2,1.182
Ghana,288,2021,2,0.778
Ghana,288,2022,2,1.066
Ghana,288,2023,2,1.359
Ghana,288,2024,2,2.205
Ghana,288,2025,2,1.604
Ghana,288,2020,3,1.612
Ghana,288,2021,3,0.938
Ghana,288,2022,3,1.329
Ghana,288,2023,3,0.797
Ghana,288,2024,3,2.127
Ghana,288,2025,3,1.835
Ghana,288,2020,4,1.285
Ghana,288,2021,4,1.693
Ghana,288,2022,4,0.454
Ghana,288,2023,4,0.891
Ghana,288,2024,4,2.217
Ghana,288,2025,4,1.557
Ghana,288,2020,5,1.439
Ghana,288,2021,5,1.617
Ghana,288,2022,5,0.87
Ghana,288,2023,5,1.388
Ghana,288,2024,5,2.074
Ghana,288,2025,5,1.26
Ghana,288,2020,6,1.129
Ghana,288,2021,6,1.467
Ghana,288,2022,6,0.967
Ghana,288,2023,6,1.093
Ghana,288,2024,6,1.689
Ghana,288,2025,6,1.56
Ghana,288,2020,7,1.031
Ghana,288,2021,7,1.282
Ghana,288,2022,7,0.95
Ghana,288,2023,7,1.627
Ghana,288,2024,7,1.325
Ghana,288,2025,7,0.8
Ghana,288,2020,8,1.044
Ghana,288,2021,8,1.378
Ghana,288,2022,8,0.589
Ghana,288,2023,8,1.389
Ghana,288,2024,8,1.116
Ghana,288,2025,8,0.809
Ghana,288,2020,9,0.759
Ghana,288,2021,9,1.238
Ghana,288,2022,9,0.182
Ghana,288,2023,9,1.355
Ghana,288,2024,9,1.21
Ghana,288,2025,9,1.029
Ghana,288,2020,10,0.896
Ghana,288,2021,10,1.405
Ghana,288,2022,10,0.706
Ghana,288,2023,10,1.39
Ghana,288,2024,10,0.903
Ghana,288,2025,10,0.854
Ghana,288,2020,11,1.237
Ghana,288,2021,11,1.5
Ghana,288,2022,11,0.908
Ghana,288,2023,11,1.715
Ghana,288,2024,11,0.947
Ghana,288,2025,11,1.031
Ghana,288,2020,12,1.731
Ghana,288,2021,12,1.695
Ghana,288,2022,12,1.032
Ghana,288,2023,12,1.535
Ghana,288,2024,12,1.612
Ghana,288,2025,12,1.924
Gibraltar,292,2020,1,0.682
Gibraltar,292,2021,1,0.081
Gibraltar,292,2022,1,1.063
Gibraltar,292,2023,1,0.73
Gibraltar,292,2024,1,2.66
Gibraltar,292,2025,1,1.75
Gibraltar,292,2020,2,2.979
Gibraltar,292,2021,2,2.185
Gibraltar,292,2022,2,2.163
Gibraltar,292,2023,2,0.841
Gibraltar,292,2024,2,2.796
Gibraltar,292,2025,2,1.616
Gibraltar,292,2020,3,1.798
Gibraltar,292,2021,3,1.308
Gibraltar,292,2022,3,0.68
Gibraltar,292,2023,3,2.613
Gibraltar,292,2024,3,1.871
Gibraltar,292,2025,3,1.199
Gibraltar,292,2020,4,1.441
Gibraltar,292,2021,4,1.951
Gibraltar,292,2022,4,0.677
Gibraltar,292,2023,4,4.263
Gibraltar,292,2024,4,2.574
Gibraltar,292,2025,4,2.396
Gibraltar,292,2020,5,2.691
Gibraltar,292,2021,5,1.774
Gibraltar,292,2022,5,3.035
Gibraltar,292,2023,5,2.209
Gibraltar,292,2024,5,1.7
Gibraltar,292,2025,5,2.248
Gibraltar,292,2020,6,1.511
Gibraltar,292,2021,6,1.503
Gibraltar,292,2022,6,2.941
Gibraltar,292,2023,6,3.14
Gibraltar,292,2024,6,1.803
Gibraltar,292,2025,6,4.674
Gibraltar,292,2020,7,2.945
Gibraltar,292,2021,7,1.671
Gibraltar,292,2022,7,3.204
Gibraltar,292,2023,7,3.324
Gibraltar,292,2024,7,2.255
Gibraltar,292,2025,7,2.525
Gibraltar,292,2020,8,1.984
Gibraltar,292,2021,8,1.82
Gibraltar,292,2022,8,2.115
Gibraltar,292,2023,8,3.242
Gibraltar,292,2024,8,2.938
Gibraltar,292,2025,8,2.856
Gibraltar,292,2020,9,1.564
Gibraltar,292,2021,9,1.554
Gibraltar,292,2022,9,1.489
Gibraltar,292,2023,9,1.31
Gibraltar,292,2024,9,1.269
Gibraltar,292,2025,9,1.913
Gibraltar,292,2020,10,0.277
Gibraltar,292,2021,10,2.281
Gibraltar,292,2022,10,3.605
Gibraltar,292,2023,10,2.993
Gibraltar,292,2024,10,1.668
Gibraltar,292,2025,10,3.556
Gibraltar,292,2020,11,2.403
Gibraltar,292,2021,11,-0.236
Gibraltar,292,2022,11,2.657
Gibraltar,292,2023,11,2.129
Gibraltar,292,2024,11,3.332
Gibraltar,292,2025,11,1.232
Gibraltar,292,2020,12,1.147
Gibraltar,292,2021,12,2.193
Gibraltar,292,2022,12,3.488
Gibraltar,292,2023,12,1.204
Gibraltar,292,2024,12,1.531
Gibraltar,292,2025,12,0.682
Greece,300,2020,1,0.357
Greece,300,2021,1,2.553
Greece,300,2022,1,-0.152
Greece,300,2023,1,2.71
Greece,300,2024,1,2.118
Greece,300,2025,1,2.998
Greece,300,2020,2,1.407
Greece,300,2021,2,1.772
Greece,300,2022,2,0.866
Greece,300,2023,2,0.068
Greece,300,2024,2,3.038
Greece,300,2025,2,-0.358
Greece,300,2020,3,1.781
Greece,300,2021,3,0.32
Greece,300,2022,3,-1.922
Greece,300,2023,3,2.0
Greece,300,2024,3,2.991
Greece,300,2025,3,2.791
Greece,300,2020,4,0.305
Greece,300,2021,4,0.666
Greece,300,2022,4,1.459
Greece,300,2023,4,0.385
Greece,300,2024,4,3.937
Greece,300,2025,4,0.873
Greece,300,2020,5,1.444
Greece,300,2021,5,2.141
Greece,300,2022,5,1.323
Greece,300,2023,5,0.006
Greece,300,2024,5,1.298
Greece,300,2025,5,1.399
Greece,300,2020,6,0.225
Greece,300,2021,6,1.238
Greece,300,2022,6,2.402
Greece,300,2023,6,0.648
Greece,300,2024,6,4.578
Greece,300,2025,6,3.171
Greece,300,2020,7,1.632
Greece,300,2021,7,2.881
Greece,300,2022,7,1.979
Greece,300,2023,7,3.418
Greece,300,2024,7,3.897
Greece,300,2025,7,3.327
Greece,300,2020,8,1.775
Greece,300,2021,8,3.037
Greece,300,2022,8,1.784
Greece,300,2023,8,2.244
Greece,300,2024,8,3.206
Greece,300,2025,8,1.948
Greece,300,2020,9,2.948
Greece,300,2021,9,1.411
Greece,300,2022,9,1.36
Greece,300,2023,9,2.491
Greece,300,2024,9,2.07
Greece,300,2025,9,2.309
Greece,300,2020,10,2.413
Greece,300,2021,10,0.144
Greece,300,2022,10,1.494
Greece,300,2023,10,3.239
Greece,300,2024,10,2.086
Greece,300,2025,10,0.531
Greece,300,2020,11,0.497
Greece,300,2021,11,1.909
Greece,300,2022,11,1.861
Greece,300,2023,11,2.909
Greece,300,2024,11,0.359
Greece,300,2025,11,2.868
Greece,300,2020,12,2.552
Greece,300,2021,12,0.85
Greece,300,2022,12,2.79
Greece,300,2023,12,2.551
Greece,300,2024,12,1.485
Greece,300,2025,12,1.419
Greenland,304,2020,1,0.539
Greenland,304,2021,1,3.706
Greenland,304,2022,1,2.277
Greenland,304,2023,1,0.201
Greenland,304,2024,1,1.949
Greenland,304,2025,1,2.027
Greenland,304,2020,2,-0.951
Greenland,304,2021,2,4.071
Greenland,304,2022,2,-0.601
Greenland,304,2023,2,0.132
Greenland,304,2024,2,1.316
Greenland,304,2025,2,5.254
Greenland,304,2020,3,-0.248
Greenland,304,2021,3,1.741
Greenland,304,2022,3,2.27
Greenland,304,2023,3,2.371
Greenland,304,2024,3,2.396
Greenland,304,2025,3,3.99
Greenland,304,2020,4,4.418
Greenland,304,2021,4,2.823
Greenland,304,2022,4,0.953
Greenland,304,2023,4,2.515
Greenland,304,2024,4,2.68
Greenland,304,2025,4,1.094
Greenland,304,2020,5,1.647
Greenland,304,2021,5,1.24
Greenland,304,2022,5,-0.909
Greenland,304,2023,5,-0.056
Greenland,304,2024,5,0.046
Greenland,304,2025,5,1.331
Greenland,304,2020,6,0.677
Greenland,304,2021,6,1.158
Greenland,304,2022,6,0.331
Greenland,304,2023,6,-0.392
Greenland,304,2024,6,0.671
Greenland,304,2025,6,-0.244
Greenland,304,2020,7,0.809
Greenland,304,2021,7,1.34
Greenland,304,2022,7,0.256
Greenland,304,2023,7,0.957
Greenland,304,2024,7,0.765
Greenland,304,2025,7,0.724
Greenland,304,2020,8,0.841
Greenland,304,2021,8,1.868
Greenland,304,2022,8,0.158
Greenland,304,2023,8,1.69
Greenland,304,2024,8,0.509
Greenland,304,2025,8,1.626
Greenland,304,2020,9,-0.465
Greenland,304,2021,9,0.692
Greenland,304,2022,9,2.701
Greenland,304,2023,9,1.33
Greenland,304,2024,9,1.543
Greenland,304,2025,9,1.705
Greenland,304,2020,10,2.233
Greenland,304,2021,10,2.445
Greenland,304,2022,10,2.129
Greenland,304,2023,10,1.82
Greenland,304,2024,10,2.211
Greenland,304,2025,10,3.034
Greenland,304,2020,11,1.718
Greenland,304,2021,11,2.041
Greenland,304,2022,11,2.865
Greenland,304,2023,11,2.908
Greenland,304,2024,11,2.808
Greenland,304,2025,11,4.11
Greenland,304,2020,12,3.428
Greenland,304,2021,12,5.226
Greenland,304,2022,12,2.175
Greenland,304,2023,12,2.126
Greenland,304,2024,12,1.325
Greenland,304,2025,12,5.8
Grenada,308,2020,1,1.068
Grenada,308,2021,1,1.184
Grenada,308,2022,1,0.581
Grenada,308,2023,1,0.665
Grenada,308,2024,1,1.899
Grenada,308,2025,1,1.747
Grenada,308,2020,2,1.394
Grenada,308,2021,2,1.051
Grenada,308,2022,2,0.953
Grenada,308,2023,2,0.569
Grenada,308,2024,2,2.236
Grenada,308,2025,2,1.333
Grenada,308,2020,3,0.741
Grenada,308,2021,3,0.647
Grenada,308,2022,3,0.817
Grenada,308,2023,3,0.513
Grenada,308,2024,3,1.976
Grenada,308,2025,3,1.458
Grenada,308,2020,4,1.384
Grenada,308,2021,4,0.872
Grenada,308,2022,4,0.615
Grenada,308,2023,4,0.916
Grenada,308,2024,4,2.232
Grenada,308,2025,4,1.403
Grenada,308,2020,5,1.55
Grenada,308,2021,5,0.746
Grenada,308,2022,5,0.921
Grenada,308,2023,5,1.123
Grenada,308,2024,5,2.522
Grenada,308,2025,5,1.006
Grenada,308,2020,6,1.563
Grenada,308,2021,6,0.889
Grenada,308,2022,6,0.889
Grenada,308,2023,6,1.54
Grenada,308,2024,6,2.112
Grenada,308,2025,6,1.273
Grenada,308,2020,7,1.46
Grenada,308,2021,7,1.185
Grenada,308,2022,7,0.986
Grenada,308,2023,7,1.476
Grenada,308,2024,7,1.859
Grenada,308,2025,7,1.277
Grenada,308,2020,8,1.866
Grenada,308,2021,8,1.004
Grenada,308,2022,8,1.02
Grenada,308,2023,8,2.039
Grenada,308,2024,8,1.588
Grenada,308,2025,8,1.981
Grenada,308,2020,9,1.674
Grenada,308,2021,9,1.313
Grenada,308,2022,9,1.137
Grenada,308,2023,9,1.915
Grenada,308,2024,9,2.36
Grenada,308,2025,9,1.351
Grenada,308,2020,10,0.885
Grenada,308,2021,10,1.377
Grenada,308,2022,10,1.034
Grenada,308,2023,10,1.837
Grenada,308,2024,10,1.943
Grenada,308,2025,10,1.754
Grenada,308,2020,11,0.936
Grenada,308,2021,11,1.074
Grenada,308,2022,11,0.856
Grenada,308,2023,11,1.415
Grenada,308,2024,11,1.689
Grenada,308,2025,11,1.251
Grenada,308,2020,12,0.931
Grenada,308,2021,12,1.525
Grenada,308,2022,12,0.613
Grenada,308,2023,12,1.628
Grenada,308,2024,12,1.558
Grenada,308,2025,12,1.194
Guadeloupe,312,2020,1,1.068
Guadeloupe,312,2021,1,0.886
Guadeloupe,312,2022,1,0.796
Guadeloupe,312,2023,1,0.67
Guadeloupe,312,2024,1,1.714
Guadeloupe,312,2025,1,1.537
Guadeloupe,312,2020,2,1.25
Guadeloupe,312,2021,2,1.156
Guadeloupe,312,2022,2,0.682
Guadeloupe,312,2023,2,0.421
Guadeloupe,312,2024,2,1.456
Guadeloupe,312,2025,2,1.438
Guadeloupe,312,2020,3,0.444
Guadeloupe,312,2021,3,0.77
Guadeloupe,312,2022,3,0.852
Guadeloupe,312,2023,3,0.45
Guadeloupe,312,2024,3,1.666
Guadeloupe,312,2025,3,1.385
Guadeloupe,312,2020,4,1.252
Guadeloupe,312,2021,4,0.675
Guadeloupe,312,2022,4,0.514
Guadeloupe,312,2023,4,0.586
Guadeloupe,312,2024,4,1.503
Guadeloupe,312,2025,4,0.903
Guadeloupe,312,2020,5,1.538
Guadeloupe,312,2021,5,0.785
Guadeloupe,312,2022,5,0.758
Guadeloupe,312,2023,5,1.044
Guadeloupe,312,2024,5,1.904
Guadeloupe,312,2025,5,0.942
Guadeloupe,312,2020,6,1.392
Guadeloupe,312,2021,6,0.448
Guadeloupe,312,2022,6,0.808
Guadeloupe,312,2023,6,1.392
Guadeloupe,312,2024,6,1.75
Guadeloupe,312,2025,6,0.805
Guadeloupe,312,2020,7,1.113
Guadeloupe,312,2021,7,0.824
Guadeloupe,312,2022,7,0.61
Guadeloupe,312,2023,7,1.499
Guadeloupe,312,2024,7,1.487
Guadeloupe,312,2025,7,0.886
Guadeloupe,312,2020,8,1.455
Guadeloupe,312,2021,8,0.902
Guadeloupe,312,2022,8,0.865
Guadeloupe,312,2023,8,1.705
Guadeloupe,312,2024,8,1.36
Guadeloupe,312,2025,8,1.515
Guadeloupe,312,2020,9,1.162
Guadeloupe,312,2021,9,0.983
Guadeloupe,312,2022,9,0.749
Guadeloupe,312,2023,9,1.955
Guadeloupe,312,2024,9,1.602
Guadeloupe,312,2025,9,1.15
Guadeloupe,312,2020,10,0.649
Guadeloupe,312,2021,10,0.951
Guadeloupe,312,2022,10,0.756
Guadeloupe,312,2023,10,1.483
Guadeloupe,312,2024,10,1.798
Guadeloupe,312,2025,10,1.215
Guadeloupe,312,2020,11,0.555
Guadeloupe,312,2021,11,0.759
Guadeloupe,312,2022,11,0.701
Guadeloupe,312,2023,11,1.479
Guadeloupe,312,2024,11,1.4
Guadeloupe,312,2025,11,0.775
Guadeloupe,312,2020,12,0.614
Guadeloupe,312,2021,12,1.297
Guadeloupe,312,2022,12,0.465
Guadeloupe,312,2023,12,1.113
Guadeloupe,312,2024,12,1.493
Guadeloupe,312,2025,12,0.853
Guatemala,320,2020,1,1.897
Guatemala,320,2021,1,1.76
Guatemala,320,2022,1,1.53
Guatemala,320,2023,1,1.543
Guatemala,320,2024,1,2.554
Guatemala,320,2025,1,1.885
Guatemala,320,2020,2,2.082
Guatemala,320,2021,2,1.878
Guatemala,320,2022,2,1.355
Guatemala,320,2023,2,1.648
Guatemala,320,2024,2,1.6
Guatemala,320,2025,2,2.208
Guatemala,320,2020,3,1.787
Guatemala,320,2021,3,1.384
Guatemala,320,2022,3,1.258
Guatemala,320,2023,3,1.591
Guatemala,320,2024,3,3.021
Guatemala,320,2025,3,1.802
Guatemala,320,2020,4,2.766
Guatemala,320,2021,4,1.511
Guatemala,320,2022,4,1.209
Guatemala,320,2023,4,1.615
Guatemala,320,2024,4,2.529
Guatemala,320,2025,4,0.992
Guatemala,320,2020,5,1.825
Guatemala,320,2021,5,1.221
Guatemala,320,2022,5,0.904
Guatemala,320,2023,5,1.48
Guatemala,320,2024,5,2.797
Guatemala,320,2025,5,2.03
Guatemala,320,2020,6,1.44
Guatemala,320,2021,6,1.305
Guatemala,320,2022,6,0.058
Guatemala,320,2023,6,2.38
Guatemala,320,2024,6,1.188
Guatemala,320,2025,6,0.99
Guatemala,320,2020,7,1.731
Guatemala,320,2021,7,1.371
Guatemala,320,2022,7,0.874
Guatemala,320,2023,7,2.004
Guatemala,320,2024,7,1.543
Guatemala,320,2025,7,1.35
Guatemala,320,2020,8,1.369
Guatemala,320,2021,8,1.184
Guatemala,320,2022,8,0.658
Guatemala,320,2023,8,1.975
Guatemala,320,2024,8,1.607
Guatemala,320,2025,8,1.319
Guatemala,320,2020,9,1.692
Guatemala,320,2021,9,1.414
Guatemala,320,2022,9,0.606
Guatemala,320,2023,9,2.175
Guatemala,320,2024,9,1.406
Guatemala,320,2025,9,1.283
Guatemala,320,2020,10,1.355
Guatemala,320,2021,10,1.787
Guatemala,320,2022,10,1.07
Guatemala,320,2023,10,1.877
Guatemala,320,2024,10,1.273
Guatemala,320,2025,10,0.99
Guatemala,320,2020,11,1.025
Guatemala,320,2021,11,1.2
Guatemala,320,2022,11,1.42
Guatemala,320,2023,11,1.968
Guatemala,320,2024,11,1.1
Guatemala,320,2025,11,1.235
Guatemala,320,2020,12,1.032
Guatemala,320,2021,12,2.191
Guatemala,320,2022,12,0.976
Guatemala,320,2023,12,1.718
Guatemala,320,2024,12,1.564
Guatemala,320,2025,12,1.657
Guernsey,831,2020,1,2.683
Guernsey,831,2021,1,0.611
Guernsey,831,2022,1,1.393
Guernsey,831,2023,1,1.913
Guernsey,831,2024,1,1.113
Guernsey,831,2025,1,0.174
Guernsey,831,2020,2,3.317
Guernsey,831,2021,2,1.7
Guernsey,831,2022,2,2.93
Guernsey,831,2023,2,1.952
Guernsey,831,2024,2,4.21
Guernsey,831,2025,2,1.456
Guernsey,831,2020,3,1.431
Guernsey,831,2021,3,1.375
Guernsey,831,2022,3,2.483
Guernsey,831,2023,3,2.204
Guernsey,831,2024,3,2.42
Guernsey,831,2025,3,1.977
Guernsey,831,2020,4,3.286
Guernsey,831,2021,4,-0.494
Guernsey,831,2022,4,1.607
Guernsey,831,2023,4,1.313
Guernsey,831,2024,4,2.124
Guernsey,831,2025,4,2.94
Guernsey,831,2020,5,2.172
Guernsey,831,2021,5,-0.073
Guernsey,831,2022,5,2.511
Guernsey,831,2023,5,1.966
Guernsey,831,2024,5,2.194
Guernsey,831,2025,5,2.428
Guernsey,831,2020,6,1.396
Guernsey,831,2021,6,1.559
Guernsey,831,2022,6,2.018
Guernsey,831,2023,6,3.424
Guernsey,831,2024,6,0.827
Guernsey,831,2025,6,3.472
Guernsey,831,2020,7,0.929
Guernsey,831,2021,7,1.506
Guernsey,831,2022,7,2.99
Guernsey,831,2023,7,1.38
Guernsey,831,2024,7,1.139
Guernsey,831,2025,7,2.535
Guernsey,831,2020,8,2.495
Guernsey,831,2021,8,0.551
Guernsey,831,2022,8,3.494
Guernsey,831,2023,8,1.414
Guernsey,831,2024,8,1.934
Guernsey,831,2025,8,2.431
Guernsey,831,2020,9,1.502
Guernsey,831,2021,9,2.281
Guernsey,831,2022,9,1.438
Guernsey,831,2023,9,3.794
Guernsey,831,2024,9,0.497
Guernsey,831,2025,9,0.728
Guernsey,831,2020,10,0.297
Guernsey,831,2021,10,1.454
Guernsey,831,2022,10,3.132
Guernsey,831,2023,10,2.646
Guernsey,831,2024,10,1.569
Guernsey,831,2025,10,1.229
Guernsey,831,2020,11,2.53
Guernsey,831,2021,11,0.647
Guernsey,831,2022,11,2.916
Guernsey,831,2023,11,1.886
Guernsey,831,2024,11,1.796
Guernsey,831,2025,11,2.49
Guernsey,831,2020,12,1.223
Guernsey,831,2021,12,1.944
Guernsey,831,2022,12,-0.195
Guernsey,831,2023,12,2.884
Guernsey,831,2024,12,1.677
Guernsey,831,2025,12,1.79
Guinea,324,2020,1,0.841
Guinea,324,2021,1,1.989
Guinea,324,2022,1,1.988
Guinea,324,2023,1,1.384
Guinea,324,2024,1,2.264
Guinea,324,2025,1,1.095
Guinea,324,2020,2,1.7
Guinea,324,2021,2,1.721
Guinea,324,2022,2,1.438
Guinea,324,2023,2,1.83
Guinea,324,2024,2,2.335
Guinea,324,2025,2,1.425
Guinea,324,2020,3,2.066
Guinea,324,2021,3,1.413
Guinea,324,2022,3,1.693
Guinea,324,2023,3,1.341
Guinea,324,2024,3,2.474
Guinea,324,2025,3,1.928
Guinea,324,2020,4,1.868
Guinea,324,2021,4,1.735
Guinea,324,2022,4,1.57
Guinea,324,2023,4,1.701
Guinea,324,2024,4,2.418
Guinea,324,2025,4,1.621
Guinea,324,2020,5,1.793
Guinea,324,2021,5,1.596
Guinea,324,2022,5,1.54
Guinea,324,2023,5,1.494
Guinea,324,2024,5,2.584
Guinea,324,2025,5,1.285
Guinea,324,2020,6,1.709
Guinea,324,2021,6,1.75
Guinea,324,2022,6,1.054
Guinea,324,2023,6,1.629
Guinea,324,2024,6,2.12
Guinea,324,2025,6,1.58
Guinea,324,2020,7,1.256
Guinea,324,2021,7,1.687
Guinea,324,2022,7,1.153
Guinea,324,2023,7,1.924
Guinea,324,2024,7,1.327
Guinea,324,2025,7,1.046
Guinea,324,2020,8,1.174
Guinea,324,2021,8,1.426
Guinea,324,2022,8,1.085
Guinea,324,2023,8,1.729
Guinea,324,2024,8,1.597
Guinea,324,2025,8,0.956
Guinea,324,2020,9,1.174
Guinea,324,2021,9,1.571
Guinea,324,2022,9,0.813
Guinea,324,2023,9,1.729
Guinea,324,2024,9,0.941
Guinea,324,2025,9,1.37
Guinea,324,2020,10,1.386
Guinea,324,2021,10,1.707
Guinea,324,2022,10,1.096
Guinea,324,2023,10,1.667
Guinea,324,2024,10,1.05
Guinea,324,2025,10,1.007
Guinea,324,2020,11,1.333
Guinea,324,2021,11,2.213
Guinea,324,2022,11,0.902
Guinea,324,2023,11,1.914
Guinea,324,2024,11,1.424
Guinea,324,2025,11,1.678
Guinea,324,2020,12,2.499
Guinea,324,2021,12,2.523
Guinea,324,2022,12,1.848
Guinea,324,2023,12,1.603
Guinea,324,2024,12,1.299
Guinea,324,2025,12,0.676
Guinea-Bissau,624,2020,1,1.066
Guinea-Bissau,624,2021,1,2.564
Guinea-Bissau,624,2022,1,2.892
Guinea-Bissau,624,2023,1,1.828
Guinea-Bissau,624,2024,1,2.828
Guinea-Bissau,624,2025,1,0.901
Guinea-Bissau,624,2020,2,2.275
Guinea-Bissau,624,2021,2,2.129
Guinea-Bissau,624,2022,2,1.894
Guinea-Bissau,624,2023,2,1.602
Guinea-Bissau,624,2024,2,3.013
Guinea-Bissau,624,2025,2,1.376
Guinea-Bissau,624,2020,3,2.702
Guinea-Bissau,624,2021,3,1.436
Guinea-Bissau,624,2022,3,1.879
Guinea-Bissau,624,2023,3,1.156
Guinea-Bissau,624,2024,3,2.314
Guinea-Bissau,624,2025,3,1.367
Guinea-Bissau,624,2020,4,2.85
Guinea-Bissau,624,2021,4,1.645
Guinea-Bissau,624,2022,4,1.365
Guinea-Bissau,624,2023,4,1.923
Guinea-Bissau,624,2024,4,2.582
Guinea-Bissau,624,2025,4,1.874
Guinea-Bissau,624,2020,5,1.688
Guinea-Bissau,624,2021,5,1.294
Guinea-Bissau,624,2022,5,1.515
Guinea-Bissau,624,2023,5,2.023
Guinea-Bissau,624,2024,5,2.551
Guinea-Bissau,624,2025,5,1.533
Guinea-Bissau,624,2020,6,1.696
Guinea-Bissau,624,2021,6,1.788
Guinea-Bissau,624,2022,6,0.939
Guinea-Bissau,624,2023,6,1.857
Guinea-Bissau,624,2024,6,1.928
Guinea-Bissau,624,2025,6,1.512
Guinea-Bissau,624,2020,7,2.095
Guinea-Bissau,624,2021,7,1.8
Guinea-Bissau,624,2022,7,0.957
Guinea-Bissau,624,2023,7,1.906
Guinea-Bissau,624,2024,7,1.308
Guinea-Bissau,624,2025,7,0.854
Guinea-Bissau,624,2020,8,1.101
Guinea-Bissau,624,2021,8,1.193
Guinea-Bissau,624,2022,8,0.838
Guinea-Bissau,624,2023,8,1.779
Guinea-Bissau,624,2024,8,1.479
Guinea-Bissau,624,2025,8,1.051
Guinea-Bissau,624,2020,9,0.952
Guinea-Bissau,624,2021,9,1.335
Guinea-Bissau,624,2022,9,0.751
Guinea-Bissau,624,2023,9,1.91
Guinea-Bissau,624,2024,9,0.53
Guinea-Bissau,624,2025,9,1.24
Guinea-Bissau,624,2020,10,1.617
Guinea-Bissau,624,2021,10,1.345
Guinea-Bissau,624,2022,10,1.054
Guinea-Bissau,624,2023,10,1.558
Guinea-Bissau,624,2024,10,0.32
Guinea-Bissau,624,2025,10,0.306
Guinea-Bissau,624,2020,11,1.602
Guinea-Bissau,624,2021,11,2.237
Guinea-Bissau,624,2022,11,0.615
Guinea-Bissau,624,2023,11,1.785
Guinea-Bissau,624,2024,11,1.889
Guinea-Bissau,624,2025,11,1.932
Guinea-Bissau,624,2020,12,2.58
Guinea-Bissau,624,2021,12,3.076
Guinea-Bissau,624,2022,12,2.133
Guinea-Bissau,624,2023,12,2.378
Guinea-Bissau,624,2024,12,1.322
Guinea-Bissau,624,2025,12,1.338
Guyana,328,2020,1,1.365
Guyana,328,2021,1,1.038
Guyana,328,2022,1,0.684
Guyana,328,2023,1,0.631
Guyana,328,2024,1,2.544
Guyana,328,2025,1,1.907
Guyana,328,2020,2,1.695
Guyana,328,2021,2,1.141
Guyana,328,2022,2,1.466
Guyana,328,2023,2,0.763
Guyana,328,2024,2,3.17
Guyana,328,2025,2,2.252
Guyana,328,2020,3,1.361
Guyana,328,2021,3,0.38
Guyana,328,2022,3,0.406
Guyana,328,2023,3,0.539
Guyana,328,2024,3,3.114
Guyana,328,2025,3,1.663
Guyana,328,2020,4,1.718
Guyana,328,2021,4,0.936
Guyana,328,2022,4,1.13
Guyana,328,2023,4,1.156
Guyana,328,2024,4,3.0
Guyana,328,2025,4,1.884
Guyana,328,2020,5,1.256
Guyana,328,2021,5,0.819
Guyana,328,2022,5,0.956
Guyana,328,2023,5,1.936
Guyana,328,2024,5,2.282
Guyana,328,2025,5,1.236
Guyana,328,2020,6,1.637
Guyana,328,2021,6,1.496
Guyana,328,2022,6,0.9
Guyana,328,2023,6,2.082
Guyana,328,2024,6,2.298
Guyana,328,2025,6,1.463
Guyana,328,2020,7,1.69
Guyana,328,2021,7,1.014
Guyana,328,2022,7,2.139
Guyana,328,2023,7,2.865
Guyana,328,2024,7,2.528
Guyana,328,2025,7,1.492
Guyana,328,2020,8,2.061
Guyana,328,2021,8,1.626
Guyana,328,2022,8,1.716
Guyana,328,2023,8,3.155
Guyana,328,2024,8,2.65
Guyana,328,2025,8,0.506
Guyana,328,2020,9,2.219
Guyana,328,2021,9,0.987
Guyana,328,2022,9,2.018
Guyana,328,2023,9,3.384
Guyana,328,2024,9,3.109
Guyana,328,2025,9,1.263
Guyana,328,2020,10,1.873
Guyana,328,2021,10,1.698
Guyana,328,2022,10,1.149
Guyana,328,2023,10,3.522
Guyana,328,2024,10,2.36
Guyana,328,2025,10,1.378
Guyana,328,2020,11,0.217
Guyana,328,2021,11,1.137
Guyana,328,2022,11,0.192
Guyana,328,2023,11,2.762
Guyana,328,2024,11,2.06
Guyana,328,2025,11,0.792
Guyana,328,2020,12,1.246
Guyana,328,2021,12,1.32
Guyana,328,2022,12,0.758
Guyana,328,2023,12,2.508
Guyana,328,2024,12,1.981
Guyana,328,2025,12,1.679
Haiti,332,2020,1,1.631
Haiti,332,2021,1,0.98
Haiti,332,2022,1,0.989
Haiti,332,2023,1,1.537
Haiti,332,2024,1,2.032
Haiti,332,2025,1,1.677
Haiti,332,2020,2,2.172
Haiti,332,2021,2,1.489
Haiti,332,2022,2,1.361
Haiti,332,2023,2,1.455
Haiti,332,2024,2,0.545
Haiti,332,2025,2,1.723
Haiti,332,2020,3,1.32
Haiti,332,2021,3,1.087
Haiti,332,2022,3,1.201
Haiti,332,2023,3,1.475
Haiti,332,2024,3,1.607
Haiti,332,2025,3,1.338
Haiti,332,2020,4,1.735
Haiti,332,2021,4,0.505
Haiti,332,2022,4,0.482
Haiti,332,2023,4,1.204
Haiti,332,2024,4,1.602
Haiti,332,2025,4,1.181
Haiti,332,2020,5,1.647
Haiti,332,2021,5,0.996
Haiti,332,2022,5,0.364
Haiti,332,2023,5,1.058
Haiti,332,2024,5,1.518
Haiti,332,2025,5,1.168
Haiti,332,2020,6,1.528
Haiti,332,2021,6,0.754
Haiti,332,2022,6,0.894
Haiti,332,2023,6,1.377
Haiti,332,2024,6,1.348
Haiti,332,2025,6,2.106
Haiti,332,2020,7,1.381
Haiti,332,2021,7,0.805
Haiti,332,2022,7,0.77
Haiti,332,2023,7,1.515
Haiti,332,2024,7,1.345
Haiti,332,2025,7,1.114
Haiti,332,2020,8,1.383
Haiti,332,2021,8,0.577
Haiti,332,2022,8,0.842
Haiti,332,2023,8,1.775
Haiti,332,2024,8,1.462
Haiti,332,2025,8,1.617
Haiti,332,2020,9,1.088
Haiti,332,2021,9,1.058
Haiti,332,2022,9,0.812
Haiti,332,2023,9,1.877
Haiti,332,2024,9,2.471
Haiti,332,2025,9,1.176
Haiti,332,2020,10,0.878
Haiti,332,2021,10,1.15
Haiti,332,2022,10,1.11
Haiti,332,2023,10,1.77
Haiti,332,2024,10,1.777
Haiti,332,2025,10,1.408
Haiti,332,2020,11,0.62
Haiti,332,2021,11,1.172
Haiti,332,2022,11,1.315
Haiti,332,2023,11,1.564
Haiti,332,2024,11,0.746
Haiti,332,2025,11,1.832
Haiti,332,2020,12,0.91
Haiti,332,2021,12,1.535
Haiti,332,2022,12,1.176
Haiti,332,2023,12,1.718
Haiti,332,2024,12,1.747
Haiti,332,2025,12,1.705
Holy See,336,2020,1,1.451
Holy See,336,2021,1,0.33
Holy See,336,2022,1,0.614
Holy See,336,2023,1,1.331
Holy See,336,2024,1,2.641
Holy See,336,2025,1,2.326
Holy See,336,2020,2,2.44
Holy See,336,2021,2,1.991
Holy See,336,2022,2,1.493
Holy See,336,2023,2,0.796
Holy See,336,2024,2,3.447
Holy See,336,2025,2,1.854
Holy See,336,2020,3,1.015
Holy See,336,2021,3,0.09
Holy See,336,2022,3,-0.444
Holy See,336,2023,3,1.808
Holy See,336,2024,3,2.609
Holy See,336,2025,3,2.251
Holy See,336,2020,4,1.166
Holy See,336,2021,4,-0.333
Holy See,336,2022,4,0.755
Holy See,336,2023,4,0.015
Holy See,336,2024,4,2.641
Holy See,336,2025,4,2.252
Holy See,336,2020,5,1.897
Holy See,336,2021,5,0.186
Holy See,336,2022,5,2.751
Holy See,336,2023,5,0.618
Holy See,336,2024,5,1.586
Holy See,336,2025,5,1.529
Holy See,336,2020,6,0.512
Holy See,336,2021,6,2.78
Holy See,336,2022,6,4.005
Holy See,336,2023,6,1.477
Holy See,336,2024,6,2.442
Holy See,336,2025,6,5.468
Holy See,336,2020,7,1.856
Holy See,336,2021,7,2.679
Holy See,336,2022,7,3.43
Holy See,336,2023,7,3.603
Holy See,336,2024,7,3.719
Holy See,336,2025,7,2.159
Holy See,336,2020,8,2.413
Holy See,336,2021,8,2.756
Holy See,336,2022,8,2.24
Holy See,336,2023,8,1.626
Holy See,336,2024,8,3.876
Holy See,336,2025,8,1.702
Holy See,336,2020,9,1.668
Holy See,336,2021,9,2.446
Holy See,336,2022,9,1.25
Holy See,336,2023,9,2.662
Holy See,336,2024,9,0.812
Holy See,336,2025,9,2.183
Holy See,336,2020,10,-0.017
Holy See,336,2021,10,0.319
Holy See,336,2022,10,3.195
Holy See,336,2023,10,4.518
Holy See,336,2024,10,2.611
Holy See,336,2025,10,2.113
Holy See,336,2020,11,1.933
Holy See,336,2021,11,1.554
Holy See,336,2022,11,1.813
Holy See,336,2023,11,2.097
Holy See,336,2024,11,1.001
Holy See,336,2025,11,1.858
Holy See,336,2020,12,1.122
Holy See,336,2021,12,0.563
Holy See,336,2022,12,3.041
Holy See,336,2023,12,2.473
Holy See,336,2024,12,0.987
Holy See,336,2025,12,2.361
Honduras,340,2020,1,1.0
Honduras,340,2021,1,1.123
Honduras,340,2022,1,0.949
Honduras,340,2023,1,1.095
Honduras,340,2024,1,2.078
Honduras,340,2025,1,1.344
Honduras,340,2020,2,0.963
Honduras,340,2021,2,1.586
Honduras,340,2022,2,0.992
Honduras,340,2023,2,1.56
Honduras,340,2024,2,1.486
Honduras,340,2025,2,1.913
Honduras,340,2020,3,1.414
Honduras,340,2021,3,1.009
Honduras,340,2022,3,1.265
Honduras,340,2023,3,1.147
Honduras,340,2024,3,2.775
Honduras,340,2025,3,1.874
Honduras,340,2020,4,3.516
Honduras,340,2021,4,1.073
Honduras,340,2022,4,1.108
Honduras,340,2023,4,1.049
Honduras,340,2024,4,2.371
Honduras,340,2025,4,0.868
Honduras,340,2020,5,1.769
Honduras,340,2021,5,0.763
Honduras,340,2022,5,0.131
Honduras,340,2023,5,1.423
Honduras,340,2024,5,2.488
Honduras,340,2025,5,1.583
Honduras,340,2020,6,1.971
Honduras,340,2021,6,1.271
Honduras,340,2022,6,-0.238
Honduras,340,2023,6,1.763
Honduras,340,2024,6,1.271
Honduras,340,2025,6,0.528
Honduras,340,2020,7,2.056
Honduras,340,2021,7,0.838
Honduras,340,2022,7,0.351
Honduras,340,2023,7,1.348
Honduras,340,2024,7,0.889
Honduras,340,2025,7,0.883
Honduras,340,2020,8,1.173
Honduras,340,2021,8,0.913
Honduras,340,2022,8,0.34
Honduras,340,2023,8,1.74
Honduras,340,2024,8,1.354
Honduras,340,2025,8,0.914
Honduras,340,2020,9,1.709
Honduras,340,2021,9,0.98
Honduras,340,2022,9,0.352
Honduras,340,2023,9,2.094
Honduras,340,2024,9,1.545
Honduras,340,2025,9,-0.014
Honduras,340,2020,10,1.553
Honduras,340,2021,10,1.392
Honduras,340,2022,10,0.716
Honduras,340,2023,10,1.74
Honduras,340,2024,10,1.008
Honduras,340,2025,10,0.626
Honduras,340,2020,11,0.69
Honduras,340,2021,11,0.515
Honduras,340,2022,11,1.328
Honduras,340,2023,11,1.549
Honduras,340,2024,11,1.043
Honduras,340,2025,11,0.956
Honduras,340,2020,12,0.317
Honduras,340,2021,12,1.216
Honduras,340,2022,12,0.924
Honduras,340,2023,12,1.333
Honduras,340,2024,12,0.921
Honduras,340,2025,12,1.153
Hungary,348,2020,1,2.265
Hungary,348,2021,1,3.052
Hungary,348,2022,1,2.62
Hungary,348,2023,1,5.808
Hungary,348,2024,1,3.455
Hungary,348,2025,1,4.41
Hungary,348,2020,2,4.916
Hungary,348,2021,2,2.911
Hungary,348,2022,2,4.095
Hungary,348,2023,2,2.352
Hungary,348,2024,2,7.502
Hungary,348,2025,2,0.814
Hungary,348,2020,3,2.249
Hungary,348,2021,3,0.541
Hungary,348,2022,3,0.422
Hungary,348,2023,3,2.823
Hungary,348,2024,3,4.602
Hungary,348,2025,3,3.622
Hungary,348,2020,4,1.48
Hungary,348,2021,4,-1.49
Hungary,348,2022,4,-0.499
Hungary,348,2023,4,-0.606
Hungary,348,2024,4,3.17
Hungary,348,2025,4,2.481
Hungary,348,2020,5,-0.296
Hungary,348,2021,5,-0.665
Hungary,348,2022,5,2.436
Hungary,348,2023,5,1.0
Hungary,348,2024,5,2.39
Hungary,348,2025,5,-0.75
Hungary,348,2020,6,1.376
Hungary,348,2021,6,3.179
Hungary,348,2022,6,3.53
Hungary,348,2023,6,1.45
Hungary,348,2024,6,3.177
Hungary,348,2025,6,3.492
Hungary,348,2020,7,1.328
Hungary,348,2021,7,3.753
Hungary,348,2022,7,3.241
Hungary,348,2023,7,2.924
Hungary,348,2024,7,4.448
Hungary,348,2025,7,2.211
Hungary,348,2020,8,3.135
Hungary,348,2021,8,1.153
Hungary,348,2022,8,3.746
Hungary,348,2023,8,2.948
Hungary,348,2024,8,5.169
Hungary,348,2025,8,2.279
Hungary,348,2020,9,2.301
Hungary,348,2021,9,1.1
Hungary,348,2022,9,0.167
Hungary,348,2023,9,4.131
Hungary,348,2024,9,2.316
Hungary,348,2025,9,2.858
Hungary,348,2020,10,1.588
Hungary,348,2021,10,-0.359
Hungary,348,2022,10,2.887
Hungary,348,2023,10,4.102
Hungary,348,2024,10,1.831
Hungary,348,2025,10,-0.118
Hungary,348,2020,11,0.446
Hungary,348,2021,11,0.833
Hungary,348,2022,11,1.891
Hungary,348,2023,11,1.34
Hungary,348,2024,11,-0.76
Hungary,348,2025,11,1.117
Hungary,348,2020,12,3.143
Hungary,348,2021,12,1.169
Hungary,348,2022,12,2.624
Hungary,348,2023,12,2.85
Hungary,348,2024,12,1.757
Hungary,348,2025,12,2.585
Iceland,352,2020,1,1.298
Iceland,352,2021,1,0.069
Iceland,352,2022,1,1.586
Iceland,352,2023,1,-0.093
Iceland,352,2024,1,0.65
Iceland,352,2025,1,0.22
Iceland,352,2020,2,0.368
Iceland,352,2021,2,1.938
Iceland,352,2022,2,-1.234
Iceland,352,2023,2,2.33
Iceland,352,2024,2,-0.745
Iceland,352,2025,2,2.899
Iceland,352,2020,3,-0.078
Iceland,352,2021,3,1.795
Iceland,352,2022,3,1.96
Iceland,352,2023,3,-2.407
Iceland,352,2024,3,0.977
Iceland,352,2025,3,2.46
Iceland,352,2020,4,1.05
Iceland,352,2021,4,0.442
Iceland,352,2022,4,1.898
Iceland,352,2023,4,2.136
Iceland,352,2024,4,-0.258
Iceland,352,2025,4,2.595
Iceland,352,2020,5,0.745
Iceland,352,2021,5,-1.119
Iceland,352,2022,5,1.156
Iceland,352,2023,5,1.526
Iceland,352,2024,5,1.464
Iceland,352,2025,5,3.072
Iceland,352,2020,6,1.306
Iceland,352,2021,6,0.153
Iceland,352,2022,6,1.132
Iceland,352,2023,6,1.654
Iceland,352,2024,6,0.019
Iceland,352,2025,6,0.1
Iceland,352,2020,7,0.07
Iceland,352,2021,7,1.643
Iceland,352,2022,7,0.719
Iceland,352,2023,7,0.428
Iceland,352,2024,7,0.975
Iceland,352,2025,7,2.171
Iceland,352,2020,8,0.942
Iceland,352,2021,8,2.495
Iceland,352,2022,8,0.641
Iceland,352,2023,8,1.481
Iceland,352,2024,8,-0.004
Iceland,352,2025,8,2.366
Iceland,352,2020,9,0.059
Iceland,352,2021,9,1.193
Iceland,352,2022,9,1.765
Iceland,352,2023,9,1.009
Iceland,352,2024,9,-0.616
Iceland,352,2025,9,1.849
Iceland,352,2020,10,0.836
Iceland,352,2021,10,0.364
Iceland,352,2022,10,0.378
Iceland,352,2023,10,0.359
Iceland,352,2024,10,-1.232
Iceland,352,2025,10,0.245
Iceland,352,2020,11,0.887
Iceland,352,2021,11,0.599
Iceland,352,2022,11,3.478
Iceland,352,2023,11,1.388
Iceland,352,2024,11,0.809
Iceland,352,2025,11,-0.128
Iceland,352,2020,12,1.192
Iceland,352,2021,12,1.452
Iceland,352,2022,12,-2.646
Iceland,352,2023,12,-0.643
Iceland,352,2024,12,-0.183
Iceland,352,2025,12,4.097
India,356,2020,1,0.405
India,356,2021,1,1.238
India,356,2022,1,0.198
India,356,2023,1,0.611
India,356,2024,1,0.578
India,356,2025,1,1.38
India,356,2020,2,0.554
India,356,2021,2,1.234
India,356,2022,2,0.172
India,356,2023,2,1.812
India,356,2024,2,1.213
India,356,2025,2,2.246
India,356,2020,3,-0.125
India,356,2021,3,1.757
India,356,2022,3,2.121
India,356,2023,3,0.493
India,356,2024,3,0.683
India,356,2025,3,1.616
India,356,2020,4,0.34
India,356,2021,4,0.766
India,356,2022,4,1.934
India,356,2023,4,-0.126
India,356,2024,4,1.182
India,356,2025,4,1.455
India,356,2020,5,0.327
India,356,2021,5,-0.759
India,356,2022,5,0.521
India,356,2023,5,-0.578
India,356,2024,5,1.036
India,356,2025,5,-0.593
India,356,2020,6,-0.243
India,356,2021,6,-0.385
India,356,2022,6,0.854
India,356,2023,6,0.933
India,356,2024,6,1.264
India,356,2025,6,-0.081
India,356,2020,7,1.219
India,356,2021,7,1.021
India,356,2022,7,0.556
India,356,2023,7,0.845
India,356,2024,7,1.096
India,356,2025,7,0.53
India,356,2020,8,0.924
India,356,2021,8,1.068
India,356,2022,8,0.966
India,356,2023,8,1.32
India,356,2024,8,0.94
India,356,2025,8,0.921
India,356,2020,9,1.375
India,356,2021,9,0.826
India,356,2022,9,0.875
India,356,2023,9,1.329
India,356,2024,9,1.116
India,356,2025,9,1.077
India,356,2020,10,1.43
India,356,2021,10,1.237
India,356,2022,10,0.473
India,356,2023,10,1.266
India,356,2024,10,1.613
India,356,2025,10,0.975
India,356,2020,11,0.848
India,356,2021,11,1.048
India,356,2022,11,0.908
India,356,2023,11,1.76
India,356,2024,11,1.721
India,356,2025,11,0.792
India,356,2020,12,1.008
India,356,2021,12,0.821
India,356,2022,12,1.704
India,356,2023,12,1.622
India,356,2024,12,1.132
India,356,2025,12,0.844
Indonesia,360,2020,1,1.419
Indonesia,360,2021,1,0.816
Indonesia,360,2022,1,0.979
Indonesia,360,2023,1,0.707
Indonesia,360,2024,1,1.523
Indonesia,360,2025,1,0.96
Indonesia,360,2020,2,1.41
Indonesia,360,2021,2,0.9
Indonesia,360,2022,2,0.817
Indonesia,360,2023,2,0.756
Indonesia,360,2024,2,1.696
Indonesia,360,2025,2,1.009
Indonesia,360,2020,3,1.31
Indonesia,360,2021,3,0.88
Indonesia,360,2022,3,0.945
Indonesia,360,2023,3,0.889
Indonesia,360,2024,3,1.246
Indonesia,360,2025,3,0.989
Indonesia,360,2020,4,1.12
Indonesia,360,2021,4,0.799
Indonesia,360,2022,4,0.942
Indonesia,360,2023,4,1.055
Indonesia,360,2024,4,1.419
Indonesia,360,2025,4,0.756
Indonesia,360,2020,5,1.253
Indonesia,360,2021,5,0.984
Indonesia,360,2022,5,1.163
Indonesia,360,2023,5,1.136
Indonesia,360,2024,5,1.457
Indonesia,360,2025,5,1.171
Indonesia,360,2020,6,1.086
Indonesia,360,2021,6,1.096
Indonesia,360,2022,6,0.961
Indonesia,360,2023,6,1.212
Indonesia,360,2024,6,1.141
Indonesia,360,2025,6,1.189
Indonesia,360,2020,7,1.126
Indonesia,360,2021,7,1.283
Indonesia,360,2022,7,1.09
Indonesia,360,2023,7,1.322
Indonesia,360,2024,7,1.354
Indonesia,360,2025,7,1.476
Indonesia,360,2020,8,1.303
Indonesia,360,2021,8,1.291
Indonesia,360,2022,8,1.132
Indonesia,360,2023,8,1.288
Indonesia,360,2024,8,1.286
Indonesia,360,2025,8,1.22
Indonesia,360,2020,9,1.174
Indonesia,360,2021,9,1.077
Indonesia,360,2022,9,1.123
Indonesia,360,2023,9,1.086
Indonesia,360,2024,9,1.568
Indonesia,360,2025,9,1.232
Indonesia,360,2020,10,1.008
Indonesia,360,2021,10,1.222
Indonesia,360,2022,10,0.67
Indonesia,360,2023,10,1.447
Indonesia,360,2024,10,1.498
Indonesia,360,2025,10,1.324
Indonesia,360,2020,11,1.028
Indonesia,360,2021,11,0.789
Indonesia,360,2022,11,0.771
Indonesia,360,2023,11,1.482
Indonesia,360,2024,11,1.227
Indonesia,360,2025,11,0.999
Indonesia,360,2020,12,0.948
Indonesia,360,2021,12,1.05
Indonesia,360,2022,12,0.736
Indonesia,360,2023,12,1.619
Indonesia,360,2024,12,1.129
Indonesia,360,2025,12,1.132
Iran (Islamic Republic of),364,2020,1,0.946
Iran (Islamic Republic of),364,2021,1,1.235
Iran (Islamic Republic of),364,2022,1,1.927
Iran (Islamic Republic of),364,2023,1,-0.439
Iran (Islamic Republic of),364,2024,1,4.731
Iran (Islamic Republic of),364,2025,1,1.465
Iran (Islamic Republic of),364,2020,2,2.341
Iran (Islamic Republic of),364,2021,2,3.231
Iran (Islamic Republic of),364,2022,2,2.738
Iran (Islamic Republic of),364,2023,2,2.149
Iran (Islamic Republic of),364,2024,2,1.792
Iran (Islamic Republic of),364,2025,2,0.542
Iran (Islamic Republic of),364,2020,3,1.126
Iran (Islamic Republic of),364,2021,3,2.885
Iran (Islamic Republic of),364,2022,3,2.628
Iran (Islamic Republic of),364,2023,3,3.77
Iran (Islamic Republic of),364,2024,3,1.33
Iran (Islamic Republic of),364,2025,3,2.106
Iran (Islamic Republic of),364,2020,4,0.616
Iran (Islamic Republic of),364,2021,4,3.781
Iran (Islamic Republic of),364,2022,4,3.913
Iran (Islamic Republic of),364,2023,4,2.076
Iran (Islamic Republic of),364,2024,4,1.565
Iran (Islamic Republic of),364,2025,4,4.177
Iran (Islamic Republic of),364,2020,5,1.761
Iran (Islamic Republic of),364,2021,5,2.571
Iran (Islamic Republic of),364,2022,5,1.157
Iran (Islamic Republic of),364,2023,5,1.806
Iran (Islamic Republic of),364,2024,5,1.271
Iran (Islamic Republic of),364,2025,5,4.039
Iran (Islamic Republic of),364,2020,6,2.187
Iran (Islamic Republic of),364,2021,6,3.083
Iran (Islamic Republic of),364,2022,6,2.691
Iran (Islamic Republic of),364,2023,6,2.566
Iran (Islamic Republic of),364,2024,6,2.538
Iran (Islamic Republic of),364,2025,6,1.686
Iran (Islamic Republic of),364,2020,7,1.549
Iran (Islamic Republic of),364,2021,7,2.379
Iran (Islamic Republic of),364,2022,7,1.686
Iran (Islamic Republic of),364,2023,7,2.152
Iran (Islamic Republic of),364,2024,7,2.908
Iran (Islamic Republic of),364,2025,7,2.456
Iran (Islamic Republic of),364,2020,8,1.228
Iran (Islamic Republic of),364,2021,8,1.803
Iran (Islamic Republic of),364,2022,8,1.207
Iran (Islamic Republic of),364,2023,8,2.072
Iran (Islamic Republic of),364,2024,8,2.956
Iran (Islamic Republic of),364,2025,8,2.309
Iran (Islamic Republic of),364,2020,9,0.891
Iran (Islamic Republic of),364,2021,9,2.357
Iran (Islamic Republic of),364,2022,9,2.387
Iran (Islamic Republic of),364,2023,9,2.242
Iran (Islamic Republic of),364,2024,9,1.879
Iran (Islamic Republic of),364,2025,9,1.612
Iran (Islamic Republic of),364,2020,10,-0.311
Iran (Islamic Republic of),364,2021,10,0.719
Iran (Islamic Republic of),364,2022,10,2.529
Iran (Islamic Republic of),364,2023,10,2.647
Iran (Islamic Republic of),364,2024,10,1.842
Iran (Islamic Republic of),364,2025,10,2.372
Iran (Islamic Republic of),364,2020,11,0.931
Iran (Islamic Republic of),364,2021,11,0.936
Iran (Islamic Republic of),364,2022,11,2.158
Iran (Islamic Republic of),364,2023,11,3.532
Iran (Islamic Republic of),364,2024,11,2.906
Iran (Islamic Republic of),364,2025,11,2.065
Iran (Islamic Republic of),364,2020,12,-0.078
Iran (Islamic Republic of),364,2021,12,2.296
Iran (Islamic Republic of),364,2022,12,1.204
Iran (Islamic Republic of),364,2023,12,3.499
Iran (Islamic Republic of),364,2024,12,0.053
Iran (Islamic Republic of),364,2025,12,1.797
Iraq,368,2020,1,1.272
Iraq,368,2021,1,2.6
Iraq,368,2022,1,0.681
Iraq,368,2023,1,1.134
Iraq,368,2024,1,4.306
Iraq,368,2025,1,1.575
Iraq,368,2020,2,1.257
Iraq,368,2021,2,2.954
Iraq,368,2022,2,2.612
Iraq,368,2023,2,0.2
Iraq,368,2024,2,1.97
Iraq,368,2025,2,-0.844
Iraq,368,2020,3,2.127
Iraq,368,2021,3,2.29
Iraq,368,2022,3,-0.199
Iraq,368,2023,3,2.904
Iraq,368,2024,3,0.859
Iraq,368,2025,3,2.189
Iraq,368,2020,4,1.366
Iraq,368,2021,4,3.848
Iraq,368,2022,4,3.649
Iraq,368,2023,4,1.391
Iraq,368,2024,4,3.345
Iraq,368,2025,4,3.115
Iraq,368,2020,5,2.057
Iraq,368,2021,5,4.339
Iraq,368,2022,5,0.981
Iraq,368,2023,5,1.205
Iraq,368,2024,5,0.965
Iraq,368,2025,5,3.634
Iraq,368,2020,6,1.977
Iraq,368,2021,6,3.217
Iraq,368,2022,6,3.15
Iraq,368,2023,6,1.944
Iraq,368,2024,6,4.094
Iraq,368,2025,6,2.139
Iraq,368,2020,7,2.931
Iraq,368,2021,7,2.912
Iraq,368,2022,7,2.203
Iraq,368,2023,7,2.42
Iraq,368,2024,7,2.341
Iraq,368,2025,7,2.576
Iraq,368,2020,8,1.07
Iraq,368,2021,8,2.471
Iraq,368,2022,8,3.373
Iraq,368,2023,8,3.101
Iraq,368,2024,8,2.843
Iraq,368,2025,8,3.123
Iraq,368,2020,9,3.504
Iraq,368,2021,9,1.559
Iraq,368,2022,9,2.586
Iraq,368,2023,9,2.867
Iraq,368,2024,9,1.962
Iraq,368,2025,9,1.633
Iraq,368,2020,10,1.952
Iraq,368,2021,10,1.964
Iraq,368,2022,10,3.217
Iraq,368,2023,10,2.177
Iraq,368,2024,10,0.206
Iraq,368,2025,10,1.572
Iraq,368,2020,11,1.951
Iraq,368,2021,11,2.217
Iraq,368,2022,11,2.157
Iraq,368,2023,11,2.674
Iraq,368,2024,11,1.196
Iraq,368,2025,11,2.282
Iraq,368,2020,12,1.55
Iraq,368,2021,12,2.233
Iraq,368,2022,12,3.06
Iraq,368,2023,12,3.827
Iraq,368,2024,12,0.832
Iraq,368,2025,12,1.555
Ireland,372,2020,1,2.055
Ireland,372,2021,1,-0.081
Ireland,372,2022,1,2.025
Ireland,372,2023,1,1.754
Ireland,372,2024,1,0.755
Ireland,372,2025,1,0.823
Ireland,372,2020,2,1.47
Ireland,372,2021,2,1.65
Ireland,372,2022,2,2.544
Ireland,372,2023,2,3.037
Ireland,372,2024,2,3.139
Ireland,372,2025,2,2.329
Ireland,372,2020,3,0.512
Ireland,372,2021,3,1.488
Ireland,372,2022,3,1.602
Ireland,372,2023,3,1.278
Ireland,372,2024,3,1.736
Ireland,372,2025,3,2.361
Ireland,372,2020,4,1.93
Ireland,372,2021,4,-0.223
Ireland,372,2022,4,1.133
Ireland,372,2023,4,1.372
Ireland,372,2024,4,1.424
Ireland,372,2025,4,2.929
Ireland,372,2020,5,1.649
Ireland,372,2021,5,-0.555
Ireland,372,2022,5,1.988
Ireland,372,2023,5,2.286
Ireland,372,2024,5,2.555
Ireland,372,2025,5,2.409
Ireland,372,2020,6,0.69
Ireland,372,2021,6,0.774
Ireland,372,2022,6,0.847
Ireland,372,2023,6,3.475
Ireland,372,2024,6,0.096
Ireland,372,2025,6,1.893
Ireland,372,2020,7,-0.02
Ireland,372,2021,7,2.431
Ireland,372,2022,7,1.787
Ireland,372,2023,7,0.802
Ireland,372,2024,7,0.318
Ireland,372,2025,7,2.114
Ireland,372,2020,8,1.341
Ireland,372,2021,8,1.204
Ireland,372,2022,8,2.071
Ireland,372,2023,8,1.378
Ireland,372,2024,8,0.873
Ireland,372,2025,8,2.551
Ireland,372,2020,9,0.883
Ireland,372,2021,9,2.27
Ireland,372,2022,9,1.142
Ireland,372,2023,9,2.335
Ireland,372,2024,9,0.355
Ireland,372,2025,9,0.435
Ireland,372,2020,10,-0.295
Ireland,372,2021,10,1.446
Ireland,372,2022,10,1.851
Ireland,372,2023,10,1.254
Ireland,372,2024,10,1.219
Ireland,372,2025,10,1.091
Ireland,372,2020,11,1.726
Ireland,372,2021,11,1.741
Ireland,372,2022,11,2.345
Ireland,372,2023,11,1.225
Ireland,372,2024,11,2.011
Ireland,372,2025,11,1.715
Ireland,372,2020,12,0.003
Ireland,372,2021,12,1.696
Ireland,372,2022,12,-0.89
Ireland,372,2023,12,2.004
Ireland,372,2024,12,1.976
Ireland,372,2025,12,1.508
Isle of Man,833,2020,1,2.46
Isle of Man,833,2021,1,-0.379
Isle of Man,833,2022,1,1.884
Isle of Man,833,2023,1,1.815
Isle of Man,833,2024,1,1.077
Isle of Man,833,2025,1,0.461
Isle of Man,833,2020,2,1.751
Isle of Man,833,2021,2,1.691
Isle of Man,833,2022,2,2.714
Isle of Man,833,2023,2,3.175
Isle of Man,833,2024,2,3.331
Isle of Man,833,2025,2,2.094
Isle of Man,833,2020,3,0.731
Isle of Man,833,2021,3,1.758
Isle of Man,833,2022,3,1.904
Isle of Man,833,2023,3,1.321
Isle of Man,833,2024,3,1.999
Isle of Man,833,2025,3,2.413
Isle of Man,833,2020,4,2.091
Isle of Man,833,2021,4,-0.794
Isle of Man,833,2022,4,1.103
Isle of Man,833,2023,4,1.213
Isle of Man,833,2024,4,1.342
Isle of Man,833,2025,4,2.832
Isle of Man,833,2020,5,1.546
Isle of Man,833,2021,5,-0.658
Isle of Man,833,2022,5,2.0
Isle of Man,833,2023,5,2.091
Isle of Man,833,2024,5,2.986
Isle of Man,833,2025,5,2.139
Isle of Man,833,2020,6,0.885
Isle of Man,833,2021,6,1.146
Isle of Man,833,2022,6,0.972
Isle of Man,833,2023,6,3.307
Isle of Man,833,2024,6,0.085
Isle of Man,833,2025,6,2.24
Isle of Man,833,2020,7,-0.118
Isle of Man,833,2021,7,2.485
Isle of Man,833,2022,7,2.104
Isle of Man,833,2023,7,0.688
Isle of Man,833,2024,7,0.415
Isle of Man,833,2025,7,2.308
Isle of Man,833,2020,8,1.364
Isle of Man,833,2021,8,1.029
Isle of Man,833,2022,8,2.227
Isle of Man,833,2023,8,1.163
Isle of Man,833,2024,8,1.012
Isle of Man,833,2025,8,2.376
Isle of Man,833,2020,9,0.7
Isle of Man,833,2021,9,2.43
Isle of Man,833,2022,9,1.074
Isle of Man,833,2023,9,2.554
Isle of Man,833,2024,9,0.21
Isle of Man,833,2025,9,0.485
Isle of Man,833,2020,10,-0.245
Isle of Man,833,2021,10,1.611
Isle of Man,833,2022,10,1.889
Isle of Man,833,2023,10,1.292
Isle of Man,833,2024,10,1.157
Isle of Man,833,2025,10,1.032
Isle of Man,833,2020,11,1.998
Isle of Man,833,2021,11,1.691
Isle of Man,833,2022,11,2.503
Isle of Man,833,2023,11,0.991
Isle of Man,833,2024,11,1.617
Isle of Man,833,2025,11,1.744
Isle of Man,833,2020,12,0.134
Isle of Man,833,2021,12,1.57
Isle of Man,833,2022,12,-0.922
Isle of Man,833,2023,12,2.138
Isle of Man,833,2024,12,2.222
Isle of Man,833,2025,12,1.959
Israel,376,2020,1,-0.097
Israel,376,2021,1,2.218
Israel,376,2022,1,-0.693
Israel,376,2023,1,2.342
Israel,376,2024,1,2.509
Israel,376,2025,1,1.787
Israel,376,2020,2,0.465
Israel,376,2021,2,1.614
Israel,376,2022,2,0.203
Israel,376,2023,2,-0.338
Israel,376,2024,2,0.926
Israel,376,2025,2,-0.713
Israel,376,2020,3,1.203
Israel,376,2021,3,0.861
Israel,376,2022,3,-2.163
Israel,376,2023,3,1.831
Israel,376,2024,3,1.942
Israel,376,2025,3,2.4
Israel,376,2020,4,0.56
Israel,376,2021,4,1.739
Israel,376,2022,4,3.117
Israel,376,2023,4,1.024
Israel,376,2024,4,3.832
Israel,376,2025,4,1.82
Israel,376,2020,5,1.734
Israel,376,2021,5,2.756
Israel,376,2022,5,0.936
Israel,376,2023,5,0.96
Israel,376,2024,5,1.319
Israel,376,2025,5,1.206
Israel,376,2020,6,0.559
Israel,376,2021,6,0.737
Israel,376,2022,6,1.304
Israel,376,2023,6,1.279
Israel,376,2024,6,4.012
Israel,376,2025,6,1.432
Israel,376,2020,7,2.057
Israel,376,2021,7,2.248
Israel,376,2022,7,1.168
Israel,376,2023,7,2.385
Israel,376,2024,7,2.886
Israel,376,2025,7,2.389
Israel,376,2020,8,1.334
Israel,376,2021,8,2.308
Israel,376,2022,8,2.083
Israel,376,2023,8,2.427
Israel,376,2024,8,2.182
Israel,376,2025,8,2.685
Israel,376,2020,9,4.16
Israel,376,2021,9,1.245
Israel,376,2022,9,1.965
Israel,376,2023,9,2.529
Israel,376,2024,9,1.99
Israel,376,2025,9,1.522
Israel,376,2020,10,3.286
Israel,376,2021,10,1.045
Israel,376,2022,10,1.659
Israel,376,2023,10,2.338
Israel,376,2024,10,0.724
Israel,376,2025,10,1.228
Israel,376,2020,11,0.982
Israel,376,2021,11,2.479
Israel,376,2022,11,1.55
Israel,376,2023,11,3.19
Israel,376,2024,11,0.555
Israel,376,2025,11,3.58
Israel,376,2020,12,2.094
Israel,376,2021,12,1.088
Israel,376,2022,12,2.243
Israel,376,2023,12,3.761
Israel,376,2024,12,0.893
Israel,376,2025,12,1.546
Italy,380,2020,1,2.111
Italy,380,2021,1,0.759
Italy,380,2022,1,0.981
Italy,380,2023,1,1.92
Italy,380,2024,1,2.466
Italy,380,2025,1,2.66
Italy,380,2020,2,2.891
Italy,380,2021,2,2.407
Italy,380,2022,2,1.774
Italy,380,2023,2,1.235
Italy,380,2024,2,3.72
Italy,380,2025,2,2.092
Italy,380,2020,3,1.176
Italy,380,2021,3,0.628
Italy,380,2022,3,0.127
Italy,380,2023,3,2.139
Italy,380,2024,3,3.015
Italy,380,2025,3,2.515
Italy,380,2020,4,1.942
Italy,380,2021,4,-0.004
Italy,380,2022,4,0.757
Italy,380,2023,4,0.504
Italy,380,2024,4,2.655
Italy,380,2025,4,2.377
Italy,380,2020,5,1.952
Italy,380,2021,5,0.466
Italy,380,2022,5,3.073
Italy,380,2023,5,1.013
Italy,380,2024,5,1.799
Italy,380,2025,5,1.59
Italy,380,2020,6,0.762
Italy,380,2021,6,3.223
Italy,380,2022,6,4.368
Italy,380,2023,6,2.228
Italy,380,2024,6,2.708
Italy,380,2025,6,4.589
Italy,380,2020,7,1.976
Italy,380,2021,7,2.477
Italy,380,2022,7,3.71
Italy,380,2023,7,3.549
Italy,380,2024,7,3.664
Italy,380,2025,7,2.46
Italy,380,2020,8,2.681
Italy,380,2021,8,2.465
Italy,380,2022,8,2.78
Italy,380,2023,8,2.186
Italy,380,2024,8,4.069
Italy,380,2025,8,2.287
Italy,380,2020,9,1.945
Italy,380,2021,9,2.225
Italy,380,2022,9,1.448
Italy,380,2023,9,2.889
Italy,380,2024,9,1.115
Italy,380,2025,9,1.876
Italy,380,2020,10,0.207
Italy,380,2021,10,0.508
Italy,380,2022,10,3.399
Italy,380,2023,10,4.317
Italy,380,2024,10,2.85
Italy,380,2025,10,1.185
Italy,380,2020,11,2.095
Italy,380,2021,11,1.666
Italy,380,2022,11,2.086
Italy,380,2023,11,2.001
Italy,380,2024,11,1.504
Italy,380,2025,11,1.486
Italy,380,2020,12,1.564
Italy,380,2021,12,0.842
Italy,380,2022,12,2.941
Italy,380,2023,12,2.424
Italy,380,2024,12,1.065
Italy,380,2025,12,2.575
Jamaica,388,2020,1,1.95
Jamaica,388,2021,1,1.523
Jamaica,388,2022,1,1.254
Jamaica,388,2023,1,1.132
Jamaica,388,2024,1,1.976
Jamaica,388,2025,1,1.725
Jamaica,388,2020,2,2.247
Jamaica,388,2021,2,1.556
Jamaica,388,2022,2,1.465
Jamaica,388,2023,2,1.229
Jamaica,388,2024,2,0.861
Jamaica,388,2025,2,1.76
Jamaica,388,2020,3,1.625
Jamaica,388,2021,3,1.375
Jamaica,388,2022,3,1.379
Jamaica,388,2023,3,1.831
Jamaica,388,2024,3,2.061
Jamaica,388,2025,3,1.651
Jamaica,388,2020,4,2.03
Jamaica,388,2021,4,0.906
Jamaica,388,2022,4,0.578
Jamaica,388,2023,4,0.893
Jamaica,388,2024,4,2.036
Jamaica,388,2025,4,1.217
Jamaica,388,2020,5,1.797
Jamaica,388,2021,5,1.298
Jamaica,388,2022,5,0.684
Jamaica,388,2023,5,1.506
Jamaica,388,2024,5,1.841
Jamaica,388,2025,5,1.496
Jamaica,388,2020,6,1.705
Jamaica,388,2021,6,1.246
Jamaica,388,2022,6,1.005
Jamaica,388,2023,6,1.446
Jamaica,388,2024,6,1.604
Jamaica,388,2025,6,1.44
Jamaica,388,2020,7,1.677
Jamaica,388,2021,7,0.922
Jamaica,388,2022,7,1.035
Jamaica,388,2023,7,1.986
Jamaica,388,2024,7,1.48
Jamaica,388,2025,7,1.23
Jamaica,388,2020,8,1.715
Jamaica,388,2021,8,0.774
Jamaica,388,2022,8,1.028
Jamaica,388,2023,8,2.072
Jamaica,388,2024,8,1.568
Jamaica,388,2025,8,2.471
Jamaica,388,2020,9,1.31
Jamaica,388,2021,9,1.532
Jamaica,388,2022,9,1.11
Jamaica,388,2023,9,2.259
Jamaica,388,2024,9,2.458
Jamaica,388,2025,9,1.731
Jamaica,388,2020,10,0.947
Jamaica,388,2021,10,1.601
Jamaica,388,2022,10,1.21
Jamaica,388,2023,10,2.215
Jamaica,388,2024,10,2.091
Jamaica,388,2025,10,2.008
Jamaica,388,2020,11,0.59
Jamaica,388,2021,11,1.389
Jamaica,388,2022,11,1.407
Jamaica,388,2023,11,1.753
Jamaica,388,2024,11,0.876
Jamaica,388,2025,11,2.108
Jamaica,388,2020,12,1.351
Jamaica,388,2021,12,1.786
Jamaica,388,2022,12,1.095
Jamaica,388,2023,12,1.731
Jamaica,388,2024,12,2.261
Jamaica,388,2025,12,2.429
Japan,392,2020,1,2.838
Japan,392,2021,1,0.421
Japan,392,2022,1,0.606
Japan,392,2023,1,0.778
Japan,392,2024,1,2.174
Japan,392,2025,1,1.642
Japan,392,2020,2,2.325
Japan,392,2021,2,2.214
Japan,392,2022,2,0.157
Japan,392,2023,2,1.617
Japan,392,2024,2,2.854
Japan,392,2025,2,0.239
Japan,392,2020,3,2.62
Japan,392,2021,3,3.54
Japan,392,2022,3,2.429
Japan,392,2023,3,3.866
Japan,392,2024,3,0.785
Japan,392,2025,3,2.201
Japan,392,2020,4,-0.627
Japan,392,2021,4,0.988
Japan,392,2022,4,1.964
Japan,392,2023,4,1.816
Japan,392,2024,4,3.111
Japan,392,2025,4,1.45
Japan,392,2020,5,1.26
Japan,392,2021,5,1.169
Japan,392,2022,5,1.089
Japan,392,2023,5,1.119
Japan,392,2024,5,1.371
Japan,392,2025,5,1.373
Japan,392,2020,6,2.025
Japan,392,2021,6,1.41
Japan,392,2022,6,1.355
Japan,392,2023,6,1.81
Japan,392,2024,6,1.758
Japan,392,2025,6,3.194
Japan,392,2020,7,-0.366
Japan,392,2021,7,1.472
Japan,392,2022,7,1.654
Japan,392,2023,7,2.293
Japan,392,2024,7,2.515
Japan,392,2025,7,3.339
Japan,392,2020,8,1.793
Japan,392,2021,8,0.297
Japan,392,2022,8,1.1
Japan,392,2023,8,2.804
Japan,392,2024,8,2.527
Japan,392,2025,8,2.426
Japan,392,2020,9,1.427
Japan,392,2021,9,0.865
Japan,392,2022,9,1.735
Japan,392,2023,9,3.437
Japan,392,2024,9,3.295
Japan,392,2025,9,3.054
Japan,392,2020,10,0.745
Japan,392,2021,10,1.417
Japan,392,2022,10,0.799
Japan,392,2023,10,1.151
Japan,392,2024,10,3.099
Japan,392,2025,10,2.378
Japan,392,2020,11,1.639
Japan,392,2021,11,1.195
Japan,392,2022,11,2.279
Japan,392,2023,11,1.581
Japan,392,2024,11,1.896
Japan,392,2025,11,1.135
Japan,392,2020,12,-0.023
Japan,392,2021,12,0.473
Japan,392,2022,12,-0.219
Japan,392,2023,12,1.055
Japan,392,2024,12,-0.096
Japan,392,2025,12,1.446
Jersey,832,2020,1,2.617
Jersey,832,2021,1,0.716
Jersey,832,2022,1,1.377
Jersey,832,2023,1,2.003
Jersey,832,2024,1,1.113
Jersey,832,2025,1,0.149
Jersey,832,2020,2,3.39
Jersey,832,2021,2,1.733
Jersey,832,2022,2,2.805
Jersey,832,2023,2,1.811
Jersey,832,2024,2,4.184
Jersey,832,2025,2,1.419
Jersey,832,2020,3,1.457
Jersey,832,2021,3,1.296
Jersey,832,2022,3,2.533
Jersey,832,2023,3,2.308
Jersey,832,2024,3,2.35
Jersey,832,2025,3,1.96
Jersey,832,2020,4,3.508
Jersey,832,2021,4,-0.159
Jersey,832,2022,4,1.717
Jersey,832,2023,4,1.496
Jersey,832,2024,4,2.157
Jersey,832,2025,4,3.115
Jersey,832,2020,5,2.367
Jersey,832,2021,5,0.079
Jersey,832,2022,5,2.667
Jersey,832,2023,5,2.113
Jersey,832,2024,5,2.155
Jersey,832,2025,5,2.476
Jersey,832,2020,6,1.383
Jersey,832,2021,6,1.639
Jersey,832,2022,6,2.296
Jersey,832,2023,6,3.649
Jersey,832,2024,6,0.939
Jersey,832,2025,6,3.66
Jersey,832,2020,7,1.016
Jersey,832,2021,7,1.4
Jersey,832,2022,7,3.086
Jersey,832,2023,7,1.531
Jersey,832,2024,7,1.219
Jersey,832,2025,7,2.462
Jersey,832,2020,8,2.502
Jersey,832,2021,8,0.577
Jersey,832,2022,8,3.577
Jersey,832,2023,8,1.576
Jersey,832,2024,8,1.978
Jersey,832,2025,8,2.584
Jersey,832,2020,9,1.663
Jersey,832,2021,9,2.301
Jersey,832,2022,9,1.493
Jersey,832,2023,9,3.911
Jersey,832,2024,9,0.447
Jersey,832,2025,9,0.756
Jersey,832,2020,10,0.306
Jersey,832,2021,10,1.339
Jersey,832,2022,10,3.29
Jersey,832,2023,10,2.79
Jersey,832,2024,10,1.628
Jersey,832,2025,10,1.278
Jersey,832,2020,11,2.623
Jersey,832,2021,11,0.534
Jersey,832,2022,11,2.919
Jersey,832,2023,11,2.061
Jersey,832,2024,11,1.809
Jersey,832,2025,11,2.588
Jersey,832,2020,12,1.391
Jersey,832,2021,12,1.78
Jersey,832,2022,12,-0.043
Jersey,832,2023,12,2.899
Jersey,832,2024,12,1.498
Jersey,832,2025,12,1.645
Jordan,400,2020,1,-0.053
Jordan,400,2021,1,2.171
Jordan,400,2022,1,-0.283
Jordan,400,2023,1,2.046
Jordan,400,2024,1,2.915
Jordan,400,2025,1,1.589
Jordan,400,2020,2,0.342
Jordan,400,2021,2,1.688
Jordan,400,2022,2,0.487
Jordan,400,2023,2,-0.258
Jordan,400,2024,2,0.847
Jordan,400,2025,2,-1.373
Jordan,400,2020,3,1.413
Jordan,400,2021,3,1.188
Jordan,400,2022,3,-1.991
Jordan,400,2023,3,1.896
Jordan,400,2024,3,0.348
Jordan,400,2025,3,2.07
Jordan,400,2020,4,0.768
Jordan,400,2021,4,2.282
Jordan,400,2022,4,3.759
Jordan,400,2023,4,0.622
Jordan,400,2024,4,3.71
Jordan,400,2025,4,1.891
Jordan,400,2020,5,1.542
Jordan,400,2021,5,3.373
Jordan,400,2022,5,0.914
Jordan,400,2023,5,0.515
Jordan,400,2024,5,0.975
Jordan,400,2025,5,1.587
Jordan,400,2020,6,0.734
Jordan,400,2021,6,0.706
Jordan,400,2022,6,1.679
Jordan,400,2023,6,0.981
Jordan,400,2024,6,4.576
Jordan,400,2025,6,2.064
Jordan,400,2020,7,2.987
Jordan,400,2021,7,2.23
Jordan,400,2022,7,1.213
Jordan,400,2023,7,2.496
Jordan,400,2024,7,2.458
Jordan,400,2025,7,2.053
Jordan,400,2020,8,1.032
Jordan,400,2021,8,2.394
Jordan,400,2022,8,2.068
Jordan,400,2023,8,2.984
Jordan,400,2024,8,1.942
Jordan,400,2025,8,2.793
Jordan,400,2020,9,4.824
Jordan,400,2021,9,0.854
Jordan,400,2022,9,2.263
Jordan,400,2023,9,2.605
Jordan,400,2024,9,1.599
Jordan,400,2025,9,1.373
Jordan,400,2020,10,3.327
Jordan,400,2021,10,1.382
Jordan,400,2022,10,1.974
Jordan,400,2023,10,2.057
Jordan,400,2024,10,0.568
Jordan,400,2025,10,1.292
Jordan,400,2020,11,1.013
Jordan,400,2021,11,2.245
Jordan,400,2022,11,1.658
Jordan,400,2023,11,3.188
Jordan,400,2024,11,0.596
Jordan,400,2025,11,3.433
Jordan,400,2020,12,2.299
Jordan,400,2021,12,1.565
Jordan,400,2022,12,2.212
Jordan,400,2023,12,3.895
Jordan,400,2024,12,0.924
Jordan,400,2025,12,1.437
Kazakhstan,398,2020,1,6.22
Kazakhstan,398,2021,1,1.055
Kazakhstan,398,2022,1,4.981
Kazakhstan,398,2023,1,1.936
Kazakhstan,398,2024,1,3.856
Kazakhstan,398,2025,1,6.151
Kazakhstan,398,2020,2,7.862
Kazakhstan,398,2021,2,4.14
Kazakhstan,398,2022,2,5.931
Kazakhstan,398,2023,2,4.07
Kazakhstan,398,2024,2,2.363
Kazakhstan,398,2025,2,4.337
Kazakhstan,398,2020,3,5.71
Kazakhstan,398,2021,3,1.495
Kazakhstan,398,2022,3,1.853
Kazakhstan,398,2023,3,7.451
Kazakhstan,398,2024,3,2.706
Kazakhstan,398,2025,3,5.123
Kazakhstan,398,2020,4,3.122
Kazakhstan,398,2021,4,2.122
Kazakhstan,398,2022,4,4.628
Kazakhstan,398,2023,4,2.178
Kazakhstan,398,2024,4,4.746
Kazakhstan,398,2025,4,5.141
Kazakhstan,398,2020,5,3.23
Kazakhstan,398,2021,5,4.438
Kazakhstan,398,2022,5,1.379
Kazakhstan,398,2023,5,1.44
Kazakhstan,398,2024,5,-0.292
Kazakhstan,398,2025,5,3.368
Kazakhstan,398,2020,6,1.208
Kazakhstan,398,2021,6,2.081
Kazakhstan,398,2022,6,2.037
Kazakhstan,398,2023,6,1.969
Kazakhstan,398,2024,6,2.953
Kazakhstan,398,2025,6,2.518
Kazakhstan,398,2020,7,1.846
Kazakhstan,398,2021,7,2.163
Kazakhstan,398,2022,7,1.135
Kazakhstan,398,2023,7,2.779
Kazakhstan,398,2024,7,0.963
Kazakhstan,398,2025,7,1.922
Kazakhstan,398,2020,8,1.06
Kazakhstan,398,2021,8,3.22
Kazakhstan,398,2022,8,1.466
Kazakhstan,398,2023,8,1.863
Kazakhstan,398,2024,8,1.512
Kazakhstan,398,2025,8,1.654
Kazakhstan,398,2020,9,-0.186
Kazakhstan,398,2021,9,0.041
Kazakhstan,398,2022,9,2.426
Kazakhstan,398,2023,9,0.607
Kazakhstan,398,2024,9,-0.38
Kazakhstan,398,2025,9,0.935
Kazakhstan,398,2020,10,1.185
Kazakhstan,398,2021,10,0.049
Kazakhstan,398,2022,10,1.86
Kazakhstan,398,2023,10,3.181
Kazakhstan,398,2024,10,1.951
Kazakhstan,398,2025,10,1.71
Kazakhstan,398,2020,11,-0.891
Kazakhstan,398,2021,11,0.105
Kazakhstan,398,2022,11,0.99
Kazakhstan,398,2023,11,6.357
Kazakhstan,398,2024,11,2.342
Kazakhstan,398,2025,11,4.763
Kazakhstan,398,2020,12,-3.658
Kazakhstan,398,2021,12,3.663
Kazakhstan,398,2022,12,-2.263
Kazakhstan,398,2023,12,2.621
Kazakhstan,398,2024,12,1.907
Kazakhstan,398,2025,12,3.088
Kenya,404,2020,1,1.299
Kenya,404,2021,1,0.912
Kenya,404,2022,1,0.844
Kenya,404,2023,1,1.164
Kenya,404,2024,1,1.981
Kenya,404,2025,1,0.87
Kenya,404,2020,2,0.895
Kenya,404,2021,2,0.668
Kenya,404,2022,2,0.995
Kenya,404,2023,2,1.429
Kenya,404,2024,2,2.09
Kenya,404,2025,2,1.51
Kenya,404,2020,3,1.125
Kenya,404,2021,3,1.0
Kenya,404,2022,3,1.383
Kenya,404,2023,3,0.858
Kenya,404,2024,3,2.497
Kenya,404,2025,3,0.951
Kenya,404,2020,4,0.726
Kenya,404,2021,4,1.264
Kenya,404,2022,4,1.646
Kenya,404,2023,4,0.571
Kenya,404,2024,4,1.051
Kenya,404,2025,4,0.862
Kenya,404,2020,5,1.161
Kenya,404,2021,5,0.992
Kenya,404,2022,5,1.603
Kenya,404,2023,5,1.426
Kenya,404,2024,5,1.723
Kenya,404,2025,5,1.278
Kenya,404,2020,6,1.251
Kenya,404,2021,6,1.017
Kenya,404,2022,6,1.27
Kenya,404,2023,6,1.917
Kenya,404,2024,6,1.961
Kenya,404,2025,6,1.422
Kenya,404,2020,7,1.461
Kenya,404,2021,7,1.293
Kenya,404,2022,7,1.185
Kenya,404,2023,7,1.595
Kenya,404,2024,7,1.653
Kenya,404,2025,7,1.302
Kenya,404,2020,8,1.37
Kenya,404,2021,8,1.355
Kenya,404,2022,8,0.952
Kenya,404,2023,8,2.103
Kenya,404,2024,8,1.659
Kenya,404,2020,9,1.281
Kenya,404,2021,9,1.353
Kenya,404,2022,9,1.051
Kenya,404,2023,9,2.318
Kenya,404,2024,9,1.452
Kenya,404,2025,9,1.419
Kenya,404,2020,10,1.472
Kenya,404,2021,10,1.486
Kenya,404,2022,10,1.133
Kenya,404,2023,10,1.841
Kenya,404,2024,10,1.753
Kenya,404,2025,10,0.026
Kenya,404,2020,11,1.195
Kenya,404,2021,11,1.999
Kenya,404,2022,11,1.354
Kenya,404,2023,11,0.502
Kenya,404,2024,11,1.489
Kenya,404,2020,12,1.44
Kenya,404,2021,12,1.381
Kenya,404,2022,12,1.226
Kenya,404,2023,12,1.528
Kenya,404,2024,12,1.676
Kenya,404,2025,12,0.847
Kiribati,296,2020,1,1.513
Kiribati,296,2021,1,-0.207
Kiribati,296,2022,1,1.073
Kiribati,296,2023,1,0.903
Kiribati,296,2024,1,1.723
Kiribati,296,2025,1,0.663
Kiribati,296,2020,2,1.186
Kiribati,296,2021,2,0.466
Kiribati,296,2022,2,1.206
Kiribati,296,2023,2,0.716
Kiribati,296,2024,2,1.926
Kiribati,296,2025,2,0.646
Kiribati,296,2020,3,1.357
Kiribati,296,2021,3,0.687
Kiribati,296,2022,3,0.827
Kiribati,296,2023,3,1.397
Kiribati,296,2024,3,1.247
Kiribati,296,2025,3,0.727
Kiribati,296,2020,4,1.607
Kiribati,296,2021,4,0.727
Kiribati,296,2022,4,0.637
Kiribati,296,2023,4,1.317
Kiribati,296,2024,4,1.587
Kiribati,296,2025,4,0.787
Kiribati,296,2020,5,1.24
Kiribati,296,2021,5,1.1
Kiribati,296,2022,5,0.47
Kiribati,296,2023,5,1.02
Kiribati,296,2024,5,1.92
Kiribati,296,2025,5,0.69
Kiribati,296,2020,6,1.286
Kiribati,296,2021,6,0.776
Kiribati,296,2022,6,0.876
Kiribati,296,2023,6,1.496
Kiribati,296,2024,6,1.976
Kiribati,296,2025,6,1.396
Kiribati,296,2020,7,1.406
Kiribati,296,2021,7,1.386
Kiribati,296,2022,7,0.606
Kiribati,296,2023,7,1.086
Kiribati,296,2024,7,1.646
Kiribati,296,2025,7,1.506
Kiribati,296,2020,8,1.014
Kiribati,296,2021,8,1.464
Kiribati,296,2022,8,0.774
Kiribati,296,2023,8,1.504
Kiribati,296,2024,8,2.134
Kiribati,296,2020,9,1.329
Kiribati,296,2021,9,1.349
Kiribati,296,2022,9,0.729
Kiribati,296,2023,9,1.469
Kiribati,296,2024,9,1.709
Kiribati,296,2020,10,0.532
Kiribati,296,2021,10,0.592
Kiribati,296,2022,10,0.502
Kiribati,296,2023,10,1.282
Kiribati,296,2024,10,1.412
Kiribati,296,2020,11,0.685
Kiribati,296,2021,11,0.725
Kiribati,296,2022,11,0.315
Kiribati,296,2023,11,1.495
Kiribati,296,2024,11,1.615
Kiribati,296,2020,12,0.422
Kiribati,296,2021,12,0.872
Kiribati,296,2022,12,1.362
Kiribati,296,2023,12,0.882
Kiribati,296,2024,12,1.282
Kuwait,414,2020,1,1.493
Kuwait,414,2021,1,2.287
Kuwait,414,2022,1,0.983
Kuwait,414,2023,1,0.662
Kuwait,414,2024,1,4.24
Kuwait,414,2025,1,1.254
Kuwait,414,2020,2,1.676
Kuwait,414,2021,2,2.439
Kuwait,414,2022,2,2.388
Kuwait,414,2023,2,0.727
Kuwait,414,2024,2,1.799
Kuwait,414,2025,2,-0.588
Kuwait,414,2020,3,1.585
Kuwait,414,2021,3,2.708
Kuwait,414,2022,3,0.956
Kuwait,414,2023,3,2.088
Kuwait,414,2024,3,0.976
Kuwait,414,2025,3,0.759
Kuwait,414,2020,4,2.219
Kuwait,414,2021,4,3.634
Kuwait,414,2022,4,3.13
Kuwait,414,2023,4,1.182
Kuwait,414,2024,4,2.347
Kuwait,414,2025,4,3.96
Kuwait,414,2020,5,1.943
Kuwait,414,2021,5,3.813
Kuwait,414,2022,5,1.314
Kuwait,414,2023,5,1.238
Kuwait,414,2024,5,1.585
Kuwait,414,2025,5,3.976
Kuwait,414,2020,6,2.476
Kuwait,414,2021,6,3.146
Kuwait,414,2022,6,3.166
Kuwait,414,2023,6,2.4
Kuwait,414,2024,6,3.492
Kuwait,414,2025,6,2.058
Kuwait,414,2020,7,3.486
Kuwait,414,2021,7,3.597
Kuwait,414,2022,7,2.534
Kuwait,414,2023,7,2.63
Kuwait,414,2024,7,3.136
Kuwait,414,2025,7,2.682
Kuwait,414,2020,8,1.337
Kuwait,414,2021,8,2.595
Kuwait,414,2022,8,3.187
Kuwait,414,2023,8,3.032
Kuwait,414,2024,8,3.118
Kuwait,414,2025,8,3.128
Kuwait,414,2020,9,2.799
Kuwait,414,2021,9,1.939
Kuwait,414,2022,9,1.829
Kuwait,414,2023,9,3.199
Kuwait,414,2024,9,2.647
Kuwait,414,2025,9,2.136
Kuwait,414,2020,10,0.8
Kuwait,414,2021,10,2.68
Kuwait,414,2022,10,2.839
Kuwait,414,2023,10,3.02
Kuwait,414,2024,10,0.35
Kuwait,414,2025,10,1.431
Kuwait,414,2020,11,2.523
Kuwait,414,2021,11,2.296
Kuwait,414,2022,11,3.017
Kuwait,414,2023,11,2.056
Kuwait,414,2024,11,2.407
Kuwait,414,2025,11,1.781
Kuwait,414,2020,12,1.58
Kuwait,414,2021,12,2.497
Kuwait,414,2022,12,3.065
Kuwait,414,2023,12,3.913
Kuwait,414,2024,12,0.843
Kuwait,414,2025,12,2.352
Kyrgyzstan,417,2020,1,2.102
Kyrgyzstan,417,2021,1,1.29
Kyrgyzstan,417,2022,1,4.571
Kyrgyzstan,417,2023,1,-1.009
Kyrgyzstan,417,2024,1,5.945
Kyrgyzstan,417,2025,1,3.51
Kyrgyzstan,417,2020,2,4.804
Kyrgyzstan,417,2021,2,5.689
Kyrgyzstan,417,2022,2,3.451
Kyrgyzstan,417,2023,2,4.041
Kyrgyzstan,417,2024,2,2.344
Kyrgyzstan,417,2025,2,3.777
Kyrgyzstan,417,2020,3,3.546
Kyrgyzstan,417,2021,3,1.877
Kyrgyzstan,417,2022,3,2.988
Kyrgyzstan,417,2023,3,5.133
Kyrgyzstan,417,2024,3,1.774
Kyrgyzstan,417,2025,3,3.317
Kyrgyzstan,417,2020,4,2.139
Kyrgyzstan,417,2021,4,0.31
Kyrgyzstan,417,2022,4,4.602
Kyrgyzstan,417,2023,4,1.315
Kyrgyzstan,417,2024,4,1.599
Kyrgyzstan,417,2025,4,3.716
Kyrgyzstan,417,2020,5,2.295
Kyrgyzstan,417,2021,5,2.821
Kyrgyzstan,417,2022,5,2.072
Kyrgyzstan,417,2023,5,0.829
Kyrgyzstan,417,2024,5,1.812
Kyrgyzstan,417,2025,5,4.466
Kyrgyzstan,417,2020,6,0.574
Kyrgyzstan,417,2021,6,1.749
Kyrgyzstan,417,2022,6,1.907
Kyrgyzstan,417,2023,6,2.96
Kyrgyzstan,417,2024,6,2.329
Kyrgyzstan,417,2025,6,3.292
Kyrgyzstan,417,2020,7,0.603
Kyrgyzstan,417,2021,7,2.322
Kyrgyzstan,417,2022,7,2.592
Kyrgyzstan,417,2023,7,2.801
Kyrgyzstan,417,2024,7,1.537
Kyrgyzstan,417,2025,7,3.203
Kyrgyzstan,417,2020,8,1.164
Kyrgyzstan,417,2021,8,1.341
Kyrgyzstan,417,2022,8,0.615
Kyrgyzstan,417,2023,8,1.367
Kyrgyzstan,417,2024,8,2.569
Kyrgyzstan,417,2025,8,2.554
Kyrgyzstan,417,2020,9,-0.091
Kyrgyzstan,417,2021,9,2.831
Kyrgyzstan,417,2022,9,3.153
Kyrgyzstan,417,2023,9,0.941
Kyrgyzstan,417,2024,9,0.585
Kyrgyzstan,417,2025,9,2.715
Kyrgyzstan,417,2020,10,-0.479
Kyrgyzstan,417,2021,10,-1.332
Kyrgyzstan,417,2022,10,1.256
Kyrgyzstan,417,2023,10,2.829
Kyrgyzstan,417,2024,10,1.615
Kyrgyzstan,417,2025,10,2.897
Kyrgyzstan,417,2020,11,-1.291
Kyrgyzstan,417,2021,11,-0.488
Kyrgyzstan,417,2022,11,1.703
Kyrgyzstan,417,2023,11,4.481
Kyrgyzstan,417,2024,11,2.681
Kyrgyzstan,417,2025,11,2.718
Kyrgyzstan,417,2020,12,-1.607
Kyrgyzstan,417,2021,12,2.349
Kyrgyzstan,417,2022,12,-0.638
Kyrgyzstan,417,2023,12,3.069
Kyrgyzstan,417,2024,12,-0.474
Kyrgyzstan,417,2025,12,3.798
Lao People's Democratic Republic,418,2020,1,3.01
Lao People's Democratic Republic,418,2021,1,-0.101
Lao People's Democratic Republic,418,2022,1,2.379
Lao People's Democratic Republic,418,2023,1,0.541
Lao People's Democratic Republic,418,2024,1,2.601
Lao People's Democratic Republic,418,2025,1,0.183
Lao People's Democratic Republic,418,2020,2,1.891
Lao People's Democratic Republic,418,2021,2,1.117
Lao People's Democratic Republic,418,2022,2,0.033
Lao People's Democratic Republic,418,2023,2,1.85
Lao People's Democratic Republic,418,2024,2,2.948
Lao People's Democratic Republic,418,2025,2,1.117
Lao People's Democratic Republic,418,2020,3,2.313
Lao People's Democratic Republic,418,2021,3,1.968
Lao People's Democratic Republic,418,2022,3,1.717
Lao People's Democratic Republic,418,2023,3,1.208
Lao People's Democratic Republic,418,2024,3,2.2
Lao People's Democratic Republic,418,2025,3,0.859
Lao People's Democratic Republic,418,2020,4,0.266
Lao People's Democratic Republic,418,2021,4,0.652
Lao People's Democratic Republic,418,2022,4,-0.525
Lao People's Democratic Republic,418,2023,4,2.544
Lao People's Democratic Republic,418,2024,4,4.08
Lao People's Democratic Republic,418,2025,4,0.952
Lao People's Democratic Republic,418,2020,5,2.447
Lao People's Democratic Republic,418,2021,5,1.593
Lao People's Democratic Republic,418,2022,5,-0.328
Lao People's Democratic Republic,418,2023,5,2.09
Lao People's Democratic Republic,418,2024,5,1.683
Lao People's Democratic Republic,418,2025,5,0.578
Lao People's Democratic Republic,418,2020,6,1.884
Lao People's Democratic Republic,418,2021,6,1.365
Lao People's Democratic Republic,418,2022,6,1.428
Lao People's Democratic Republic,418,2023,6,1.496
Lao People's Democratic Republic,418,2024,6,1.673
Lao People's Democratic Republic,418,2025,6,0.916
Lao People's Democratic Republic,418,2020,7,1.833
Lao People's Democratic Republic,418,2021,7,1.125
Lao People's Democratic Republic,418,2022,7,1.28
Lao People's Democratic Republic,418,2023,7,1.624
Lao People's Democratic Republic,418,2024,7,0.98
Lao People's Democratic Republic,418,2025,7,0.365
Lao People's Democratic Republic,418,2020,8,0.966
Lao People's Democratic Republic,418,2021,8,1.787
Lao People's Democratic Republic,418,2022,8,1.0
Lao People's Democratic Republic,418,2023,8,1.252
Lao People's Democratic Republic,418,2024,8,1.587
Lao People's Democratic Republic,418,2025,8,1.219
Lao People's Democratic Republic,418,2020,9,1.841
Lao People's Democratic Republic,418,2021,9,1.025
Lao People's Democratic Republic,418,2022,9,0.876
Lao People's Democratic Republic,418,2023,9,1.268
Lao People's Democratic Republic,418,2024,9,1.149
Lao People's Democratic Republic,418,2025,9,1.205
Lao People's Democratic Republic,418,2020,10,-0.012
Lao People's Democratic Republic,418,2021,10,0.785
Lao People's Democratic Republic,418,2022,10,0.466
Lao People's Democratic Republic,418,2023,10,1.822
Lao People's Democratic Republic,418,2024,10,1.58
Lao People's Democratic Republic,418,2025,10,0.908
Lao People's Democratic Republic,418,2020,11,1.638
Lao People's Democratic Republic,418,2021,11,1.666
Lao People's Democratic Republic,418,2022,11,2.829
Lao People's Democratic Republic,418,2023,11,2.267
Lao People's Democratic Republic,418,2024,11,2.0
Lao People's Democratic Republic,418,2025,11,0.188
Lao People's Democratic Republic,418,2020,12,0.891
Lao People's Democratic Republic,418,2021,12,0.617
Lao People's Democratic Republic,418,2022,12,1.007
Lao People's Democratic Republic,418,2023,12,2.694
Lao People's Democratic Republic,418,2024,12,1.415
Lao People's Democratic Republic,418,2025,12,1.817
Latvia,428,2020,1,8.474
Latvia,428,2021,1,2.461
Latvia,428,2022,1,4.426
Latvia,428,2023,1,5.008
Latvia,428,2024,1,0.417
Latvia,428,2025,1,7.07
Latvia,428,2020,2,7.787
Latvia,428,2021,2,0.257
Latvia,428,2022,2,6.011
Latvia,428,2023,2,4.697
Latvia,428,2024,2,6.075
Latvia,428,2025,2,2.853
Latvia,428,2020,3,5.236
Latvia,428,2021,3,3.397
Latvia,428,2022,3,3.313
Latvia,428,2023,3,3.742
Latvia,428,2024,3,5.079
Latvia,428,2025,3,6.098
Latvia,428,2020,4,1.443
Latvia,428,2021,4,1.328
Latvia,428,2022,4,0.705
Latvia,428,2023,4,3.035
Latvia,428,2024,4,2.807
Latvia,428,2025,4,3.157
Latvia,428,2020,5,-0.613
Latvia,428,2021,5,0.397
Latvia,428,2022,5,-0.146
Latvia,428,2023,5,1.071
Latvia,428,2024,5,3.867
Latvia,428,2025,5,-0.856
Latvia,428,2020,6,3.21
Latvia,428,2021,6,3.758
Latvia,428,2022,6,2.053
Latvia,428,2023,6,1.614
Latvia,428,2024,6,2.238
Latvia,428,2025,6,-0.308
Latvia,428,2020,7,0.068
Latvia,428,2021,7,4.803
Latvia,428,2022,7,1.232
Latvia,428,2023,7,0.559
Latvia,428,2024,7,2.545
Latvia,428,2025,7,2.535
Latvia,428,2020,8,1.466
Latvia,428,2021,8,0.255
Latvia,428,2022,8,3.993
Latvia,428,2023,8,2.802
Latvia,428,2024,8,2.469
Latvia,428,2025,8,0.085
Latvia,428,2020,9,2.87
Latvia,428,2021,9,-0.498
Latvia,428,2022,9,-1.068
Latvia,428,2023,9,4.353
Latvia,428,2024,9,4.698
Latvia,428,2025,9,3.024
Latvia,428,2020,10,3.176
Latvia,428,2021,10,1.72
Latvia,428,2022,10,2.562
Latvia,428,2023,10,0.477
Latvia,428,2024,10,2.022
Latvia,428,2025,10,0.978
Latvia,428,2020,11,3.712
Latvia,428,2021,11,2.069
Latvia,428,2022,11,1.204
Latvia,428,2023,11,0.292
Latvia,428,2024,11,2.692
Latvia,428,2025,11,2.068
Latvia,428,2020,12,3.176
Latvia,428,2021,12,-1.304
Latvia,428,2022,12,-0.141
Latvia,428,2023,12,1.543
Latvia,428,2024,12,4.074
Latvia,428,2025,12,4.594
Lebanon,422,2020,1,0.148
Lebanon,422,2021,1,2.374
Lebanon,422,2022,1,-0.259
Lebanon,422,2023,1,2.016
Lebanon,422,2024,1,2.466
Lebanon,422,2025,1,2.225
Lebanon,422,2020,2,0.269
Lebanon,422,2021,2,1.703
Lebanon,422,2022,2,0.951
Lebanon,422,2023,2,-0.504
Lebanon,422,2024,2,1.265
Lebanon,422,2025,2,-1.084
Lebanon,422,2020,3,1.404
Lebanon,422,2021,3,0.818
Lebanon,422,2022,3,-2.425
Lebanon,422,2023,3,1.864
Lebanon,422,2024,3,1.525
Lebanon,422,2025,3,2.762
Lebanon,422,2020,4,0.713
Lebanon,422,2021,4,2.371
Lebanon,422,2022,4,3.099
Lebanon,422,2023,4,0.91
Lebanon,422,2024,4,3.879
Lebanon,422,2025,4,1.827
Lebanon,422,2020,5,1.812
Lebanon,422,2021,5,3.5
Lebanon,422,2022,5,1.467
Lebanon,422,2023,5,1.125
Lebanon,422,2024,5,1.383
Lebanon,422,2025,5,2.105
Lebanon,422,2020,6,0.472
Lebanon,422,2021,6,0.829
Lebanon,422,2022,6,1.34
Lebanon,422,2023,6,0.971
Lebanon,422,2024,6,4.416
Lebanon,422,2025,6,2.116
Lebanon,422,2020,7,2.266
Lebanon,422,2021,7,2.469
Lebanon,422,2022,7,1.418
Lebanon,422,2023,7,2.573
Lebanon,422,2024,7,3.047
Lebanon,422,2025,7,2.292
Lebanon,422,2020,8,1.443
Lebanon,422,2021,8,2.476
Lebanon,422,2022,8,1.74
Lebanon,422,2023,8,2.485
Lebanon,422,2024,8,2.088
Lebanon,422,2025,8,2.56
Lebanon,422,2020,9,4.551
Lebanon,422,2021,9,1.173
Lebanon,422,2022,9,2.202
Lebanon,422,2023,9,2.338
Lebanon,422,2024,9,1.757
Lebanon,422,2025,9,1.468
Lebanon,422,2020,10,3.421
Lebanon,422,2021,10,1.161
Lebanon,422,2022,10,1.722
Lebanon,422,2023,10,2.371
Lebanon,422,2024,10,0.786
Lebanon,422,2025,10,0.906
Lebanon,422,2020,11,1.141
Lebanon,422,2021,11,2.218
Lebanon,422,2022,11,1.278
Lebanon,422,2023,11,2.932
Lebanon,422,2024,11,0.536
Lebanon,422,2025,11,4.395
Lebanon,422,2020,12,2.138
Lebanon,422,2021,12,1.16
Lebanon,422,2022,12,1.843
Lebanon,422,2023,12,3.136
Lebanon,422,2024,12,1.051
Lebanon,422,2025,12,1.61
Lesotho,426,2020,1,0.55
Lesotho,426,2021,1,0.205
Lesotho,426,2022,1,0.034
Lesotho,426,2023,1,0.479
Lesotho,426,2024,1,0.608
Lesotho,426,2025,1,0.515
Lesotho,426,2020,2,0.769
Lesotho,426,2021,2,0.637
Lesotho,426,2022,2,1.076
Lesotho,426,2023,2,0.513
Lesotho,426,2024,2,1.476
Lesotho,426,2020,3,0.568
Lesotho,426,2021,3,-0.012
Lesotho,426,2022,3,0.194
Lesotho,426,2023,3,0.754
Lesotho,426,2024,3,3.06
Lesotho,426,2025,3,2.16
Lesotho,426,2020,4,0.555
Lesotho,426,2021,4,1.818
Lesotho,426,2022,4,-0.218
Lesotho,426,2023,4,0.656
Lesotho,426,2024,4,1.218
Lesotho,426,2025,4,1.065
Lesotho,426,2020,5,0.341
Lesotho,426,2021,5,0.876
Lesotho,426,2022,5,1.239
Lesotho,426,2023,5,1.368
Lesotho,426,2024,5,3.492
Lesotho,426,2025,5,-0.252
Lesotho,426,2020,6,0.192
Lesotho,426,2021,6,1.765
Lesotho,426,2022,6,1.07
Lesotho,426,2023,6,1.303
Lesotho,426,2024,6,1.444
Lesotho,426,2025,6,-0.566
Lesotho,426,2020,7,0.363
Lesotho,426,2021,7,-0.781
Lesotho,426,2022,7,2.146
Lesotho,426,2023,7,0.401
Lesotho,426,2024,7,0.235
Lesotho,426,2025,7,0.442
Lesotho,426,2020,8,-0.252
Lesotho,426,2021,8,0.827
Lesotho,426,2022,8,0.527
Lesotho,426,2023,8,0.58
Lesotho,426,2024,8,1.285
Lesotho,426,2025,8,2.298
Lesotho,426,2020,9,0.926
Lesotho,426,2021,9,2.162
Lesotho,426,2022,9,1.904
Lesotho,426,2023,9,1.272
Lesotho,426,2024,9,0.512
Lesotho,426,2025,9,0.928
Lesotho,426,2020,10,2.279
Lesotho,426,2021,10,-0.025
Lesotho,426,2022,10,2.832
Lesotho,426,2023,10,0.578
Lesotho,426,2024,10,0.059
Lesotho,426,2025,10,-0.072
Lesotho,426,2020,11,1.338
Lesotho,426,2021,11,0.613
Lesotho,426,2022,11,0.01
Lesotho,426,2023,11,2.422
Lesotho,426,2024,11,1.334
Lesotho,426,2025,11,-0.863
Lesotho,426,2020,12,1.28
Lesotho,426,2021,12,-0.144
Lesotho,426,2022,12,0.329
Lesotho,426,2023,12,0.666
Lesotho,426,2024,12,2.318
Lesotho,426,2025,12,-0.754
Liberia,430,2020,1,0.962
Liberia,430,2021,1,1.211
Liberia,430,2022,1,1.678
Liberia,430,2023,1,1.077
Liberia,430,2024,1,2.292
Liberia,430,2025,1,1.23
Liberia,430,2020,2,1.265
Liberia,430,2021,2,0.862
Liberia,430,2022,2,1.625
Liberia,430,2023,2,1.121
Liberia,430,2024,2,2.263
Liberia,430,2025,2,1.283
Liberia,430,2020,3,1.646
Liberia,430,2021,3,0.478
Liberia,430,2022,3,1.127
Liberia,430,2023,3,1.0
Liberia,430,2024,3,1.729
Liberia,430,2025,3,1.503
Liberia,430,2020,4,1.259
Liberia,430,2021,4,1.15
Liberia,430,2022,4,1.08
Liberia,430,2023,4,1.178
Liberia,430,2024,4,1.781
Liberia,430,2025,4,1.245
Liberia,430,2020,5,1.488
Liberia,430,2021,5,1.134
Liberia,430,2022,5,1.337
Liberia,430,2023,5,1.537
Liberia,430,2024,5,1.805
Liberia,430,2025,5,1.235
Liberia,430,2020,6,1.468
Liberia,430,2021,6,1.299
Liberia,430,2022,6,1.334
Liberia,430,2023,6,0.976
Liberia,430,2024,6,1.53
Liberia,430,2025,6,1.291
Liberia,430,2020,7,1.229
Liberia,430,2021,7,1.514
Liberia,430,2022,7,1.532
Liberia,430,2023,7,1.55
Liberia,430,2024,7,1.223
Liberia,430,2025,7,0.927
Liberia,430,2020,8,1.385
Liberia,430,2021,8,1.518
Liberia,430,2022,8,1.255
Liberia,430,2023,8,1.776
Liberia,430,2024,8,1.464
Liberia,430,2025,8,1.311
Liberia,430,2020,9,1.362
Liberia,430,2021,9,1.253
Liberia,430,2022,9,1.205
Liberia,430,2023,9,1.355
Liberia,430,2024,9,1.1
Liberia,430,2025,9,1.809
Liberia,430,2020,10,1.166
Liberia,430,2021,10,1.713
Liberia,430,2022,10,0.841
Liberia,430,2023,10,1.403
Liberia,430,2024,10,0.965
Liberia,430,2025,10,2.12
Liberia,430,2020,11,1.376
Liberia,430,2021,11,1.463
Liberia,430,2022,11,1.177
Liberia,430,2023,11,0.986
Liberia,430,2024,11,1.289
Liberia,430,2025,11,1.576
Liberia,430,2020,12,1.216
Liberia,430,2021,12,1.901
Liberia,430,2022,12,1.282
Liberia,430,2023,12,1.134
Liberia,430,2024,12,1.514
Liberia,430,2025,12,2.085
Libya,434,2020,1,-0.584
Libya,434,2021,1,2.132
Libya,434,2022,1,-0.978
Libya,434,2023,1,0.618
Libya,434,2024,1,1.555
Libya,434,2025,1,1.855
Libya,434,2020,2,-0.212
Libya,434,2021,2,0.898
Libya,434,2022,2,-0.913
Libya,434,2023,2,-0.502
Libya,434,2024,2,0.951
Libya,434,2025,2,-0.206
Libya,434,2020,3,0.972
Libya,434,2021,3,0.497
Libya,434,2022,3,-1.273
Libya,434,2023,3,1.442
Libya,434,2024,3,1.931
Libya,434,2025,3,3.539
Libya,434,2020,4,1.209
Libya,434,2021,4,1.612
Libya,434,2022,4,2.581
Libya,434,2023,4,0.871
Libya,434,2024,4,2.373
Libya,434,2025,4,1.024
Libya,434,2020,5,1.926
Libya,434,2021,5,3.48
Libya,434,2022,5,0.066
Libya,434,2023,5,0.998
Libya,434,2024,5,2.95
Libya,434,2025,5,1.502
Libya,434,2020,6,1.005
Libya,434,2021,6,1.288
Libya,434,2022,6,0.982
Libya,434,2023,6,0.373
Libya,434,2024,6,3.856
Libya,434,2025,6,0.232
Libya,434,2020,7,1.358
Libya,434,2021,7,2.689
Libya,434,2022,7,1.4
Libya,434,2023,7,2.968
Libya,434,2024,7,3.098
Libya,434,2025,7,2.313
Libya,434,2020,8,2.445
Libya,434,2021,8,2.745
Libya,434,2022,8,1.917
Libya,434,2023,8,2.325
Libya,434,2024,8,3.67
Libya,434,2025,8,1.896
Libya,434,2020,9,2.212
Libya,434,2021,9,1.581
Libya,434,2022,9,2.809
Libya,434,2023,9,1.398
Libya,434,2024,9,3.874
Libya,434,2025,9,1.819
Libya,434,2020,10,2.27
Libya,434,2021,10,1.201
Libya,434,2022,10,0.28
Libya,434,2023,10,1.342
Libya,434,2024,10,2.661
Libya,434,2025,10,1.466
Libya,434,2020,11,0.231
Libya,434,2021,11,3.305
Libya,434,2022,11,0.311
Libya,434,2023,11,2.43
Libya,434,2024,11,0.985
Libya,434,2025,11,1.215
Libya,434,2020,12,1.331
Libya,434,2021,12,-0.508
Libya,434,2022,12,3.322
Libya,434,2023,12,1.421
Libya,434,2024,12,0.183
Libya,434,2025,12,0.97
Liechtenstein,438,2020,1,3.924
Liechtenstein,438,2021,1,0.323
Liechtenstein,438,2022,1,2.671
Liechtenstein,438,2023,1,3.161
Liechtenstein,438,2024,1,2.822
Liechtenstein,438,2025,1,3.225
Liechtenstein,438,2020,2,4.57
Liechtenstein,438,2021,2,3.485
Liechtenstein,438,2022,2,3.055
Liechtenstein,438,2023,2,3.042
Liechtenstein,438,2024,2,6.245
Liechtenstein,438,2025,2,2.869
Liechtenstein,438,2020,3,1.589
Liechtenstein,438,2021,3,0.867
Liechtenstein,438,2022,3,1.863
Liechtenstein,438,2023,3,2.944
Liechtenstein,438,2024,3,4.142
Liechtenstein,438,2025,3,3.157
Liechtenstein,438,2020,4,3.602
Liechtenstein,438,2021,4,-0.731
Liechtenstein,438,2022,4,0.75
Liechtenstein,438,2023,4,0.308
Liechtenstein,438,2024,4,2.79
Liechtenstein,438,2025,4,3.431
Liechtenstein,438,2020,5,1.041
Liechtenstein,438,2021,5,-0.964
Liechtenstein,438,2022,5,3.586
Liechtenstein,438,2023,5,1.835
Liechtenstein,438,2024,5,2.007
Liechtenstein,438,2025,5,0.919
Liechtenstein,438,2020,6,1.106
Liechtenstein,438,2021,6,3.908
Liechtenstein,438,2022,6,4.157
Liechtenstein,438,2023,6,3.362
Liechtenstein,438,2024,6,2.543
Liechtenstein,438,2025,6,4.969
Liechtenstein,438,2020,7,1.918
Liechtenstein,438,2021,7,1.599
Liechtenstein,438,2022,7,3.494
Liechtenstein,438,2023,7,2.895
Liechtenstein,438,2024,7,3.36
Liechtenstein,438,2025,7,1.276
Liechtenstein,438,2020,8,2.877
Liechtenstein,438,2021,8,0.967
Liechtenstein,438,2022,8,3.234
Liechtenstein,438,2023,8,2.902
Liechtenstein,438,2024,8,4.577
Liechtenstein,438,2025,8,2.526
Liechtenstein,438,2020,9,1.884
Liechtenstein,438,2021,9,2.14
Liechtenstein,438,2022,9,-0.048
Liechtenstein,438,2023,9,4.26
Liechtenstein,438,2024,9,0.861
Liechtenstein,438,2025,9,1.251
Liechtenstein,438,2020,10,0.148
Liechtenstein,438,2021,10,0.618
Liechtenstein,438,2022,10,4.691
Liechtenstein,438,2023,10,4.139
Liechtenstein,438,2024,10,2.976
Liechtenstein,438,2025,10,0.665
Liechtenstein,438,2020,11,2.882
Liechtenstein,438,2021,11,1.116
Liechtenstein,438,2022,11,2.56
Liechtenstein,438,2023,11,1.08
Liechtenstein,438,2024,11,1.724
Liechtenstein,438,2025,11,1.214
Liechtenstein,438,2020,12,1.966
Liechtenstein,438,2021,12,1.854
Liechtenstein,438,2022,12,2.28
Liechtenstein,438,2023,12,3.479
Liechtenstein,438,2024,12,1.835
Liechtenstein,438,2025,12,3.034
Lithuania,440,2020,1,8.137
Lithuania,440,2021,1,2.226
Lithuania,440,2022,1,4.851
Lithuania,440,2023,1,5.654
Lithuania,440,2024,1,1.172
Lithuania,440,2025,1,7.267
Lithuania,440,2020,2,7.655
Lithuania,440,2021,2,0.036
Lithuania,440,2022,2,6.241
Lithuania,440,2023,2,4.831
Lithuania,440,2024,2,7.146
Lithuania,440,2025,2,2.526
Lithuania,440,2020,3,5.024
Lithuania,440,2021,3,3.217
Lithuania,440,2022,3,3.126
Lithuania,440,2023,3,4.057
Lithuania,440,2024,3,5.42
Lithuania,440,2025,3,6.251
Lithuania,440,2020,4,1.108
Lithuania,440,2021,4,0.719
Lithuania,440,2022,4,0.18
Lithuania,440,2023,4,2.679
Lithuania,440,2024,4,3.047
Lithuania,440,2025,4,3.162
Lithuania,440,2020,5,-1.068
Lithuania,440,2021,5,-0.109
Lithuania,440,2022,5,-0.312
Lithuania,440,2023,5,0.564
Lithuania,440,2024,5,3.658
Lithuania,440,2025,5,-1.639
Lithuania,440,2020,6,3.107
Lithuania,440,2021,6,3.408
Lithuania,440,2022,6,1.894
Lithuania,440,2023,6,1.489
Lithuania,440,2024,6,1.988
Lithuania,440,2025,6,-0.24
Lithuania,440,2020,7,0.199
Lithuania,440,2021,7,4.914
Lithuania,440,2022,7,0.905
Lithuania,440,2023,7,0.701
Lithuania,440,2024,7,2.642
Lithuania,440,2025,7,2.032
Lithuania,440,2020,8,1.768
Lithuania,440,2021,8,0.097
Lithuania,440,2022,8,4.073
Lithuania,440,2023,8,3.166
Lithuania,440,2024,8,2.731
Lithuania,440,2025,8,0.114
Lithuania,440,2020,9,2.877
Lithuania,440,2021,9,-0.499
Lithuania,440,2022,9,-1.206
Lithuania,440,2023,9,4.546
Lithuania,440,2024,9,4.964
Lithuania,440,2025,9,3.0
Lithuania,440,2020,10,3.23
Lithuania,440,2021,10,1.498
Lithuania,440,2022,10,2.75
Lithuania,440,2023,10,1.125
Lithuania,440,2024,10,1.723
Lithuania,440,2025,10,0.656
Lithuania,440,2020,11,3.434
Lithuania,440,2021,11,2.114
Lithuania,440,2022,11,1.059
Lithuania,440,2023,11,0.454
Lithuania,440,2024,11,2.202
Lithuania,440,2025,11,1.609
Lithuania,440,2020,12,2.937
Lithuania,440,2021,12,-0.851
Lithuania,440,2022,12,-0.126
Lithuania,440,2023,12,2.389
Lithuania,440,2024,12,4.171
Lithuania,440,2025,12,4.33
Luxembourg,442,2020,1,3.735
Luxembourg,442,2021,1,1.214
Luxembourg,442,2022,1,2.525
Luxembourg,442,2023,1,3.633
Luxembourg,442,2024,1,1.885
Luxembourg,442,2025,1,2.469
Luxembourg,442,2020,2,4.452
Luxembourg,442,2021,2,2.689
Luxembourg,442,2022,2,3.81
Luxembourg,442,2023,2,3.14
Luxembourg,442,2024,2,5.996
Luxembourg,442,2025,2,1.628
Luxembourg,442,2020,3,1.893
Luxembourg,442,2021,3,1.529
Luxembourg,442,2022,3,2.507
Luxembourg,442,2023,3,2.175
Luxembourg,442,2024,3,3.944
Luxembourg,442,2025,3,3.068
Luxembourg,442,2020,4,3.982
Luxembourg,442,2021,4,-1.268
Luxembourg,442,2022,4,0.816
Luxembourg,442,2023,4,0.4
Luxembourg,442,2024,4,2.401
Luxembourg,442,2025,4,3.164
Luxembourg,442,2020,5,0.719
Luxembourg,442,2021,5,-1.271
Luxembourg,442,2022,5,3.244
Luxembourg,442,2023,5,1.711
Luxembourg,442,2024,5,2.665
Luxembourg,442,2025,5,1.703
Luxembourg,442,2020,6,1.688
Luxembourg,442,2021,6,3.839
Luxembourg,442,2022,6,3.322
Luxembourg,442,2023,6,4.408
Luxembourg,442,2024,6,1.292
Luxembourg,442,2025,6,3.858
Luxembourg,442,2020,7,1.554
Luxembourg,442,2021,7,1.049
Luxembourg,442,2022,7,3.124
Luxembourg,442,2023,7,2.177
Luxembourg,442,2024,7,2.055
Luxembourg,442,2025,7,2.083
Luxembourg,442,2020,8,4.317
Luxembourg,442,2021,8,0.234
Luxembourg,442,2022,8,4.774
Luxembourg,442,2023,8,2.138
Luxembourg,442,2024,8,3.773
Luxembourg,442,2025,8,2.437
Luxembourg,442,2020,9,2.361
Luxembourg,442,2021,9,2.106
Luxembourg,442,2022,9,0.602
Luxembourg,442,2023,9,4.452
Luxembourg,442,2024,9,1.649
Luxembourg,442,2025,9,1.004
Luxembourg,442,2020,10,1.114
Luxembourg,442,2021,10,0.9
Luxembourg,442,2022,10,4.267
Luxembourg,442,2023,10,3.458
Luxembourg,442,2024,10,2.447
Luxembourg,442,2025,10,1.195
Luxembourg,442,2020,11,2.568
Luxembourg,442,2021,11,0.281
Luxembourg,442,2022,11,3.433
Luxembourg,442,2023,11,2.009
Luxembourg,442,2024,11,1.442
Luxembourg,442,2025,11,1.782
Luxembourg,442,2020,12,2.625
Luxembourg,442,2021,12,2.576
Luxembourg,442,2022,12,1.463
Luxembourg,442,2023,12,3.642
Luxembourg,442,2024,12,1.743
Luxembourg,442,2025,12,2.851
Madagascar,450,2020,1,1.306
Madagascar,450,2021,1,1.821
Madagascar,450,2022,1,0.748
Madagascar,450,2023,1,0.754
Madagascar,450,2024,1,1.206
Madagascar,450,2025,1,1.756
Madagascar,450,2020,2,1.194
Madagascar,450,2021,2,2.012
Madagascar,450,2022,2,0.73
Madagascar,450,2023,2,0.786
Madagascar,450,2024,2,0.923
Madagascar,450,2025,2,1.2
Madagascar,450,2020,3,1.579
Madagascar,450,2021,3,1.054
Madagascar,450,2022,3,1.108
Madagascar,450,2023,3,0.792
Madagascar,450,2024,3,1.301
Madagascar,450,2025,3,1.323
Madagascar,450,2020,4,1.416
Madagascar,450,2021,4,1.127
Madagascar,450,2022,4,1.365
Madagascar,450,2023,4,1.538
Madagascar,450,2024,4,1.49
Madagascar,450,2025,4,1.86
Madagascar,450,2020,5,1.336
Madagascar,450,2021,5,0.476
Madagascar,450,2022,5,1.128
Madagascar,450,2023,5,1.193
Madagascar,450,2024,5,1.088
Madagascar,450,2025,5,1.684
Madagascar,450,2020,6,0.996
Madagascar,450,2021,6,0.785
Madagascar,450,2022,6,0.563
Madagascar,450,2023,6,1.452
Madagascar,450,2024,6,1.234
Madagascar,450,2025,6,1.191
Madagascar,450,2020,7,1.096
Madagascar,450,2021,7,1.299
Madagascar,450,2022,7,0.969
Madagascar,450,2023,7,1.515
Madagascar,450,2024,7,1.191
Madagascar,450,2025,7,0.823
Madagascar,450,2020,8,1.041
Madagascar,450,2021,8,1.185
Madagascar,450,2022,8,0.979
Madagascar,450,2023,8,2.06
Madagascar,450,2024,8,1.177
Madagascar,450,2025,8,-0.092
Madagascar,450,2020,9,0.979
Madagascar,450,2021,9,1.439
Madagascar,450,2022,9,0.738
Madagascar,450,2023,9,1.736
Madagascar,450,2024,9,1.762
Madagascar,450,2025,9,0.738
Madagascar,450,2020,10,1.572
Madagascar,450,2021,10,0.842
Madagascar,450,2022,10,0.436
Madagascar,450,2023,10,2.19
Madagascar,450,2024,10,1.394
Madagascar,450,2025,10,0.759
Madagascar,450,2020,11,0.999
Madagascar,450,2021,11,1.425
Madagascar,450,2022,11,0.979
Madagascar,450,2023,11,1.608
Madagascar,450,2024,11,2.12
Madagascar,450,2025,11,1.001
Madagascar,450,2020,12,1.305
Madagascar,450,2021,12,1.338
Madagascar,450,2022,12,1.001
Madagascar,450,2023,12,1.597
Madagascar,450,2024,12,1.779
Madagascar,450,2025,12,1.261
Malawi,454,2020,1,0.524
Malawi,454,2021,1,1.249
Malawi,454,2022,1,0.181
Malawi,454,2023,1,0.16
Malawi,454,2024,1,0.642
Malawi,454,2025,1,1.074
Malawi,454,2020,2,0.524
Malawi,454,2021,2,1.3
Malawi,454,2022,2,0.941
Malawi,454,2023,2,1.316
Malawi,454,2024,2,1.485
Malawi,454,2025,2,0.391
Malawi,454,2020,3,1.2
Malawi,454,2021,3,1.138
Malawi,454,2022,3,0.536
Malawi,454,2023,3,-0.171
Malawi,454,2024,3,1.686
Malawi,454,2025,3,1.129
Malawi,454,2020,4,1.51
Malawi,454,2021,4,0.201
Malawi,454,2022,4,0.42
Malawi,454,2023,4,0.269
Malawi,454,2024,4,1.279
Malawi,454,2025,4,0.865
Malawi,454,2020,5,1.319
Malawi,454,2021,5,0.27
Malawi,454,2022,5,0.887
Malawi,454,2023,5,1.384
Malawi,454,2024,5,1.323
Malawi,454,2025,5,0.008
Malawi,454,2020,6,1.659
Malawi,454,2021,6,1.352
Malawi,454,2022,6,0.292
Malawi,454,2023,6,2.771
Malawi,454,2024,6,2.396
Malawi,454,2025,6,1.21
Malawi,454,2020,7,1.186
Malawi,454,2021,7,0.911
Malawi,454,2022,7,2.421
Malawi,454,2023,7,1.391
Malawi,454,2024,7,3.629
Malawi,454,2025,7,0.928
Malawi,454,2020,8,1.346
Malawi,454,2021,8,1.156
Malawi,454,2022,8,0.792
Malawi,454,2023,8,1.248
Malawi,454,2024,8,1.846
Malawi,454,2025,8,1.942
Malawi,454,2020,9,0.687
Malawi,454,2021,9,0.906
Malawi,454,2022,9,0.409
Malawi,454,2023,9,2.439
Malawi,454,2024,9,1.449
Malawi,454,2025,9,2.845
Malawi,454,2020,10,0.923
Malawi,454,2021,10,0.409
Malawi,454,2022,10,1.094
Malawi,454,2023,10,2.44
Malawi,454,2024,10,0.552
Malawi,454,2025,10,0.422
Malawi,454,2020,11,1.425
Malawi,454,2021,11,2.36
Malawi,454,2022,11,1.872
Malawi,454,2023,11,1.184
Malawi,454,2024,11,1.119
Malawi,454,2025,11,0.276
Malawi,454,2020,12,0.428
Malawi,454,2021,12,2.749
Malawi,454,2022,12,-0.002
Malawi,454,2023,12,1.987
Malawi,454,2024,12,1.716
Malawi,454,2025,12,-0.561
Malaysia,458,2020,1,1.511
Malaysia,458,2021,1,0.851
Malaysia,458,2022,1,1.272
Malaysia,458,2023,1,1.032
Malaysia,458,2024,1,1.834
Malaysia,458,2025,1,1.088
Malaysia,458,2020,2,1.356
Malaysia,458,2021,2,0.894
Malaysia,458,2022,2,1.175
Malaysia,458,2023,2,0.976
Malaysia,458,2024,2,1.814
Malaysia,458,2025,2,1.177
Malaysia,458,2020,3,1.638
Malaysia,458,2021,3,1.124
Malaysia,458,2022,3,1.171
Malaysia,458,2023,3,0.768
Malaysia,458,2024,3,1.933
Malaysia,458,2025,3,1.228
Malaysia,458,2020,4,1.485
Malaysia,458,2021,4,0.932
Malaysia,458,2022,4,0.924
Malaysia,458,2023,4,1.356
Malaysia,458,2024,4,2.021
Malaysia,458,2025,4,0.953
Malaysia,458,2020,5,1.554
Malaysia,458,2021,5,0.884
Malaysia,458,2022,5,1.076
Malaysia,458,2023,5,1.612
Malaysia,458,2024,5,1.913
Malaysia,458,2025,5,1.386
Malaysia,458,2020,6,1.134
Malaysia,458,2021,6,1.077
Malaysia,458,2022,6,0.852
Malaysia,458,2023,6,1.467
Malaysia,458,2024,6,1.331
Malaysia,458,2025,6,1.399
Malaysia,458,2020,7,1.139
Malaysia,458,2021,7,1.423
Malaysia,458,2022,7,1.379
Malaysia,458,2023,7,1.474
Malaysia,458,2024,7,1.798
Malaysia,458,2025,7,1.967
Malaysia,458,2020,8,1.337
Malaysia,458,2021,8,1.188
Malaysia,458,2022,8,1.047
Malaysia,458,2023,8,1.555
Malaysia,458,2024,8,1.334
Malaysia,458,2025,8,1.101
Malaysia,458,2020,9,1.096
Malaysia,458,2021,9,1.051
Malaysia,458,2022,9,0.817
Malaysia,458,2023,9,1.391
Malaysia,458,2024,9,1.127
Malaysia,458,2025,9,1.07
Malaysia,458,2020,10,1.325
Malaysia,458,2021,10,1.602
Malaysia,458,2022,10,0.834
Malaysia,458,2023,10,1.698
Malaysia,458,2024,10,1.549
Malaysia,458,2025,10,1.136
Malaysia,458,2020,11,1.229
Malaysia,458,2021,11,1.148
Malaysia,458,2022,11,0.964
Malaysia,458,2023,11,1.475
Malaysia,458,2024,11,1.36
Malaysia,458,2025,11,1.053
Malaysia,458,2020,12,1.191
Malaysia,458,2021,12,1.129
Malaysia,458,2022,12,0.567
Malaysia,458,2023,12,1.783
Malaysia,458,2024,12,1.432
Malaysia,458,2025,12,1.09
Maldives,462,2020,1,1.097
Maldives,462,2021,1,0.614
Maldives,462,2022,1,1.116
Maldives,462,2023,1,0.208
Maldives,462,2024,1,0.931
Maldives,462,2025,1,0.413
Maldives,462,2020,2,1.153
Maldives,462,2021,2,0.724
Maldives,462,2022,2,0.796
Maldives,462,2023,2,0.307
Maldives,462,2024,2,1.18
Maldives,462,2025,2,1.229
Maldives,462,2020,3,0.958
Maldives,462,2021,3,0.282
Maldives,462,2022,3,0.693
Maldives,462,2023,3,0.355
Maldives,462,2024,3,1.114
Maldives,462,2025,3,1.003
Maldives,462,2020,4,0.833
Maldives,462,2021,4,0.581
Maldives,462,2022,4,0.614
Maldives,462,2023,4,0.738
Maldives,462,2024,4,0.907
Maldives,462,2025,4,0.869
Maldives,462,2020,5,0.645
Maldives,462,2021,5,0.832
Maldives,462,2022,5,0.132
Maldives,462,2023,5,0.827
Maldives,462,2024,5,0.924
Maldives,462,2025,5,0.936
Maldives,462,2020,6,0.778
Maldives,462,2021,6,0.914
Maldives,462,2022,6,0.604
Maldives,462,2023,6,0.938
Maldives,462,2024,6,1.419
Maldives,462,2025,6,1.09
Maldives,462,2020,7,0.621
Maldives,462,2021,7,0.753
Maldives,462,2022,7,0.161
Maldives,462,2023,7,1.102
Maldives,462,2024,7,1.023
Maldives,462,2025,7,0.732
Maldives,462,2020,8,1.1
Maldives,462,2021,8,0.71
Maldives,462,2022,8,0.05
Maldives,462,2023,8,1.413
Maldives,462,2024,8,0.635
Maldives,462,2025,8,1.162
Maldives,462,2020,9,0.752
Maldives,462,2021,9,1.071
Maldives,462,2022,9,0.354
Maldives,462,2023,9,0.948
Maldives,462,2024,9,1.053
Maldives,462,2025,9,0.872
Maldives,462,2020,10,0.767
Maldives,462,2021,10,1.158
Maldives,462,2022,10,0.232
Maldives,462,2023,10,0.871
Maldives,462,2024,10,1.147
Maldives,462,2025,10,0.908
Maldives,462,2020,11,1.028
Maldives,462,2021,11,0.701
Maldives,462,2022,11,0.121
Maldives,462,2023,11,0.897
Maldives,462,2024,11,1.194
Maldives,462,2025,11,0.537
Maldives,462,2020,12,1.03
Maldives,462,2021,12,0.951
Maldives,462,2022,12,0.072
Maldives,462,2023,12,0.847
Maldives,462,2024,12,1.176
Maldives,462,2025,12,0.477
Mali,466,2020,1,0.458
Mali,466,2021,1,2.276
Mali,466,2022,1,0.667
Mali,466,2023,1,1.009
Mali,466,2024,1,1.978
Mali,466,2025,1,0.927
Mali,466,2020,2,1.262
Mali,466,2021,2,0.997
Mali,466,2022,2,0.501
Mali,466,2023,2,1.572
Mali,466,2024,2,1.4
Mali,466,2025,2,0.951
Mali,466,2020,3,1.715
Mali,466,2021,3,1.439
Mali,466,2022,3,1.876
Mali,466,2023,3,1.8
Mali,466,2024,3,3.242
Mali,466,2025,3,3.536
Mali,466,2020,4,2.322
Mali,466,2021,4,2.168
Mali,466,2022,4,1.802
Mali,466,2023,4,1.345
Mali,466,2024,4,3.104
Mali,466,2025,4,2.383
Mali,466,2020,5,1.975
Mali,466,2021,5,2.113
Mali,466,2022,5,1.616
Mali,466,2023,5,1.737
Mali,466,2024,5,3.046
Mali,466,2025,5,1.71
Mali,466,2020,6,1.449
Mali,466,2021,6,1.673
Mali,466,2022,6,0.804
Mali,466,2023,6,1.913
Mali,466,2024,6,2.627
Mali,466,2025,6,1.23
Mali,466,2020,7,1.139
Mali,466,2021,7,1.536
Mali,466,2022,7,0.997
Mali,466,2023,7,1.921
Mali,466,2024,7,1.253
Mali,466,2025,7,0.826
Mali,466,2020,8,0.833
Mali,466,2021,8,1.138
Mali,466,2022,8,0.721
Mali,466,2023,8,1.645
Mali,466,2024,8,1.328
Mali,466,2025,8,0.782
Mali,466,2020,9,0.841
Mali,466,2021,9,1.898
Mali,466,2022,9,0.567
Mali,466,2023,9,1.801
Mali,466,2024,9,0.424
Mali,466,2025,9,1.063
Mali,466,2020,10,0.668
Mali,466,2021,10,2.074
Mali,466,2022,10,0.698
Mali,466,2023,10,2.197
Mali,466,2024,10,0.833
Mali,466,2025,10,1.464
Mali,466,2020,11,0.48
Mali,466,2021,11,2.513
Mali,466,2022,11,0.274
Mali,466,2023,11,1.973
Mali,466,2024,11,0.446
Mali,466,2025,11,1.77
Mali,466,2020,12,2.972
Mali,466,2021,12,2.351
Mali,466,2022,12,1.764
Mali,466,2023,12,1.042
Mali,466,2024,12,0.655
Mali,466,2025,12,1.578
Malta,470,2020,1,1.073
Malta,470,2021,1,1.924
Malta,470,2022,1,-0.084
Malta,470,2023,1,1.391
Malta,470,2024,1,2.549
Malta,470,2025,1,2.777
Malta,470,2020,2,1.431
Malta,470,2021,2,1.899
Malta,470,2022,2,0.81
Malta,470,2023,2,-0.078
Malta,470,2024,2,2.59
Malta,470,2025,2,1.271
Malta,470,2020,3,0.843
Malta,470,2021,3,0.757
Malta,470,2022,3,-0.114
Malta,470,2023,3,1.699
Malta,470,2024,3,2.795
Malta,470,2025,3,1.983
Malta,470,2020,4,1.437
Malta,470,2021,4,1.508
Malta,470,2022,4,1.009
Malta,470,2023,4,1.327
Malta,470,2024,4,3.024
Malta,470,2025,4,1.729
Malta,470,2020,5,2.128
Malta,470,2021,5,1.762
Malta,470,2022,5,1.979
Malta,470,2023,5,0.876
Malta,470,2024,5,2.564
Malta,470,2025,5,2.638
Malta,470,2020,6,1.14
Malta,470,2021,6,3.139
Malta,470,2022,6,4.634
Malta,470,2023,6,1.567
Malta,470,2024,6,3.348
Malta,470,2025,6,3.606
Malta,470,2020,7,1.935
Malta,470,2021,7,2.949
Malta,470,2022,7,3.437
Malta,470,2023,7,4.471
Malta,470,2024,7,3.15
Malta,470,2025,7,3.468
Malta,470,2020,8,2.708
Malta,470,2021,8,3.693
Malta,470,2022,8,2.763
Malta,470,2023,8,2.036
Malta,470,2024,8,3.172
Malta,470,2025,8,1.656
Malta,470,2020,9,2.294
Malta,470,2021,9,2.677
Malta,470,2022,9,3.11
Malta,470,2023,9,2.254
Malta,470,2024,9,2.288
Malta,470,2025,9,2.276
Malta,470,2020,10,0.842
Malta,470,2021,10,1.031
Malta,470,2022,10,2.434
Malta,470,2023,10,4.267
Malta,470,2024,10,2.978
Malta,470,2025,10,1.69
Malta,470,2020,11,1.668
Malta,470,2021,11,1.973
Malta,470,2022,11,2.197
Malta,470,2023,11,3.559
Malta,470,2024,11,2.209
Malta,470,2025,11,1.692
Malta,470,2020,12,1.781
Malta,470,2021,12,0.63
Malta,470,2022,12,3.331
Malta,470,2023,12,2.058
Malta,470,2024,12,1.091
Malta,470,2025,12,1.847
Marshall Islands,584,2020,1,1.53
Marshall Islands,584,2021,1,1.214
Marshall Islands,584,2022,1,0.944
Marshall Islands,584,2023,1,0.6
Marshall Islands,584,2024,1,0.814
Marshall Islands,584,2025,1,0.834
Marshall Islands,584,2020,2,1.128
Marshall Islands,584,2021,2,0.964
Marshall Islands,584,2022,2,0.75
Marshall Islands,584,2023,2,0.504
Marshall Islands,584,2024,2,0.736
Marshall Islands,584,2025,2,0.313
Marshall Islands,584,2020,3,1.038
Marshall Islands,584,2021,3,0.432
Marshall Islands,584,2022,3,0.1
Marshall Islands,584,2023,3,0.721
Marshall Islands,584,2024,3,1.198
Marshall Islands,584,2025,3,0.724
Marshall Islands,584,2020,4,0.894
Marshall Islands,584,2021,4,0.835
Marshall Islands,584,2022,4,0.086
Marshall Islands,584,2023,4,0.448
Marshall Islands,584,2024,4,1.265
Marshall Islands,584,2025,4,0.609
Marshall Islands,584,2020,5,0.923
Marshall Islands,584,2021,5,0.568
Marshall Islands,584,2022,5,0.4
Marshall Islands,584,2023,5,0.77
Marshall Islands,584,2024,5,0.836
Marshall Islands,584,2025,5,0.82
Marshall Islands,584,2020,6,1.169
Marshall Islands,584,2021,6,1.007
Marshall Islands,584,2022,6,0.46
Marshall Islands,584,2023,6,0.779
Marshall Islands,584,2024,6,0.947
Marshall Islands,584,2025,6,0.671
Marshall Islands,584,2020,7,1.351
Marshall Islands,584,2021,7,1.19
Marshall Islands,584,2022,7,0.539
Marshall Islands,584,2023,7,0.985
Marshall Islands,584,2024,7,0.841
Marshall Islands,584,2025,7,0.019
Marshall Islands,584,2020,8,1.312
Marshall Islands,584,2021,8,1.208
Marshall Islands,584,2022,8,0.348
Marshall Islands,584,2023,8,0.733
Marshall Islands,584,2024,8,0.846
Marshall Islands,584,2025,8,0.488
Marshall Islands,584,2020,9,1.254
Marshall Islands,584,2021,9,0.756
Marshall Islands,584,2022,9,0.584
Marshall Islands,584,2023,9,1.14
Marshall Islands,584,2024,9,0.724
Marshall Islands,584,2025,9,0.246
Marshall Islands,584,2020,10,0.718
Marshall Islands,584,2021,10,0.537
Marshall Islands,584,2022,10,0.344
Marshall Islands,584,2023,10,0.743
Marshall Islands,584,2024,10,0.92
Marshall Islands,584,2025,10,0.248
Marshall Islands,584,2020,11,0.894
Marshall Islands,584,2021,11,0.388
Marshall Islands,584,2022,11,0.538
Marshall Islands,584,2023,11,0.748
Marshall Islands,584,2024,11,0.576
Marshall Islands,584,2025,11,0.43
Marshall Islands,584,2020,12,0.909
Marshall Islands,584,2021,12,0.388
Marshall Islands,584,2022,12,0.758
Marshall Islands,584,2023,12,0.663
Marshall Islands,584,2024,12,0.676
Marshall Islands,584,2025,12,0.586
Martinique,474,2020,1,0.91
Martinique,474,2021,1,0.842
Martinique,474,2022,1,0.47
Martinique,474,2023,1,0.481
Martinique,474,2024,1,1.633
Martinique,474,2025,1,1.467
Martinique,474,2020,2,1.231
Martinique,474,2021,2,1.011
Martinique,474,2022,2,0.667
Martinique,474,2023,2,0.351
Martinique,474,2024,2,1.753
Martinique,474,2025,2,1.237
Martinique,474,2020,3,0.468
Martinique,474,2021,3,0.632
Martinique,474,2022,3,0.842
Martinique,474,2023,3,0.27
Martinique,474,2024,3,1.748
Martinique,474,2025,3,1.233
Martinique,474,2020,4,1.164
Martinique,474,2021,4,0.678
Martinique,474,2022,4,0.555
Martinique,474,2023,4,0.632
Martinique,474,2024,4,1.539
Martinique,474,2025,4,1.069
Martinique,474,2020,5,1.402
Martinique,474,2021,5,0.757
Martinique,474,2022,5,0.799
Martinique,474,2023,5,0.953
Martinique,474,2024,5,2.138
Martinique,474,2025,5,0.939
Martinique,474,2020,6,1.322
Martinique,474,2021,6,0.605
Martinique,474,2022,6,0.799
Martinique,474,2023,6,1.326
Martinique,474,2024,6,1.795
Martinique,474,2025,6,0.947
Martinique,474,2020,7,1.179
Martinique,474,2021,7,0.89
Martinique,474,2022,7,0.715
Martinique,474,2023,7,1.406
Martinique,474,2024,7,1.558
Martinique,474,2025,7,0.993
Martinique,474,2020,8,1.54
Martinique,474,2021,8,0.937
Martinique,474,2022,8,0.787
Martinique,474,2023,8,1.709
Martinique,474,2024,8,1.31
Martinique,474,2025,8,1.695
Martinique,474,2020,9,1.217
Martinique,474,2021,9,1.0
Martinique,474,2022,9,0.811
Martinique,474,2023,9,1.604
Martinique,474,2025,9,1.224
Martinique,474,2020,10,0.573
Martinique,474,2021,10,1.137
Martinique,474,2022,10,0.762
Martinique,474,2023,10,1.46
Martinique,474,2024,10,1.728
Martinique,474,2025,10,1.413
Martinique,474,2020,11,0.53
Martinique,474,2021,11,0.794
Martinique,474,2022,11,0.732
Martinique,474,2023,11,1.243
Martinique,474,2024,11,1.561
Martinique,474,2025,11,0.897
Martinique,474,2020,12,0.52
Martinique,474,2021,12,1.281
Martinique,474,2022,12,0.252
Martinique,474,2023,12,1.148
Martinique,474,2024,12,1.315
Martinique,474,2025,12,0.749
Mauritania,478,2020,1,1.003
Mauritania,478,2021,1,2.084
Mauritania,478,2022,1,2.693
Mauritania,478,2023,1,1.665
Mauritania,478,2024,1,2.916
Mauritania,478,2025,1,0.874
Mauritania,478,2020,2,3.126
Mauritania,478,2021,2,1.176
Mauritania,478,2022,2,1.916
Mauritania,478,2023,2,0.76
Mauritania,478,2024,2,2.778
Mauritania,478,2025,2,0.563
Mauritania,478,2020,3,1.676
Mauritania,478,2021,3,1.04
Mauritania,478,2022,3,1.126
Mauritania,478,2023,3,2.391
Mauritania,478,2024,3,2.18
Mauritania,478,2025,3,2.06
Mauritania,478,2020,4,2.246
Mauritania,478,2021,4,2.664
Mauritania,478,2022,4,1.889
Mauritania,478,2023,4,2.141
Mauritania,478,2024,4,3.653
Mauritania,478,2025,4,3.467
Mauritania,478,2020,5,2.632
Mauritania,478,2021,5,1.494
Mauritania,478,2022,5,2.189
Mauritania,478,2023,5,2.187
Mauritania,478,2024,5,2.753
Mauritania,478,2025,5,2.69
Mauritania,478,2020,6,2.469
Mauritania,478,2021,6,2.22
Mauritania,478,2022,6,1.487
Mauritania,478,2023,6,2.038
Mauritania,478,2024,6,2.339
Mauritania,478,2025,6,1.919
Mauritania,478,2020,7,1.569
Mauritania,478,2021,7,1.792
Mauritania,478,2022,7,1.369
Mauritania,478,2023,7,2.361
Mauritania,478,2024,7,1.8
Mauritania,478,2025,7,1.09
Mauritania,478,2020,8,1.872
Mauritania,478,2021,8,1.485
Mauritania,478,2022,8,1.404
Mauritania,478,2023,8,2.288
Mauritania,478,2024,8,1.999
Mauritania,478,2025,8,1.415
Mauritania,478,2020,9,1.51
Mauritania,478,2021,9,2.071
Mauritania,478,2022,9,1.401
Mauritania,478,2023,9,2.072
Mauritania,478,2024,9,0.255
Mauritania,478,2025,9,1.117
Mauritania,478,2020,10,1.993
Mauritania,478,2021,10,2.168
Mauritania,478,2022,10,1.548
Mauritania,478,2023,10,2.788
Mauritania,478,2024,10,1.78
Mauritania,478,2025,10,2.485
Mauritania,478,2020,11,1.39
Mauritania,478,2021,11,2.329
Mauritania,478,2022,11,1.112
Mauritania,478,2023,11,2.295
Mauritania,478,2024,11,2.274
Mauritania,478,2025,11,2.527
Mauritania,478,2020,12,2.481
Mauritania,478,2021,12,3.289
Mauritania,478,2022,12,2.972
Mauritania,478,2023,12,2.296
Mauritania,478,2024,12,2.053
Mauritania,478,2025,12,0.862
Mauritius,480,2020,1,1.359
Mauritius,480,2021,1,0.748
Mauritius,480,2022,1,1.097
Mauritius,480,2023,1,0.554
Mauritius,480,2024,1,1.894
Mauritius,480,2025,1,0.629
Mauritius,480,2020,2,1.027
Mauritius,480,2021,2,0.889
Mauritius,480,2022,2,0.806
Mauritius,480,2023,2,1.021
Mauritius,480,2024,2,0.855
Mauritius,480,2025,2,1.221
Mauritius,480,2020,3,1.389
Mauritius,480,2021,3,1.264
Mauritius,480,2022,3,-0.323
Mauritius,480,2023,3,0.583
Mauritius,480,2024,3,0.905
Mauritius,480,2025,3,1.41
Mauritius,480,2020,4,0.785
Mauritius,480,2021,4,1.448
Mauritius,480,2022,4,0.72
Mauritius,480,2023,4,1.499
Mauritius,480,2024,4,2.078
Mauritius,480,2025,4,1.594
Mauritius,480,2020,5,1.052
Mauritius,480,2021,5,1.006
Mauritius,480,2022,5,0.914
Mauritius,480,2023,5,1.967
Mauritius,480,2024,5,1.249
Mauritius,480,2025,5,1.331
Mauritius,480,2020,6,1.277
Mauritius,480,2021,6,0.877
Mauritius,480,2022,6,0.516
Mauritius,480,2023,6,1.618
Mauritius,480,2024,6,1.335
Mauritius,480,2025,6,0.652
Mauritius,480,2020,7,1.034
Mauritius,480,2021,7,0.745
Mauritius,480,2022,7,0.022
Mauritius,480,2023,7,1.922
Mauritius,480,2024,7,1.529
Mauritius,480,2025,7,0.582
Mauritius,480,2020,8,0.986
Mauritius,480,2021,8,0.868
Mauritius,480,2022,8,0.699
Mauritius,480,2023,8,2.226
Mauritius,480,2024,8,1.212
Mauritius,480,2025,8,0.858
Mauritius,480,2020,9,0.931
Mauritius,480,2021,9,0.977
Mauritius,480,2022,9,0.671
Mauritius,480,2023,9,2.117
Mauritius,480,2024,9,1.113
Mauritius,480,2025,9,1.236
Mauritius,480,2020,10,1.705
Mauritius,480,2021,10,1.258
Mauritius,480,2022,10,0.435
Mauritius,480,2023,10,2.3
Mauritius,480,2024,10,1.345
Mauritius,480,2025,10,1.041
Mauritius,480,2020,11,0.861
Mauritius,480,2021,11,1.279
Mauritius,480,2022,11,0.578
Mauritius,480,2023,11,2.018
Mauritius,480,2024,11,1.371
Mauritius,480,2025,11,1.291
Mauritius,480,2020,12,0.883
Mauritius,480,2021,12,1.202
Mauritius,480,2022,12,0.455
Mauritius,480,2023,12,2.044
Mauritius,480,2024,12,0.718
Mauritius,480,2025,12,1.463
Mayotte,175,2020,1,0.94
Mayotte,175,2021,1,0.545
Mayotte,175,2022,1,0.689
Mayotte,175,2023,1,0.773
Mayotte,175,2024,1,1.053
Mayotte,175,2025,1,1.537
Mayotte,175,2020,2,1.258
Mayotte,175,2021,2,0.607
Mayotte,175,2022,2,0.696
Mayotte,175,2023,2,0.724
Mayotte,175,2024,2,1.592
Mayotte,175,2025,2,1.624
Mayotte,175,2020,3,1.392
Mayotte,175,2021,3,0.704
Mayotte,175,2022,3,0.401
Mayotte,175,2023,3,1.002
Mayotte,175,2024,3,1.899
Mayotte,175,2025,3,1.403
Mayotte,175,2020,4,1.685
Mayotte,175,2021,4,0.928
Mayotte,175,2022,4,0.952
Mayotte,175,2023,4,1.057
Mayotte,175,2024,4,2.204
Mayotte,175,2025,4,1.796
Mayotte,175,2020,5,1.589
Mayotte,175,2021,5,0.744
Mayotte,175,2022,5,1.035
Mayotte,175,2023,5,1.119
Mayotte,175,2024,5,1.949
Mayotte,175,2025,5,2.049
Mayotte,175,2020,6,1.37
Mayotte,175,2021,6,0.54
Mayotte,175,2022,6,0.844
Mayotte,175,2023,6,1.249
Mayotte,175,2024,6,1.769
Mayotte,175,2025,6,1.265
Mayotte,175,2020,7,1.119
Mayotte,175,2021,7,0.644
Mayotte,175,2022,7,0.377
Mayotte,175,2023,7,1.283
Mayotte,175,2024,7,1.185
Mayotte,175,2025,7,1.213
Mayotte,175,2020,8,0.915
Mayotte,175,2021,8,0.945
Mayotte,175,2022,8,0.628
Mayotte,175,2023,8,1.775
Mayotte,175,2024,8,1.602
Mayotte,175,2025,8,0.711
Mayotte,175,2020,9,1.177
Mayotte,175,2021,9,1.039
Mayotte,175,2022,9,0.369
Mayotte,175,2023,9,1.651
Mayotte,175,2024,9,1.56
Mayotte,175,2025,9,1.103
Mayotte,175,2020,10,1.13
Mayotte,175,2021,10,1.101
Mayotte,175,2022,10,0.261
Mayotte,175,2023,10,2.291
Mayotte,175,2024,10,1.866
Mayotte,175,2025,10,1.409
Mayotte,175,2020,11,0.906
Mayotte,175,2021,11,1.133
Mayotte,175,2022,11,0.486
Mayotte,175,2023,11,2.223
Mayotte,175,2024,11,2.038
Mayotte,175,2025,11,1.286
Mayotte,175,2020,12,0.667
Mayotte,175,2021,12,1.026
Mayotte,175,2022,12,0.7
Mayotte,175,2023,12,1.233
Mayotte,175,2024,12,1.09
Mayotte,175,2025,12,1.207
Mexico,484,2020,1,1.645
Mexico,484,2021,1,1.0
Mexico,484,2022,1,1.14
Mexico,484,2023,1,1.795
Mexico,484,2024,1,1.246
Mexico,484,2025,1,0.47
Mexico,484,2020,2,1.372
Mexico,484,2021,2,1.268
Mexico,484,2022,2,0.414
Mexico,484,2023,2,1.346
Mexico,484,2024,2,1.776
Mexico,484,2025,2,2.802
Mexico,484,2020,3,2.38
Mexico,484,2021,3,1.343
Mexico,484,2022,3,0.761
Mexico,484,2023,3,1.634
Mexico,484,2024,3,1.596
Mexico,484,2025,3,2.009
Mexico,484,2020,4,2.004
Mexico,484,2021,4,1.419
Mexico,484,2022,4,1.839
Mexico,484,2023,4,1.237
Mexico,484,2024,4,1.831
Mexico,484,2025,4,1.063
Mexico,484,2020,5,1.481
Mexico,484,2021,5,1.164
Mexico,484,2022,5,1.983
Mexico,484,2023,5,0.743
Mexico,484,2024,5,3.329
Mexico,484,2025,5,1.761
Mexico,484,2020,6,0.99
Mexico,484,2021,6,0.925
Mexico,484,2022,6,1.101
Mexico,484,2023,6,2.25
Mexico,484,2024,6,2.111
Mexico,484,2025,6,1.115
Mexico,484,2020,7,1.615
Mexico,484,2021,7,0.422
Mexico,484,2022,7,1.462
Mexico,484,2023,7,2.314
Mexico,484,2024,7,1.145
Mexico,484,2025,7,0.766
Mexico,484,2020,8,1.772
Mexico,484,2021,8,0.724
Mexico,484,2022,8,0.887
Mexico,484,2023,8,2.201
Mexico,484,2024,8,1.862
Mexico,484,2025,8,1.615
Mexico,484,2020,9,1.101
Mexico,484,2021,9,0.986
Mexico,484,2022,9,0.433
Mexico,484,2023,9,2.787
Mexico,484,2024,9,1.384
Mexico,484,2025,9,1.333
Mexico,484,2020,10,1.653
Mexico,484,2021,10,1.581
Mexico,484,2022,10,0.513
Mexico,484,2023,10,1.683
Mexico,484,2024,10,1.879
Mexico,484,2025,10,1.91
Mexico,484,2020,11,2.186
Mexico,484,2021,11,1.448
Mexico,484,2022,11,0.545
Mexico,484,2023,11,1.477
Mexico,484,2024,11,2.019
Mexico,484,2025,11,2.308
Mexico,484,2020,12,0.374
Mexico,484,2021,12,2.832
Mexico,484,2022,12,1.265
Mexico,484,2023,12,1.316
Mexico,484,2024,12,2.329
Mexico,484,2025,12,3.15
Micronesia (Federated States of),583,2020,1,1.213
Micronesia (Federated States of),583,2021,1,1.215
Micronesia (Federated States of),583,2022,1,1.391
Micronesia (Federated States of),583,2023,1,1.173
Micronesia (Federated States of),583,2024,1,1.454
Micronesia (Federated States of),583,2025,1,1.704
Micronesia (Federated States of),583,2020,2,1.572
Micronesia (Federated States of),583,2021,2,1.412
Micronesia (Federated States of),583,2022,2,1.512
Micronesia (Federated States of),583,2023,2,1.225
Micronesia (Federated States of),583,2024,2,1.431
Micronesia (Federated States of),583,2025,2,1.48
Micronesia (Federated States of),583,2020,3,1.715
Micronesia (Federated States of),583,2021,3,0.741
Micronesia (Federated States of),583,2022,3,0.796
Micronesia (Federated States of),583,2023,3,1.262
Micronesia (Federated States of),583,2024,3,1.52
Micronesia (Federated States of),583,2025,3,1.405
Micronesia (Federated States of),583,2020,4,1.625
Micronesia (Federated States of),583,2021,4,1.183
Micronesia (Federated States of),583,2022,4,0.636
Micronesia (Federated States of),583,2023,4,1.033
Micronesia (Federated States of),583,2024,4,1.462
Micronesia (Federated States of),583,2025,4,1.488
Micronesia (Federated States of),583,2020,5,1.437
Micronesia (Federated States of),583,2021,5,0.964
Micronesia (Federated States of),583,2022,5,1.019
Micronesia (Federated States of),583,2023,5,1.211
Micronesia (Federated States of),583,2024,5,1.557
Micronesia (Federated States of),583,2025,5,1.461
Micronesia (Federated States of),583,2020,6,1.387
Micronesia (Federated States of),583,2021,6,1.125
Micronesia (Federated States of),583,2022,6,0.921
Micronesia (Federated States of),583,2023,6,1.062
Micronesia (Federated States of),583,2024,6,1.369
Micronesia (Federated States of),583,2025,6,1.404
Micronesia (Federated States of),583,2020,7,1.645
Micronesia (Federated States of),583,2021,7,1.275
Micronesia (Federated States of),583,2022,7,1.098
Micronesia (Federated States of),583,2023,7,1.438
Micronesia (Federated States of),583,2024,7,1.448
Micronesia (Federated States of),583,2025,7,1.234
Micronesia (Federated States of),583,2020,8,1.676
Micronesia (Federated States of),583,2021,8,1.407
Micronesia (Federated States of),583,2022,8,1.45
Micronesia (Federated States of),583,2023,8,1.327
Micronesia (Federated States of),583,2024,8,1.859
Micronesia (Federated States of),583,2025,8,1.2
Micronesia (Federated States of),583,2020,9,1.483
Micronesia (Federated States of),583,2021,9,1.18
Micronesia (Federated States of),583,2022,9,1.345
Micronesia (Federated States of),583,2023,9,1.715
Micronesia (Federated States of),583,2024,9,1.48
Micronesia (Federated States of),583,2025,9,1.075
Micronesia (Federated States of),583,2020,10,1.374
Micronesia (Federated States of),583,2021,10,1.385
Micronesia (Federated States of),583,2022,10,1.203
Micronesia (Federated States of),583,2023,10,1.42
Micronesia (Federated States of),583,2024,10,1.705
Micronesia (Federated States of),583,2025,10,1.058
Micronesia (Federated States of),583,2020,11,1.204
Micronesia (Federated States of),583,2021,11,1.363
Micronesia (Federated States of),583,2022,11,1.363
Micronesia (Federated States of),583,2023,11,1.186
Micronesia (Federated States of),583,2024,11,1.648
Micronesia (Federated States of),583,2025,11,1.096
Micronesia (Federated States of),583,2020,12,0.921
Micronesia (Federated States of),583,2021,12,1.066
Micronesia (Federated States of),583,2022,12,1.246
Micronesia (Federated States of),583,2023,12,1.449
Micronesia (Federated States of),583,2024,12,1.303
Micronesia (Federated States of),583,2025,12,1.162
Monaco,492,2020,1,2.885
Monaco,492,2021,1,0.515
Monaco,492,2022,1,1.798
Monaco,492,2023,1,1.942
Monaco,492,2024,1,2.748
Monaco,492,2025,1,2.662
Monaco,492,2020,2,3.529
Monaco,492,2021,2,2.585
Monaco,492,2022,2,2.549
Monaco,492,2023,2,1.429
Monaco,492,2024,2,3.427
Monaco,492,2025,2,2.573
Monaco,492,2020,3,1.426
Monaco,492,2021,3,1.677
Monaco,492,2022,3,1.27
Monaco,492,2023,3,2.499
Monaco,492,2024,3,2.388
Monaco,492,2025,3,2.265
Monaco,492,2020,4,2.159
Monaco,492,2021,4,0.131
Monaco,492,2022,4,1.134
Monaco,492,2023,4,1.438
Monaco,492,2024,4,1.941
Monaco,492,2025,4,2.544
Monaco,492,2020,5,2.59
Monaco,492,2021,5,0.182
Monaco,492,2022,5,3.614
Monaco,492,2023,5,1.972
Monaco,492,2024,5,1.48
Monaco,492,2025,5,1.873
Monaco,492,2020,6,1.131
Monaco,492,2021,6,3.179
Monaco,492,2022,6,4.735
Monaco,492,2023,6,3.292
Monaco,492,2024,6,1.626
Monaco,492,2025,6,4.879
Monaco,492,2020,7,2.16
Monaco,492,2021,7,1.857
Monaco,492,2022,7,4.451
Monaco,492,2023,7,3.48
Monaco,492,2024,7,3.206
Monaco,492,2025,7,2.446
Monaco,492,2020,8,3.083
Monaco,492,2021,8,2.051
Monaco,492,2022,8,3.92
Monaco,492,2023,8,2.724
Monaco,492,2024,8,4.846
Monaco,492,2025,8,3.304
Monaco,492,2020,9,2.283
Monaco,492,2021,9,2.563
Monaco,492,2022,9,2.263
Monaco,492,2023,9,3.014
Monaco,492,2024,9,1.1
Monaco,492,2025,9,1.411
Monaco,492,2020,10,-0.135
Monaco,492,2021,10,1.384
Monaco,492,2022,10,3.714
Monaco,492,2023,10,3.799
Monaco,492,2024,10,2.666
Monaco,492,2025,10,1.753
Monaco,492,2020,11,2.705
Monaco,492,2021,11,1.575
Monaco,492,2022,11,2.949
Monaco,492,2023,11,1.656
Monaco,492,2024,11,2.747
Monaco,492,2025,11,1.49
Monaco,492,2020,12,0.85
Monaco,492,2021,12,1.119
Monaco,492,2022,12,2.083
Monaco,492,2023,12,2.134
Monaco,492,2024,12,1.725
Monaco,492,2025,12,3.204
Mongolia,496,2020,1,3.262
Mongolia,496,2021,1,1.646
Mongolia,496,2022,1,3.741
Mongolia,496,2023,1,2.388
Mongolia,496,2024,1,2.579
Mongolia,496,2025,1,4.349
Mongolia,496,2020,2,5.141
Mongolia,496,2021,2,6.911
Mongolia,496,2022,2,0.42
Mongolia,496,2023,2,5.016
Mongolia,496,2024,2,0.081
Mongolia,496,2025,2,2.917
Mongolia,496,2020,3,3.837
Mongolia,496,2021,3,5.884
Mongolia,496,2022,3,3.698
Mongolia,496,2023,3,5.532
Mongolia,496,2024,3,3.126
Mongolia,496,2025,3,4.087
Mongolia,496,2020,4,4.179
Mongolia,496,2021,4,2.028
Mongolia,496,2022,4,2.64
Mongolia,496,2023,4,-0.041
Mongolia,496,2024,4,3.784
Mongolia,496,2025,4,4.518
Mongolia,496,2020,5,2.249
Mongolia,496,2021,5,0.434
Mongolia,496,2022,5,2.377
Mongolia,496,2023,5,-0.344
Mongolia,496,2024,5,4.332
Mongolia,496,2025,5,1.317
Mongolia,496,2020,6,1.016
Mongolia,496,2021,6,0.207
Mongolia,496,2022,6,2.017
Mongolia,496,2023,6,2.015
Mongolia,496,2024,6,1.925
Mongolia,496,2025,6,2.148
Mongolia,496,2020,7,1.789
Mongolia,496,2021,7,2.071
Mongolia,496,2022,7,1.084
Mongolia,496,2023,7,1.925
Mongolia,496,2024,7,3.26
Mongolia,496,2025,7,2.578
Mongolia,496,2020,8,0.776
Mongolia,496,2021,8,0.312
Mongolia,496,2022,8,0.628
Mongolia,496,2023,8,2.418
Mongolia,496,2024,8,2.957
Mongolia,496,2025,8,1.461
Mongolia,496,2020,9,1.643
Mongolia,496,2021,9,2.237
Mongolia,496,2022,9,3.512
Mongolia,496,2023,9,2.67
Mongolia,496,2024,9,1.087
Mongolia,496,2025,9,1.871
Mongolia,496,2020,10,-0.095
Mongolia,496,2021,10,1.259
Mongolia,496,2022,10,0.377
Mongolia,496,2023,10,4.745
Mongolia,496,2024,10,2.524
Mongolia,496,2025,10,-1.582
Mongolia,496,2020,11,2.639
Mongolia,496,2021,11,2.924
Mongolia,496,2022,11,1.893
Mongolia,496,2023,11,0.855
Mongolia,496,2024,11,4.984
Mongolia,496,2025,11,2.587
Mongolia,496,2020,12,-1.646
Mongolia,496,2021,12,4.329
Mongolia,496,2022,12,-0.83
Mongolia,496,2023,12,0.413
Mongolia,496,2024,12,2.221
Mongolia,496,2025,12,2.347
Montenegro,499,2020,1,1.679
Montenegro,499,2021,1,1.801
Montenegro,499,2022,1,0.759
Montenegro,499,2023,1,3.46
Montenegro,499,2024,1,2.935
Montenegro,499,2025,1,3.689
Montenegro,499,2020,2,2.963
Montenegro,499,2021,2,2.989
Montenegro,499,2022,2,2.109
Montenegro,499,2023,2,0.927
Montenegro,499,2024,2,5.448
Montenegro,499,2025,2,1.27
Montenegro,499,2020,3,1.858
Montenegro,499,2021,3,-0.053
Montenegro,499,2022,3,-0.819
Montenegro,499,2023,3,2.192
Montenegro,499,2024,3,3.813
Montenegro,499,2025,3,3.389
Montenegro,499,2020,4,1.464
Montenegro,499,2021,4,-1.121
Montenegro,499,2022,4,0.293
Montenegro,499,2023,4,-0.354
Montenegro,499,2024,4,3.338
Montenegro,499,2025,4,2.067
Montenegro,499,2020,5,0.856
Montenegro,499,2021,5,0.988
Montenegro,499,2022,5,3.155
Montenegro,499,2023,5,1.205
Montenegro,499,2024,5,2.112
Montenegro,499,2025,5,0.351
Montenegro,499,2020,6,0.199
Montenegro,499,2021,6,2.388
Montenegro,499,2022,6,4.466
Montenegro,499,2023,6,1.735
Montenegro,499,2024,6,3.898
Montenegro,499,2025,6,3.99
Montenegro,499,2020,7,1.702
Montenegro,499,2021,7,3.464
Montenegro,499,2022,7,3.199
Montenegro,499,2023,7,3.514
Montenegro,499,2024,7,4.574
Montenegro,499,2025,7,3.094
Montenegro,499,2020,8,2.408
Montenegro,499,2021,8,2.699
Montenegro,499,2022,8,2.619
Montenegro,499,2023,8,2.44
Montenegro,499,2024,8,4.816
Montenegro,499,2025,8,2.362
Montenegro,499,2020,9,2.855
Montenegro,499,2021,9,1.422
Montenegro,499,2022,9,0.38
Montenegro,499,2023,9,3.562
Montenegro,499,2024,9,1.534
Montenegro,499,2025,9,2.555
Montenegro,499,2020,10,1.105
Montenegro,499,2021,10,-0.382
Montenegro,499,2022,10,2.671
Montenegro,499,2023,10,4.324
Montenegro,499,2024,10,3.147
Montenegro,499,2025,10,-0.556
Montenegro,499,2020,11,1.123
Montenegro,499,2021,11,2.142
Montenegro,499,2022,11,2.14
Montenegro,499,2023,11,1.303
Montenegro,499,2024,11,0.018
Montenegro,499,2025,11,1.185
Montenegro,499,2020,12,2.922
Montenegro,499,2021,12,0.749
Montenegro,499,2022,12,3.91
Montenegro,499,2023,12,2.986
Montenegro,499,2024,12,1.286
Montenegro,499,2025,12,1.736
Montserrat,500,2020,1,1.222
Montserrat,500,2021,1,0.948
Montserrat,500,2022,1,1.037
Montserrat,500,2023,1,0.747
Montserrat,500,2024,1,1.646
Montserrat,500,2025,1,1.612
Montserrat,500,2020,2,1.288
Montserrat,500,2021,2,1.234
Montserrat,500,2022,2,0.768
Montserrat,500,2023,2,0.44
Montserrat,500,2024,2,1.417
Montserrat,500,2025,2,1.519
Montserrat,500,2020,3,0.406
Montserrat,500,2021,3,0.853
Montserrat,500,2022,3,0.932
Montserrat,500,2023,3,0.633
Montserrat,500,2024,3,1.564
Montserrat,500,2025,3,1.486
Montserrat,500,2020,4,1.361
Montserrat,500,2021,4,0.731
Montserrat,500,2022,4,0.539
Montserrat,500,2023,4,0.647
Montserrat,500,2024,4,1.551
Montserrat,500,2025,4,0.819
Montserrat,500,2020,5,1.58
Montserrat,500,2021,5,0.817
Montserrat,500,2022,5,0.686
Montserrat,500,2023,5,1.075
Montserrat,500,2024,5,1.831
Montserrat,500,2025,5,1.034
Montserrat,500,2020,6,1.273
Montserrat,500,2021,6,0.407
Montserrat,500,2022,6,0.734
Montserrat,500,2023,6,1.309
Montserrat,500,2024,6,1.671
Montserrat,500,2025,6,0.632
Montserrat,500,2020,7,0.977
Montserrat,500,2021,7,0.775
Montserrat,500,2022,7,0.477
Montserrat,500,2023,7,1.474
Montserrat,500,2024,7,1.335
Montserrat,500,2025,7,0.785
Montserrat,500,2020,8,1.343
Montserrat,500,2021,8,1.01
Montserrat,500,2022,8,0.751
Montserrat,500,2023,8,1.6
Montserrat,500,2024,8,1.391
Montserrat,500,2025,8,1.456
Montserrat,500,2020,9,1.121
Montserrat,500,2021,9,0.997
Montserrat,500,2022,9,0.596
Montserrat,500,2023,9,1.982
Montserrat,500,2025,9,1.29
Montserrat,500,2020,10,0.619
Montserrat,500,2021,10,0.96
Montserrat,500,2022,10,0.699
Montserrat,500,2023,10,1.355
Montserrat,500,2024,10,1.879
Montserrat,500,2025,10,1.269
Montserrat,500,2020,11,0.575
Montserrat,500,2021,11,0.769
Montserrat,500,2022,11,0.603
Montserrat,500,2023,11,1.544
Montserrat,500,2024,11,1.495
Montserrat,500,2025,11,0.781
Montserrat,500,2020,12,0.782
Montserrat,500,2021,12,1.28
Montserrat,500,2022,12,0.547
Montserrat,500,2023,12,1.005
Montserrat,500,2024,12,1.641
Montserrat,500,2025,12,0.841
Morocco,504,2020,1,-0.247
Morocco,504,2021,1,1.113
Morocco,504,2022,1,1.035
Morocco,504,2023,1,0.438
Morocco,504,2024,1,3.264
Morocco,504,2025,1,1.448
Morocco,504,2020,2,2.941
Morocco,504,2021,2,1.403
Morocco,504,2022,2,2.064
Morocco,504,2023,2,-0.414
Morocco,504,2024,2,2.858
Morocco,504,2025,2,0.812
Morocco,504,2020,3,1.475
Morocco,504,2021,3,0.67
Morocco,504,2022,3,0.211
Morocco,504,2023,3,3.927
Morocco,504,2024,3,2.253
Morocco,504,2025,3,0.901
Morocco,504,2020,4,2.11
Morocco,504,2021,4,2.825
Morocco,504,2022,4,1.166
Morocco,504,2023,4,4.733
Morocco,504,2024,4,3.487
Morocco,504,2025,4,2.739
Morocco,504,2020,5,3.051
Morocco,504,2021,5,2.895
Morocco,504,2022,5,3.527
Morocco,504,2023,5,1.439
Morocco,504,2024,5,2.725
Morocco,504,2025,5,1.938
Morocco,504,2020,6,2.267
Morocco,504,2021,6,2.189
Morocco,504,2022,6,3.35
Morocco,504,2023,6,2.758
Morocco,504,2024,6,2.083
Morocco,504,2025,6,4.436
Morocco,504,2020,7,2.936
Morocco,504,2021,7,2.684
Morocco,504,2022,7,2.782
Morocco,504,2023,7,3.336
Morocco,504,2024,7,2.916
Morocco,504,2025,7,2.127
Morocco,504,2020,8,2.212
Morocco,504,2021,8,1.232
Morocco,504,2022,8,2.211
Morocco,504,2023,8,2.906
Morocco,504,2024,8,2.545
Morocco,504,2025,8,2.103
Morocco,504,2020,9,2.469
Morocco,504,2021,9,2.161
Morocco,504,2022,9,1.563
Morocco,504,2023,9,1.12
Morocco,504,2024,9,1.184
Morocco,504,2025,9,1.31
Morocco,504,2020,10,1.343
Morocco,504,2021,10,2.106
Morocco,504,2022,10,3.427
Morocco,504,2023,10,3.117
Morocco,504,2024,10,2.005
Morocco,504,2025,10,3.302
Morocco,504,2020,11,2.197
Morocco,504,2021,11,-0.065
Morocco,504,2022,11,3.297
Morocco,504,2023,11,2.88
Morocco,504,2024,11,4.066
Morocco,504,2025,11,2.412
Morocco,504,2020,12,2.035
Morocco,504,2021,12,2.324
Morocco,504,2022,12,4.045
Morocco,504,2023,12,2.338
Morocco,504,2024,12,2.141
Morocco,504,2025,12,0.446
Mozambique,508,2020,1,0.821
Mozambique,508,2021,1,1.36
Mozambique,508,2022,1,0.517
Mozambique,508,2023,1,0.533
Mozambique,508,2024,1,0.498
Mozambique,508,2025,1,1.549
Mozambique,508,2020,2,0.883
Mozambique,508,2021,2,1.11
Mozambique,508,2022,2,0.617
Mozambique,508,2023,2,0.657
Mozambique,508,2024,2,1.348
Mozambique,508,2025,2,1.222
Mozambique,508,2020,3,0.754
Mozambique,508,2021,3,0.687
Mozambique,508,2022,3,0.552
Mozambique,508,2023,3,0.065
Mozambique,508,2024,3,1.39
Mozambique,508,2025,3,0.802
Mozambique,508,2020,4,1.175
Mozambique,508,2021,4,0.105
Mozambique,508,2022,4,0.814
Mozambique,508,2023,4,0.512
Mozambique,508,2024,4,0.92
Mozambique,508,2025,4,1.112
Mozambique,508,2020,5,0.94
Mozambique,508,2021,5,0.059
Mozambique,508,2022,5,0.578
Mozambique,508,2023,5,1.347
Mozambique,508,2024,5,1.173
Mozambique,508,2025,5,0.819
Mozambique,508,2020,6,0.997
Mozambique,508,2021,6,0.731
Mozambique,508,2022,6,0.051
Mozambique,508,2023,6,2.37
Mozambique,508,2024,6,1.73
Mozambique,508,2025,6,1.508
Mozambique,508,2020,7,0.569
Mozambique,508,2021,7,0.545
Mozambique,508,2022,7,1.069
Mozambique,508,2023,7,1.019
Mozambique,508,2024,7,2.393
Mozambique,508,2025,7,1.084
Mozambique,508,2020,8,0.919
Mozambique,508,2021,8,0.808
Mozambique,508,2022,8,0.98
Mozambique,508,2023,8,0.933
Mozambique,508,2024,8,1.761
Mozambique,508,2025,8,1.356
Mozambique,508,2020,9,0.574
Mozambique,508,2021,9,0.673
Mozambique,508,2022,9,0.858
Mozambique,508,2023,9,2.078
Mozambique,508,2024,9,1.512
Mozambique,508,2025,9,2.149
Mozambique,508,2020,10,0.373
Mozambique,508,2021,10,0.122
Mozambique,508,2022,10,0.962
Mozambique,508,2023,10,1.479
Mozambique,508,2024,10,0.425
Mozambique,508,2025,10,0.331
Mozambique,508,2020,11,1.525
Mozambique,508,2021,11,1.598
Mozambique,508,2022,11,1.257
Mozambique,508,2023,11,1.208
Mozambique,508,2024,11,1.207
Mozambique,508,2025,11,0.496
Mozambique,508,2020,12,0.886
Mozambique,508,2021,12,1.914
Mozambique,508,2022,12,0.621
Mozambique,508,2023,12,1.574
Mozambique,508,2024,12,2.316
Mozambique,508,2025,12,0.076
Myanmar,104,2020,1,2.058
Myanmar,104,2021,1,2.095
Myanmar,104,2022,1,1.828
Myanmar,104,2023,1,1.617
Myanmar,104,2024,1,1.765
Myanmar,104,2025,1,1.65
Myanmar,104,2020,2,1.406
Myanmar,104,2021,2,1.808
Myanmar,104,2022,2,0.373
Myanmar,104,2023,2,2.043
Myanmar,104,2024,2,1.91
Myanmar,104,2025,2,1.743
Myanmar,104,2020,3,2.073
Myanmar,104,2021,3,2.35
Myanmar,104,2022,3,2.501
Myanmar,104,2023,3,1.469
Myanmar,104,2024,3,1.89
Myanmar,104,2025,3,1.85
Myanmar,104,2020,4,1.465
Myanmar,104,2021,4,1.034
Myanmar,104,2022,4,0.779
Myanmar,104,2023,4,1.972
Myanmar,104,2024,4,2.816
Myanmar,104,2025,4,1.036
Myanmar,104,2020,5,1.14
Myanmar,104,2021,5,1.472
Myanmar,104,2022,5,0.101
Myanmar,104,2023,5,1.666
Myanmar,104,2024,5,2.66
Myanmar,104,2025,5,0.302
Myanmar,104,2020,6,1.626
Myanmar,104,2021,6,1.468
Myanmar,104,2022,6,1.054
Myanmar,104,2023,6,1.726
Myanmar,104,2024,6,1.968
Myanmar,104,2025,6,1.334
Myanmar,104,2020,7,1.744
Myanmar,104,2021,7,1.374
Myanmar,104,2022,7,1.94
Myanmar,104,2023,7,1.965
Myanmar,104,2024,7,1.71
Myanmar,104,2025,7,1.339
Myanmar,104,2020,8,1.401
Myanmar,104,2021,8,1.277
Myanmar,104,2022,8,1.81
Myanmar,104,2023,8,1.513
Myanmar,104,2024,8,1.639
Myanmar,104,2025,8,1.261
Myanmar,104,2020,9,1.779
Myanmar,104,2021,9,1.204
Myanmar,104,2022,9,1.386
Myanmar,104,2023,9,1.669
Myanmar,104,2024,9,1.647
Myanmar,104,2025,9,1.379
Myanmar,104,2020,10,1.558
Myanmar,104,2021,10,1.887
Myanmar,104,2022,10,1.258
Myanmar,104,2023,10,1.379
Myanmar,104,2024,10,1.623
Myanmar,104,2025,10,1.72
Myanmar,104,2020,11,1.748
Myanmar,104,2021,11,2.006
Myanmar,104,2022,11,1.798
Myanmar,104,2023,11,2.086
Myanmar,104,2024,11,1.566
Myanmar,104,2025,11,1.358
Myanmar,104,2020,12,1.658
Myanmar,104,2021,12,1.732
Myanmar,104,2022,12,2.395
Myanmar,104,2023,12,2.993
Myanmar,104,2024,12,2.215
Myanmar,104,2025,12,1.885
Namibia,516,2020,1,0.878
Namibia,516,2021,1,-1.177
Namibia,516,2022,1,-0.084
Namibia,516,2023,1,-0.374
Namibia,516,2024,1,1.255
Namibia,516,2025,1,-0.436
Namibia,516,2020,2,0.708
Namibia,516,2021,2,-0.734
Namibia,516,2022,2,-0.418
Namibia,516,2023,2,-0.119
Namibia,516,2024,2,2.576
Namibia,516,2025,2,0.809
Namibia,516,2020,3,0.176
Namibia,516,2021,3,-0.517
Namibia,516,2022,3,-0.964
Namibia,516,2023,3,0.833
Namibia,516,2024,3,2.945
Namibia,516,2025,3,0.367
Namibia,516,2020,4,0.058
Namibia,516,2021,4,0.756
Namibia,516,2022,4,0.243
Namibia,516,2023,4,1.266
Namibia,516,2024,4,1.588
Namibia,516,2025,4,0.356
Namibia,516,2020,5,1.236
Namibia,516,2021,5,0.232
Namibia,516,2022,5,-0.214
Namibia,516,2023,5,1.541
Namibia,516,2024,5,2.885
Namibia,516,2025,5,0.571
Namibia,516,2020,6,0.459
Namibia,516,2021,6,0.565
Namibia,516,2022,6,-0.653
Namibia,516,2023,6,0.912
Namibia,516,2024,6,-0.018
Namibia,516,2025,6,-0.812
Namibia,516,2020,7,0.576
Namibia,516,2021,7,-0.77
Namibia,516,2022,7,1.138
Namibia,516,2023,7,-0.296
Namibia,516,2024,7,0.717
Namibia,516,2025,7,0.967
Namibia,516,2020,8,-0.73
Namibia,516,2021,8,0.024
Namibia,516,2022,8,0.674
Namibia,516,2023,8,1.507
Namibia,516,2024,8,1.556
Namibia,516,2025,8,1.568
Namibia,516,2020,9,0.988
Namibia,516,2021,9,1.287
Namibia,516,2022,9,0.841
Namibia,516,2023,9,0.147
Namibia,516,2024,9,0.697
Namibia,516,2025,9,2.597
Namibia,516,2020,10,2.129
Namibia,516,2021,10,-0.601
Namibia,516,2022,10,1.701
Namibia,516,2023,10,1.942
Namibia,516,2024,10,0.543
Namibia,516,2025,10,1.978
Namibia,516,2020,11,0.627
Namibia,516,2021,11,0.89
Namibia,516,2022,11,0.044
Namibia,516,2023,11,2.296
Namibia,516,2024,11,1.066
Namibia,516,2025,11,2.503
Namibia,516,2020,12,0.223
Namibia,516,2021,12,-1.285
Namibia,516,2022,12,0.013
Namibia,516,2023,12,0.819
Namibia,516,2024,12,1.283
Namibia,516,2025,12,2.081
Nepal,524,2020,1,-0.204
Nepal,524,2021,1,0.528
Nepal,524,2022,1,-0.071
Nepal,524,2023,1,0.33
Nepal,524,2024,1,-0.891
Nepal,524,2025,1,1.501
Nepal,524,2020,2,1.05
Nepal,524,2021,2,1.21
Nepal,524,2022,2,-0.733
Nepal,524,2023,2,2.327
Nepal,524,2024,2,0.399
Nepal,524,2025,2,1.936
Nepal,524,2020,3,-0.285
Nepal,524,2021,3,1.727
Nepal,524,2022,3,2.472
Nepal,524,2023,3,0.85
Nepal,524,2024,3,0.077
Nepal,524,2025,3,1.817
Nepal,524,2020,4,-0.921
Nepal,524,2021,4,0.499
Nepal,524,2022,4,1.901
Nepal,524,2023,4,-0.021
Nepal,524,2024,4,1.453
Nepal,524,2025,4,0.779
Nepal,524,2020,5,-1.07
Nepal,524,2021,5,-1.867
Nepal,524,2022,5,-0.302
Nepal,524,2023,5,-0.854
Nepal,524,2024,5,1.041
Nepal,524,2025,5,0.024
Nepal,524,2020,6,-0.277
Nepal,524,2021,6,-0.306
Nepal,524,2022,6,1.181
Nepal,524,2023,6,2.133
Nepal,524,2024,6,2.729
Nepal,524,2025,6,1.131
Nepal,524,2020,7,0.794
Nepal,524,2021,7,1.16
Nepal,524,2022,7,1.825
Nepal,524,2023,7,1.547
Nepal,524,2024,7,1.751
Nepal,524,2025,7,1.627
Nepal,524,2020,8,1.524
Nepal,524,2021,8,0.815
Nepal,524,2022,8,1.659
Nepal,524,2023,8,1.362
Nepal,524,2024,8,1.36
Nepal,524,2025,8,1.262
Nepal,524,2020,9,1.338
Nepal,524,2021,9,1.224
Nepal,524,2022,9,0.893
Nepal,524,2023,9,1.974
Nepal,524,2024,9,1.705
Nepal,524,2025,9,2.155
Nepal,524,2020,10,1.916
Nepal,524,2021,10,1.866
Nepal,524,2022,10,0.63
Nepal,524,2023,10,1.142
Nepal,524,2024,10,2.225
Nepal,524,2025,10,1.838
Nepal,524,2020,11,0.316
Nepal,524,2021,11,0.452
Nepal,524,2022,11,1.132
Nepal,524,2023,11,1.867
Nepal,524,2024,11,1.98
Nepal,524,2025,11,2.019
Nepal,524,2020,12,0.548
Nepal,524,2021,12,0.985
Nepal,524,2022,12,1.399
Nepal,524,2023,12,1.805
Nepal,524,2024,12,1.062
Nepal,524,2025,12,1.605
Netherlands (Kingdom of the),528,2020,1,4.08
Netherlands (Kingdom of the),528,2021,1,1.339
Netherlands (Kingdom of the),528,2022,1,3.235
Netherlands (Kingdom of the),528,2023,1,3.744
Netherlands (Kingdom of the),528,2024,1,2.058
Netherlands (Kingdom of the),528,2025,1,1.945
Netherlands (Kingdom of the),528,2020,2,4.629
Netherlands (Kingdom of the),528,2021,2,1.865
Netherlands (Kingdom of the),528,2022,2,4.19
Netherlands (Kingdom of the),528,2023,2,3.522
Netherlands (Kingdom of the),528,2024,2,5.84
Netherlands (Kingdom of the),528,2025,2,1.755
Netherlands (Kingdom of the),528,2020,3,2.11
Netherlands (Kingdom of the),528,2021,3,1.815
Netherlands (Kingdom of the),528,2022,3,2.571
Netherlands (Kingdom of the),528,2023,3,2.252
Netherlands (Kingdom of the),528,2024,3,4.095
Netherlands (Kingdom of the),528,2025,3,2.912
Netherlands (Kingdom of the),528,2020,4,3.204
Netherlands (Kingdom of the),528,2021,4,-1.064
Netherlands (Kingdom of the),528,2022,4,1.215
Netherlands (Kingdom of the),528,2023,4,0.808
Netherlands (Kingdom of the),528,2024,4,2.89
Netherlands (Kingdom of the),528,2025,4,3.288
Netherlands (Kingdom of the),528,2020,5,0.582
Netherlands (Kingdom of the),528,2021,5,-0.766
Netherlands (Kingdom of the),528,2022,5,2.353
Netherlands (Kingdom of the),528,2023,5,1.241
Netherlands (Kingdom of the),528,2024,5,3.592
Netherlands (Kingdom of the),528,2025,5,1.641
Netherlands (Kingdom of the),528,2020,6,2.16
Netherlands (Kingdom of the),528,2021,6,3.174
Netherlands (Kingdom of the),528,2022,6,2.147
Netherlands (Kingdom of the),528,2023,6,3.629
Netherlands (Kingdom of the),528,2024,6,0.896
Netherlands (Kingdom of the),528,2025,6,2.874
Netherlands (Kingdom of the),528,2020,7,0.554
Netherlands (Kingdom of the),528,2021,7,1.715
Netherlands (Kingdom of the),528,2022,7,2.192
Netherlands (Kingdom of the),528,2023,7,1.761
Netherlands (Kingdom of the),528,2024,7,1.761
Netherlands (Kingdom of the),528,2025,7,2.347
Netherlands (Kingdom of the),528,2020,8,3.929
Netherlands (Kingdom of the),528,2021,8,0.461
Netherlands (Kingdom of the),528,2022,8,3.841
Netherlands (Kingdom of the),528,2023,8,1.471
Netherlands (Kingdom of the),528,2024,8,3.043
Netherlands (Kingdom of the),528,2025,8,1.924
Netherlands (Kingdom of the),528,2020,9,1.459
Netherlands (Kingdom of the),528,2021,9,2.079
Netherlands (Kingdom of the),528,2022,9,0.864
Netherlands (Kingdom of the),528,2023,9,4.048
Netherlands (Kingdom of the),528,2024,9,1.975
Netherlands (Kingdom of the),528,2025,9,1.457
Netherlands (Kingdom of the),528,2020,10,1.208
Netherlands (Kingdom of the),528,2021,10,1.376
Netherlands (Kingdom of the),528,2022,10,3.425
Netherlands (Kingdom of the),528,2023,10,2.956
Netherlands (Kingdom of the),528,2024,10,1.947
Netherlands (Kingdom of the),528,2025,10,1.427
Netherlands (Kingdom of the),528,2020,11,2.791
Netherlands (Kingdom of the),528,2021,11,1.243
Netherlands (Kingdom of the),528,2022,11,2.943
Netherlands (Kingdom of the),528,2023,11,1.732
Netherlands (Kingdom of the),528,2024,11,1.341
Netherlands (Kingdom of the),528,2025,11,1.891
Netherlands (Kingdom of the),528,2020,12,2.365
Netherlands (Kingdom of the),528,2021,12,1.969
Netherlands (Kingdom of the),528,2022,12,0.779
Netherlands (Kingdom of the),528,2023,12,3.219
Netherlands (Kingdom of the),528,2024,12,2.486
Netherlands (Kingdom of the),528,2025,12,2.758
New Caledonia,540,2020,1,0.976
New Caledonia,540,2021,1,0.998
New Caledonia,540,2022,1,0.56
New Caledonia,540,2023,1,0.55
New Caledonia,540,2024,1,2.101
New Caledonia,540,2025,1,1.159
New Caledonia,540,2020,2,1.869
New Caledonia,540,2021,2,0.533
New Caledonia,540,2022,2,1.145
New Caledonia,540,2023,2,0.442
New Caledonia,540,2024,2,1.148
New Caledonia,540,2025,2,0.297
New Caledonia,540,2020,3,1.263
New Caledonia,540,2021,3,0.537
New Caledonia,540,2022,3,1.317
New Caledonia,540,2023,3,0.885
New Caledonia,540,2024,3,0.736
New Caledonia,540,2025,3,0.987
New Caledonia,540,2020,4,1.315
New Caledonia,540,2021,4,1.134
New Caledonia,540,2022,4,1.245
New Caledonia,540,2023,4,1.564
New Caledonia,540,2024,4,1.408
New Caledonia,540,2025,4,2.025
New Caledonia,540,2020,5,0.381
New Caledonia,540,2021,5,0.864
New Caledonia,540,2022,5,1.865
New Caledonia,540,2023,5,1.135
New Caledonia,540,2024,5,0.056
New Caledonia,540,2025,5,1.999
New Caledonia,540,2020,6,0.97
New Caledonia,540,2021,6,0.784
New Caledonia,540,2022,6,1.667
New Caledonia,540,2023,6,-0.077
New Caledonia,540,2024,6,1.316
New Caledonia,540,2025,6,1.965
New Caledonia,540,2020,7,1.205
New Caledonia,540,2021,7,1.393
New Caledonia,540,2022,7,2.892
New Caledonia,540,2023,7,0.476
New Caledonia,540,2024,7,1.205
New Caledonia,540,2025,7,1.925
New Caledonia,540,2020,8,1.234
New Caledonia,540,2021,8,1.009
New Caledonia,540,2022,8,1.778
New Caledonia,540,2023,8,-0.199
New Caledonia,540,2024,8,1.52
New Caledonia,540,2025,8,1.576
New Caledonia,540,2020,9,1.009
New Caledonia,540,2021,9,0.581
New Caledonia,540,2022,9,2.575
New Caledonia,540,2023,9,0.725
New Caledonia,540,2024,9,2.034
New Caledonia,540,2025,9,1.685
New Caledonia,540,2020,10,1.748
New Caledonia,540,2021,10,1.387
New Caledonia,540,2022,10,1.719
New Caledonia,540,2023,10,0.64
New Caledonia,540,2024,10,1.367
New Caledonia,540,2025,10,2.53
New Caledonia,540,2020,11,0.944
New Caledonia,540,2021,11,1.03
New Caledonia,540,2022,11,1.635
New Caledonia,540,2023,11,-0.394
New Caledonia,540,2024,11,1.245
New Caledonia,540,2025,11,2.156
New Caledonia,540,2020,12,1.107
New Caledonia,540,2021,12,1.719
New Caledonia,540,2022,12,1.6
New Caledonia,540,2023,12,1.539
New Caledonia,540,2024,12,1.919
New Caledonia,540,2025,12,1.088
New Zealand,554,2020,1,0.795
New Zealand,554,2021,1,0.809
New Zealand,554,2022,1,1.57
New Zealand,554,2023,1,1.454
New Zealand,554,2024,1,1.948
New Zealand,554,2025,1,-0.228
New Zealand,554,2020,2,1.465
New Zealand,554,2021,2,0.373
New Zealand,554,2022,2,0.928
New Zealand,554,2023,2,1.156
New Zealand,554,2024,2,0.635
New Zealand,554,2025,2,1.263
New Zealand,554,2020,3,-0.507
New Zealand,554,2021,3,0.524
New Zealand,554,2022,3,0.979
New Zealand,554,2023,3,0.097
New Zealand,554,2024,3,-0.728
New Zealand,554,2025,3,0.661
New Zealand,554,2020,4,0.375
New Zealand,554,2021,4,0.914
New Zealand,554,2022,4,0.979
New Zealand,554,2023,4,1.241
New Zealand,554,2024,4,0.508
New Zealand,554,2025,4,1.731
New Zealand,554,2020,5,0.69
New Zealand,554,2021,5,0.737
New Zealand,554,2022,5,1.793
New Zealand,554,2023,5,2.29
New Zealand,554,2024,5,-0.842
New Zealand,554,2025,5,1.511
New Zealand,554,2020,6,1.336
New Zealand,554,2021,6,1.929
New Zealand,554,2022,6,1.325
New Zealand,554,2023,6,1.267
New Zealand,554,2024,6,1.489
New Zealand,554,2025,6,1.184
New Zealand,554,2020,7,0.731
New Zealand,554,2021,7,1.089
New Zealand,554,2022,7,1.548
New Zealand,554,2023,7,1.473
New Zealand,554,2024,7,0.859
New Zealand,554,2025,7,1.36
New Zealand,554,2020,8,1.287
New Zealand,554,2021,8,0.819
New Zealand,554,2022,8,1.482
New Zealand,554,2023,8,-0.224
New Zealand,554,2024,8,1.013
New Zealand,554,2025,8,0.187
New Zealand,554,2020,9,0.608
New Zealand,554,2021,9,0.298
New Zealand,554,2022,9,0.595
New Zealand,554,2023,9,1.45
New Zealand,554,2024,9,0.774
New Zealand,554,2025,9,1.233
New Zealand,554,2020,10,1.296
New Zealand,554,2021,10,1.198
New Zealand,554,2022,10,0.096
New Zealand,554,2023,10,0.587
New Zealand,554,2024,10,0.84
New Zealand,554,2025,10,1.202
New Zealand,554,2020,11,1.094
New Zealand,554,2021,11,1.633
New Zealand,554,2022,11,1.854
New Zealand,554,2023,11,0.495
New Zealand,554,2024,11,1.059
New Zealand,554,2025,11,2.572
New Zealand,554,2020,12,0.458
New Zealand,554,2021,12,2.08
New Zealand,554,2022,12,1.491
New Zealand,554,2023,12,1.641
New Zealand,554,2024,12,2.022
New Zealand,554,2025,12,1.078
Nicaragua,558,2020,1,1.405
Nicaragua,558,2021,1,1.179
Nicaragua,558,2022,1,1.114
Nicaragua,558,2023,1,1.113
Nicaragua,558,2024,1,2.401
Nicaragua,558,2020,2,1.452
Nicaragua,558,2021,2,1.355
Nicaragua,558,2022,2,1.135
Nicaragua,558,2023,2,1.163
Nicaragua,558,2024,2,1.824
Nicaragua,558,2020,3,1.106
Nicaragua,558,2021,3,0.637
Nicaragua,558,2022,3,1.241
Nicaragua,558,2023,3,0.567
Nicaragua,558,2024,3,2.558
Nicaragua,558,2020,4,1.959
Nicaragua,558,2021,4,0.759
Nicaragua,558,2022,4,0.991
Nicaragua,558,2023,4,0.913
Nicaragua,558,2024,4,2.387
Nicaragua,558,2020,5,1.674
Nicaragua,558,2021,5,0.854
Nicaragua,558,2022,5,0.424
Nicaragua,558,2023,5,2.245
Nicaragua,558,2024,5,2.582
Nicaragua,558,2020,6,1.606
Nicaragua,558,2021,6,1.275
Nicaragua,558,2022,6,-0.134
Nicaragua,558,2023,6,1.808
Nicaragua,558,2024,6,1.193
Nicaragua,558,2020,7,1.905
Nicaragua,558,2021,7,1.413
Nicaragua,558,2022,7,0.876
Nicaragua,558,2023,7,1.906
Nicaragua,558,2024,7,1.566
Nicaragua,558,2020,8,1.35
Nicaragua,558,2021,8,1.238
Nicaragua,558,2022,8,0.958
Nicaragua,558,2023,8,2.162
Nicaragua,558,2024,8,1.89
Nicaragua,558,2020,9,1.636
Nicaragua,558,2021,9,1.383
Nicaragua,558,2022,9,1.245
Nicaragua,558,2023,9,3.131
Nicaragua,558,2024,9,1.677
Nicaragua,558,2020,10,1.421
Nicaragua,558,2021,10,1.893
Nicaragua,558,2022,10,1.595
Nicaragua,558,2023,10,2.23
Nicaragua,558,2024,10,1.789
Nicaragua,558,2020,11,0.561
Nicaragua,558,2021,11,1.233
Nicaragua,558,2022,11,1.012
Nicaragua,558,2023,11,1.741
Nicaragua,558,2024,11,0.945
Nicaragua,558,2020,12,0.909
Nicaragua,558,2021,12,1.468
Nicaragua,558,2022,12,1.027
Nicaragua,558,2023,12,1.83
Nicaragua,558,2024,12,1.462
Niger,562,2020,1,-0.301
Niger,562,2021,1,2.512
Niger,562,2022,1,-1.123
Niger,562,2023,1,0.451
Niger,562,2024,1,0.679
Niger,562,2025,1,1.669
Niger,562,2020,2,-0.647
Niger,562,2021,2,-0.844
Niger,562,2022,2,-1.555
Niger,562,2023,2,0.689
Niger,562,2024,2,-0.005
Niger,562,2025,2,1.237
Niger,562,2020,3,1.266
Niger,562,2021,3,1.206
Niger,562,2022,3,0.597
Niger,562,2023,3,2.506
Niger,562,2024,3,2.54
Niger,562,2025,3,2.726
Niger,562,2020,4,2.832
Niger,562,2021,4,0.574
Niger,562,2022,4,2.0
Niger,562,2023,4,1.206
Niger,562,2024,4,3.1
Niger,562,2025,4,0.635
Niger,562,2020,5,1.182
Niger,562,2021,5,0.846
Niger,562,2022,5,1.324
Niger,562,2023,5,1.726
Niger,562,2024,5,2.878
Niger,562,2025,5,1.437
Niger,562,2020,6,1.931
Niger,562,2021,6,1.412
Niger,562,2022,6,0.924
Niger,562,2023,6,1.347
Niger,562,2024,6,2.224
Niger,562,2025,6,1.088
Niger,562,2020,7,0.85
Niger,562,2021,7,1.431
Niger,562,2022,7,1.23
Niger,562,2023,7,2.112
Niger,562,2024,7,1.237
Niger,562,2025,7,0.925
Niger,562,2020,8,0.42
Niger,562,2021,8,1.209
Niger,562,2022,8,0.693
Niger,562,2023,8,1.624
Niger,562,2024,8,0.192
Niger,562,2025,8,0.856
Niger,562,2020,9,0.955
Niger,562,2021,9,1.593
Niger,562,2022,9,1.06
Niger,562,2023,9,2.013
Niger,562,2024,9,0.904
Niger,562,2025,9,0.762
Niger,562,2020,10,0.911
Niger,562,2021,10,2.143
Niger,562,2022,10,0.331
Niger,562,2023,10,1.598
Niger,562,2024,10,0.831
Niger,562,2025,10,1.061
Niger,562,2020,11,0.124
Niger,562,2021,11,3.137
Niger,562,2022,11,-0.447
Niger,562,2023,11,2.491
Niger,562,2024,11,-0.852
Niger,562,2025,11,1.035
Niger,562,2020,12,2.493
Niger,562,2021,12,0.351
Niger,562,2022,12,0.51
Niger,562,2023,12,0.255
Niger,562,2024,12,-0.854
Niger,562,2025,12,2.453
Nigeria,566,2020,1,0.457
Nigeria,566,2021,1,2.812
Nigeria,566,2022,1,0.371
Nigeria,566,2023,1,0.963
Nigeria,566,2024,1,1.194
Nigeria,566,2025,1,1.653
Nigeria,566,2020,2,0.122
Nigeria,566,2021,2,0.189
Nigeria,566,2022,2,0.078
Nigeria,566,2023,2,1.015
Nigeria,566,2024,2,1.182
Nigeria,566,2025,2,1.025
Nigeria,566,2020,3,1.441
Nigeria,566,2021,3,1.416
Nigeria,566,2022,3,1.527
Nigeria,566,2023,3,1.602
Nigeria,566,2024,3,2.798
Nigeria,566,2025,3,1.851
Nigeria,566,2020,4,1.998
Nigeria,566,2021,4,1.23
Nigeria,566,2022,4,1.234
Nigeria,566,2023,4,1.305
Nigeria,566,2024,4,2.749
Nigeria,566,2025,4,1.334
Nigeria,566,2020,5,1.708
Nigeria,566,2021,5,1.495
Nigeria,566,2022,5,1.416
Nigeria,566,2023,5,1.854
Nigeria,566,2024,5,2.827
Nigeria,566,2025,5,1.709
Nigeria,566,2020,6,1.573
Nigeria,566,2021,6,1.719
Nigeria,566,2022,6,0.978
Nigeria,566,2023,6,0.932
Nigeria,566,2024,6,1.596
Nigeria,566,2025,6,1.819
Nigeria,566,2020,7,1.073
Nigeria,566,2021,7,1.358
Nigeria,566,2022,7,1.039
Nigeria,566,2023,7,1.853
Nigeria,566,2024,7,1.072
Nigeria,566,2025,7,1.041
Nigeria,566,2020,8,0.934
Nigeria,566,2021,8,1.097
Nigeria,566,2022,8,0.473
Nigeria,566,2023,8,1.52
Nigeria,566,2024,8,0.966
Nigeria,566,2025,8,0.919
Nigeria,566,2020,9,0.537
Nigeria,566,2021,9,1.327
Nigeria,566,2022,9,0.337
Nigeria,566,2023,9,1.473
Nigeria,566,2024,9,1.009
Nigeria,566,2025,9,0.708
Nigeria,566,2020,10,0.989
Nigeria,566,2021,10,1.764
Nigeria,566,2022,10,0.638
Nigeria,566,2023,10,1.74
Nigeria,566,2024,10,0.561
Nigeria,566,2025,10,0.508
Nigeria,566,2020,11,1.545
Nigeria,566,2021,11,2.503
Nigeria,566,2022,11,0.921
Nigeria,566,2023,11,2.705
Nigeria,566,2024,11,-0.163
Nigeria,566,2025,11,1.367
Nigeria,566,2020,12,2.535
Nigeria,566,2021,12,1.473
Nigeria,566,2022,12,0.86
Nigeria,566,2023,12,1.211
Nigeria,566,2024,12,-0.105
Nigeria,566,2025,12,2.558
Norfolk Island,574,2020,1,0.59
Norfolk Island,574,2021,1,0.94
Norfolk Island,574,2022,1,1.34
Norfolk Island,574,2023,1,0.24
Norfolk Island,574,2024,1,1.84
Norfolk Island,574,2025,1,0.69
Norfolk Island,574,2020,2,2.099
Norfolk Island,574,2021,2,0.549
Norfolk Island,574,2022,2,2.149
Norfolk Island,574,2023,2,0.399
Norfolk Island,574,2024,2,1.799
Norfolk Island,574,2025,2,1.249
Norfolk Island,574,2020,3,0.343
Norfolk Island,574,2021,3,-0.007
Norfolk Island,574,2022,3,1.643
Norfolk Island,574,2023,3,0.493
Norfolk Island,574,2024,3,0.993
Norfolk Island,574,2025,3,0.843
Norfolk Island,574,2020,4,0.491
Norfolk Island,574,2021,4,0.491
Norfolk Island,574,2022,4,1.491
Norfolk Island,574,2023,4,1.091
Norfolk Island,574,2024,4,1.191
Norfolk Island,574,2025,4,1.791
Norfolk Island,574,2020,5,0.591
Norfolk Island,574,2021,5,0.791
Norfolk Island,574,2022,5,1.741
Norfolk Island,574,2023,5,0.641
Norfolk Island,574,2024,5,0.091
Norfolk Island,574,2025,5,2.091
Norfolk Island,574,2020,6,0.235
Norfolk Island,574,2021,6,0.835
Norfolk Island,574,2022,6,0.885
Norfolk Island,574,2023,6,0.235
Norfolk Island,574,2024,6,1.185
Norfolk Island,574,2025,6,1.235
Norfolk Island,574,2020,7,1.074
Norfolk Island,574,2021,7,0.924
Norfolk Island,574,2022,7,1.274
Norfolk Island,574,2023,7,0.224
Norfolk Island,574,2024,7,0.974
Norfolk Island,574,2025,7,2.124
Norfolk Island,574,2020,8,0.834
Norfolk Island,574,2021,8,0.584
Norfolk Island,574,2022,8,1.034
Norfolk Island,574,2023,8,-0.566
Norfolk Island,574,2024,8,1.434
Norfolk Island,574,2025,8,1.134
Norfolk Island,574,2020,9,0.585
Norfolk Island,574,2021,9,0.885
Norfolk Island,574,2022,9,1.235
Norfolk Island,574,2023,9,0.885
Norfolk Island,574,2024,9,1.885
Norfolk Island,574,2025,9,1.185
Norfolk Island,574,2020,10,1.564
Norfolk Island,574,2021,10,1.364
Norfolk Island,574,2022,10,1.114
Norfolk Island,574,2023,10,0.764
Norfolk Island,574,2024,10,1.414
Norfolk Island,574,2025,10,2.414
Norfolk Island,574,2020,11,0.926
Norfolk Island,574,2021,11,0.926
Norfolk Island,574,2022,11,0.376
Norfolk Island,574,2023,11,-0.574
Norfolk Island,574,2024,11,1.076
Norfolk Island,574,2025,11,2.526
Norfolk Island,574,2020,12,0.874
Norfolk Island,574,2021,12,2.224
Norfolk Island,574,2022,12,0.774
Norfolk Island,574,2023,12,1.924
Norfolk Island,574,2024,12,1.974
Norfolk Island,574,2025,12,1.324
North Macedonia,807,2020,1,1.378
North Macedonia,807,2021,1,3.16
North Macedonia,807,2022,1,1.309
North Macedonia,807,2023,1,4.251
North Macedonia,807,2024,1,2.962
North Macedonia,807,2025,1,3.272
North Macedonia,807,2020,2,2.821
North Macedonia,807,2021,2,2.549
North Macedonia,807,2022,2,2.081
North Macedonia,807,2023,2,1.411
North Macedonia,807,2024,2,5.222
North Macedonia,807,2025,2,0.826
North Macedonia,807,2020,3,1.891
North Macedonia,807,2021,3,0.164
North Macedonia,807,2022,3,-1.211
North Macedonia,807,2023,3,2.614
North Macedonia,807,2024,3,3.599
North Macedonia,807,2025,3,4.019
North Macedonia,807,2020,4,0.446
North Macedonia,807,2021,4,-0.486
North Macedonia,807,2022,4,0.888
North Macedonia,807,2023,4,-0.024
North Macedonia,807,2024,4,3.671
North Macedonia,807,2025,4,1.576
North Macedonia,807,2020,5,1.008
North Macedonia,807,2021,5,1.514
North Macedonia,807,2022,5,2.22
North Macedonia,807,2023,5,0.375
North Macedonia,807,2024,5,1.395
North Macedonia,807,2025,5,0.327
North Macedonia,807,2020,6,0.664
North Macedonia,807,2021,6,1.694
North Macedonia,807,2022,6,3.02
North Macedonia,807,2023,6,1.009
North Macedonia,807,2024,6,4.403
North Macedonia,807,2025,6,3.517
North Macedonia,807,2020,7,1.584
North Macedonia,807,2021,7,3.293
North Macedonia,807,2022,7,2.295
North Macedonia,807,2023,7,3.244
North Macedonia,807,2024,7,4.364
North Macedonia,807,2025,7,3.569
North Macedonia,807,2020,8,1.73
North Macedonia,807,2021,8,3.036
North Macedonia,807,2022,8,1.769
North Macedonia,807,2023,8,2.551
North Macedonia,807,2024,8,3.824
North Macedonia,807,2025,8,2.11
North Macedonia,807,2020,9,2.989
North Macedonia,807,2021,9,1.096
North Macedonia,807,2022,9,0.744
North Macedonia,807,2023,9,3.312
North Macedonia,807,2024,9,1.716
North Macedonia,807,2025,9,2.647
North Macedonia,807,2020,10,2.011
North Macedonia,807,2021,10,-0.788
North Macedonia,807,2022,10,1.919
North Macedonia,807,2023,10,4.374
North Macedonia,807,2024,10,2.345
North Macedonia,807,2025,10,0.002
North Macedonia,807,2020,11,0.764
North Macedonia,807,2021,11,2.084
North Macedonia,807,2022,11,2.702
North Macedonia,807,2023,11,2.318
North Macedonia,807,2024,11,-0.377
North Macedonia,807,2025,11,2.774
North Macedonia,807,2020,12,3.559
North Macedonia,807,2021,12,1.256
North Macedonia,807,2022,12,3.557
North Macedonia,807,2023,12,2.869
North Macedonia,807,2024,12,1.949
North Macedonia,807,2025,12,2.269
Norway,578,2020,1,5.662
Norway,578,2021,1,-0.441
Norway,578,2022,1,3.438
Norway,578,2023,1,3.665
Norway,578,2024,1,0.142
Norway,578,2025,1,2.441
Norway,578,2020,2,4.404
Norway,578,2021,2,0.804
Norway,578,2022,2,2.824
Norway,578,2023,2,4.767
Norway,578,2024,2,2.743
Norway,578,2025,2,4.642
Norway,578,2020,3,2.489
Norway,578,2021,3,3.017
Norway,578,2022,3,3.904
Norway,578,2023,3,-1.268
Norway,578,2024,3,3.111
Norway,578,2025,3,3.739
Norway,578,2020,4,1.422
Norway,578,2021,4,0.985
Norway,578,2022,4,1.219
Norway,578,2023,4,2.006
Norway,578,2024,4,0.739
Norway,578,2025,4,2.782
Norway,578,2020,5,-0.673
Norway,578,2021,5,0.338
Norway,578,2022,5,1.075
Norway,578,2023,5,1.304
Norway,578,2024,5,4.477
Norway,578,2025,5,1.305
Norway,578,2020,6,3.18
Norway,578,2021,6,2.165
Norway,578,2022,6,1.862
Norway,578,2023,6,2.267
Norway,578,2024,6,1.807
Norway,578,2025,6,0.389
Norway,578,2020,7,-0.348
Norway,578,2021,7,2.497
Norway,578,2022,7,0.965
Norway,578,2023,7,1.076
Norway,578,2024,7,1.974
Norway,578,2025,7,3.603
Norway,578,2020,8,1.364
Norway,578,2021,8,0.351
Norway,578,2022,8,1.753
Norway,578,2023,8,1.928
Norway,578,2024,8,2.401
Norway,578,2025,8,1.271
Norway,578,2020,9,1.457
Norway,578,2021,9,1.313
Norway,578,2022,9,1.088
Norway,578,2023,9,2.884
Norway,578,2024,9,2.625
Norway,578,2025,9,3.529
Norway,578,2020,10,1.884
Norway,578,2021,10,1.882
Norway,578,2022,10,2.052
Norway,578,2023,10,-1.245
Norway,578,2024,10,2.084
Norway,578,2025,10,2.378
Norway,578,2020,11,4.518
Norway,578,2021,11,1.051
Norway,578,2022,11,3.292
Norway,578,2023,11,-1.956
Norway,578,2024,11,2.474
Norway,578,2025,11,1.28
Norway,578,2020,12,4.282
Norway,578,2021,12,-0.403
Norway,578,2022,12,-0.769
Norway,578,2023,12,-1.384
Norway,578,2024,12,2.914
Norway,578,2025,12,4.128
Oman,512,2020,1,-0.077
Oman,512,2021,1,0.299
Oman,512,2022,1,0.942
Oman,512,2023,1,0.958
Oman,512,2024,1,2.728
Oman,512,2025,1,0.525
Oman,512,2020,2,1.491
Oman,512,2021,2,2.142
Oman,512,2022,2,1.327
Oman,512,2023,2,2.427
Oman,512,2024,2,1.996
Oman,512,2025,2,2.204
Oman,512,2020,3,-0.35
Oman,512,2021,3,3.923
Oman,512,2022,3,2.926
Oman,512,2023,3,1.575
Oman,512,2024,3,1.889
Oman,512,2025,3,1.69
Oman,512,2020,4,1.53
Oman,512,2021,4,2.207
Oman,512,2022,4,2.702
Oman,512,2023,4,-0.552
Oman,512,2024,4,0.07
Oman,512,2025,4,2.633
Oman,512,2020,5,1.261
Oman,512,2021,5,1.219
Oman,512,2022,5,1.174
Oman,512,2023,5,1.198
Oman,512,2024,5,0.981
Oman,512,2025,5,1.799
Oman,512,2020,6,1.619
Oman,512,2021,6,1.824
Oman,512,2022,6,1.058
Oman,512,2023,6,1.768
Oman,512,2024,6,1.851
Oman,512,2025,6,1.116
Oman,512,2020,7,-0.007
Oman,512,2021,7,0.614
Oman,512,2022,7,-1.004
Oman,512,2023,7,0.726
Oman,512,2024,7,1.828
Oman,512,2025,7,0.732
Oman,512,2020,8,1.541
Oman,512,2021,8,1.737
Oman,512,2022,8,1.316
Oman,512,2023,8,1.451
Oman,512,2024,8,0.946
Oman,512,2025,8,0.76
Oman,512,2020,9,1.665
Oman,512,2021,9,2.179
Oman,512,2022,9,1.306
Oman,512,2023,9,1.942
Oman,512,2024,9,1.46
Oman,512,2025,9,1.255
Oman,512,2020,10,-0.022
Oman,512,2021,10,1.112
Oman,512,2022,10,0.99
Oman,512,2023,10,2.3
Oman,512,2024,10,1.625
Oman,512,2025,10,1.177
Oman,512,2020,11,0.483
Oman,512,2021,11,1.236
Oman,512,2022,11,2.149
Oman,512,2023,11,2.116
Oman,512,2024,11,2.704
Oman,512,2025,11,0.539
Oman,512,2020,12,0.682
Oman,512,2021,12,1.214
Oman,512,2022,12,1.873
Oman,512,2023,12,1.582
Oman,512,2024,12,0.911
Oman,512,2025,12,0.782
Pakistan,586,2020,1,-0.801
Pakistan,586,2021,1,-0.139
Pakistan,586,2022,1,0.606
Pakistan,586,2023,1,-0.794
Pakistan,586,2024,1,1.446
Pakistan,586,2025,1,1.01
Pakistan,586,2020,2,1.698
Pakistan,586,2021,2,3.15
Pakistan,586,2022,2,1.669
Pakistan,586,2023,2,3.847
Pakistan,586,2024,2,1.075
Pakistan,586,2025,2,2.225
Pakistan,586,2020,3,-0.573
Pakistan,586,2021,3,2.923
Pakistan,586,2022,3,4.211
Pakistan,586,2023,3,1.739
Pakistan,586,2024,3,0.056
Pakistan,586,2025,3,1.93
Pakistan,586,2020,4,0.91
Pakistan,586,2021,4,1.387
Pakistan,586,2022,4,4.331
Pakistan,586,2023,4,0.394
Pakistan,586,2024,4,-0.274
Pakistan,586,2025,4,4.277
Pakistan,586,2020,5,0.937
Pakistan,586,2021,5,0.861
Pakistan,586,2022,5,2.508
Pakistan,586,2023,5,0.074
Pakistan,586,2024,5,2.155
Pakistan,586,2025,5,2.852
Pakistan,586,2020,6,0.546
Pakistan,586,2021,6,0.494
Pakistan,586,2022,6,0.24
Pakistan,586,2023,6,0.069
Pakistan,586,2024,6,1.127
Pakistan,586,2025,6,1.264
Pakistan,586,2020,7,1.27
Pakistan,586,2021,7,0.901
Pakistan,586,2022,7,-0.895
Pakistan,586,2023,7,0.255
Pakistan,586,2024,7,2.042
Pakistan,586,2025,7,0.753
Pakistan,586,2020,8,1.225
Pakistan,586,2021,8,0.791
Pakistan,586,2022,8,-0.75
Pakistan,586,2023,8,0.83
Pakistan,586,2024,8,0.275
Pakistan,586,2025,8,1.151
Pakistan,586,2020,9,0.723
Pakistan,586,2021,9,1.894
Pakistan,586,2022,9,1.26
Pakistan,586,2023,9,1.699
Pakistan,586,2024,9,1.886
Pakistan,586,2025,9,1.877
Pakistan,586,2020,10,-0.141
Pakistan,586,2021,10,0.739
Pakistan,586,2022,10,1.05
Pakistan,586,2023,10,1.691
Pakistan,586,2024,10,2.999
Pakistan,586,2025,10,1.507
Pakistan,586,2020,11,-0.361
Pakistan,586,2021,11,0.822
Pakistan,586,2022,11,1.802
Pakistan,586,2023,11,1.98
Pakistan,586,2024,11,3.539
Pakistan,586,2025,11,0.361
Pakistan,586,2020,12,-0.231
Pakistan,586,2021,12,0.646
Pakistan,586,2022,12,1.273
Pakistan,586,2023,12,1.982
Pakistan,586,2024,12,-0.234
Pakistan,586,2025,12,1.944
Palau,585,2020,1,1.496
Palau,585,2021,1,1.334
Palau,585,2022,1,1.345
Palau,585,2023,1,0.647
Palau,585,2024,1,1.403
Palau,585,2025,1,1.825
Palau,585,2020,2,1.006
Palau,585,2021,2,1.183
Palau,585,2022,2,1.294
Palau,585,2023,2,1.13
Palau,585,2024,2,1.212
Palau,585,2025,2,1.248
Palau,585,2020,3,1.542
Palau,585,2021,3,1.17
Palau,585,2022,3,1.031
Palau,585,2023,3,1.542
Palau,585,2024,3,1.509
Palau,585,2025,3,1.355
Palau,585,2020,4,1.607
Palau,585,2021,4,0.951
Palau,585,2022,4,0.167
Palau,585,2023,4,1.018
Palau,585,2024,4,1.104
Palau,585,2025,4,1.016
Palau,585,2020,5,1.294
Palau,585,2022,5,-0.116
Palau,585,2023,5,0.429
Palau,585,2024,5,1.14
Palau,585,2025,5,0.786
Palau,585,2020,6,0.833
Palau,585,2021,6,0.717
Palau,585,2022,6,1.009
Palau,585,2023,6,0.154
Palau,585,2024,6,1.166
Palau,585,2025,6,0.772
Palau,585,2020,7,1.143
Palau,585,2021,7,0.885
Palau,585,2022,7,0.491
Palau,585,2023,7,0.075
Palau,585,2024,7,0.794
Palau,585,2025,7,1.01
Palau,585,2020,8,0.943
Palau,585,2021,8,0.74
Palau,585,2022,8,1.127
Palau,585,2023,8,0.64
Palau,585,2024,8,1.519
Palau,585,2025,8,0.731
Palau,585,2020,9,1.177
Palau,585,2021,9,0.638
Palau,585,2022,9,1.15
Palau,585,2023,9,0.771
Palau,585,2024,9,1.117
Palau,585,2025,9,0.724
Palau,585,2020,10,0.434
Palau,585,2021,10,0.487
Palau,585,2022,10,0.749
Palau,585,2023,10,0.972
Palau,585,2024,10,1.295
Palau,585,2025,10,1.068
Palau,585,2020,11,0.668
Palau,585,2021,11,0.841
Palau,585,2023,11,0.786
Palau,585,2024,11,1.089
Palau,585,2025,11,0.812
Palau,585,2020,12,0.941
Palau,585,2021,12,0.803
Palau,585,2022,12,0.866
Palau,585,2023,12,1.089
Palau,585,2024,12,1.242
Palestine,275,2020,1,-0.092
Palestine,275,2021,1,2.194
Palestine,275,2022,1,-0.701
Palestine,275,2023,1,2.347
Palestine,275,2024,1,2.494
Palestine,275,2025,1,1.774
Palestine,275,2020,2,0.485
Palestine,275,2021,2,1.598
Palestine,275,2022,2,0.195
Palestine,275,2023,2,-0.343
Palestine,275,2024,2,0.923
Palestine,275,2025,2,-0.697
Palestine,275,2020,3,1.225
Palestine,275,2021,3,0.85
Palestine,275,2022,3,-2.191
Palestine,275,2023,3,1.8
Palestine,275,2024,3,1.947
Palestine,275,2025,3,2.419
Palestine,275,2020,4,0.554
Palestine,275,2021,4,1.745
Palestine,275,2022,4,3.103
Palestine,275,2023,4,1.026
Palestine,275,2024,4,3.912
Palestine,275,2025,4,1.845
Palestine,275,2020,5,1.753
Palestine,275,2021,5,2.773
Palestine,275,2022,5,0.935
Palestine,275,2023,5,1.007
Palestine,275,2024,5,1.326
Palestine,275,2025,5,1.241
Palestine,275,2020,6,0.55
Palestine,275,2021,6,0.728
Palestine,275,2022,6,1.289
Palestine,275,2023,6,1.283
Palestine,275,2024,6,3.998
Palestine,275,2025,6,1.452
Palestine,275,2020,7,2.041
Palestine,275,2021,7,2.259
Palestine,275,2022,7,1.171
Palestine,275,2023,7,2.391
Palestine,275,2024,7,2.91
Palestine,275,2025,7,2.415
Palestine,275,2020,8,1.332
Palestine,275,2021,8,2.329
Palestine,275,2022,8,2.082
Palestine,275,2023,8,2.444
Palestine,275,2024,8,2.183
Palestine,275,2025,8,2.7
Palestine,275,2020,9,4.17
Palestine,275,2021,9,1.244
Palestine,275,2022,9,1.971
Palestine,275,2023,9,2.524
Palestine,275,2024,9,1.978
Palestine,275,2025,9,1.55
Palestine,275,2020,10,3.28
Palestine,275,2021,10,1.048
Palestine,275,2022,10,1.665
Palestine,275,2023,10,2.363
Palestine,275,2024,10,0.71
Palestine,275,2025,10,1.25
Palestine,275,2020,11,1.0
Palestine,275,2021,11,2.489
Palestine,275,2022,11,1.555
Palestine,275,2023,11,3.185
Palestine,275,2024,11,0.565
Palestine,275,2025,11,3.59
Palestine,275,2020,12,2.069
Palestine,275,2021,12,1.068
Palestine,275,2022,12,2.231
Palestine,275,2023,12,3.747
Palestine,275,2024,12,0.884
Palestine,275,2025,12,1.559
Panama,591,2020,1,2.028
Panama,591,2021,1,1.175
Panama,591,2022,1,1.194
Panama,591,2023,1,0.973
Panama,591,2024,1,2.376
Panama,591,2025,1,1.711
Panama,591,2020,2,1.968
Panama,591,2021,2,1.314
Panama,591,2022,2,1.366
Panama,591,2023,2,1.208
Panama,591,2024,2,2.332
Panama,591,2025,2,1.767
Panama,591,2020,3,1.551
Panama,591,2021,3,0.686
Panama,591,2022,3,1.328
Panama,591,2023,3,0.869
Panama,591,2024,3,2.46
Panama,591,2025,3,1.589
Panama,591,2020,4,1.751
Panama,591,2021,4,0.514
Panama,591,2022,4,0.922
Panama,591,2023,4,1.18
Panama,591,2024,4,2.421
Panama,591,2025,4,2.112
Panama,591,2020,5,1.849
Panama,591,2021,5,1.446
Panama,591,2022,5,0.887
Panama,591,2023,5,2.122
Panama,591,2024,5,2.102
Panama,591,2025,5,2.038
Panama,591,2020,6,1.653
Panama,591,2021,6,0.871
Panama,591,2022,6,0.346
Panama,591,2023,6,2.054
Panama,591,2024,6,1.706
Panama,591,2025,6,0.93
Panama,591,2020,7,1.391
Panama,591,2021,7,0.872
Panama,591,2022,7,0.896
Panama,591,2023,7,2.265
Panama,591,2024,7,2.078
Panama,591,2025,7,1.925
Panama,591,2020,8,1.533
Panama,591,2021,8,1.097
Panama,591,2022,8,0.877
Panama,591,2023,8,2.123
Panama,591,2024,8,2.103
Panama,591,2025,8,2.14
Panama,591,2020,9,1.443
Panama,591,2021,9,1.573
Panama,591,2022,9,0.642
Panama,591,2023,9,2.611
Panama,591,2024,9,1.441
Panama,591,2025,9,2.144
Panama,591,2020,10,1.383
Panama,591,2021,10,1.518
Panama,591,2022,10,1.081
Panama,591,2023,10,1.65
Panama,591,2024,10,2.23
Panama,591,2025,10,1.909
Panama,591,2020,11,0.691
Panama,591,2021,11,1.337
Panama,591,2022,11,0.267
Panama,591,2023,11,1.786
Panama,591,2024,11,0.144
Panama,591,2025,11,2.302
Panama,591,2020,12,1.349
Panama,591,2021,12,1.529
Panama,591,2022,12,0.981
Panama,591,2023,12,2.372
Panama,591,2024,12,1.813
Panama,591,2025,12,2.1
Papua New Guinea,598,2020,1,0.942
Papua New Guinea,598,2021,1,0.768
Papua New Guinea,598,2022,1,0.076
Papua New Guinea,598,2023,1,0.364
Papua New Guinea,598,2024,1,1.001
Papua New Guinea,598,2025,1,0.756
Papua New Guinea,598,2020,2,0.985
Papua New Guinea,598,2021,2,0.489
Papua New Guinea,598,2022,2,0.296
Papua New Guinea,598,2023,2,0.453
Papua New Guinea,598,2024,2,1.503
Papua New Guinea,598,2025,2,0.707
Papua New Guinea,598,2020,3,0.587
Papua New Guinea,598,2021,3,0.479
Papua New Guinea,598,2022,3,0.446
Papua New Guinea,598,2023,3,0.722
Papua New Guinea,598,2024,3,0.716
Papua New Guinea,598,2025,3,0.795
Papua New Guinea,598,2020,4,0.687
Papua New Guinea,598,2021,4,0.425
Papua New Guinea,598,2022,4,0.692
Papua New Guinea,598,2023,4,0.525
Papua New Guinea,598,2024,4,1.126
Papua New Guinea,598,2025,4,0.59
Papua New Guinea,598,2020,5,0.88
Papua New Guinea,598,2021,5,0.932
Papua New Guinea,598,2022,5,0.913
Papua New Guinea,598,2023,5,0.545
Papua New Guinea,598,2024,5,1.212
Papua New Guinea,598,2025,5,0.923
Papua New Guinea,598,2020,6,0.92
Papua New Guinea,598,2021,6,1.186
Papua New Guinea,598,2022,6,1.214
Papua New Guinea,598,2023,6,0.868
Papua New Guinea,598,2024,6,0.651
Papua New Guinea,598,2025,6,1.026
Papua New Guinea,598,2020,7,0.902
Papua New Guinea,598,2021,7,1.441
Papua New Guinea,598,2022,7,1.559
Papua New Guinea,598,2023,7,0.987
Papua New Guinea,598,2024,7,0.663
Papua New Guinea,598,2025,7,1.399
Papua New Guinea,598,2020,8,0.504
Papua New Guinea,598,2021,8,1.794
Papua New Guinea,598,2022,8,1.45
Papua New Guinea,598,2023,8,0.575
Papua New Guinea,598,2024,8,1.335
Papua New Guinea,598,2025,8,0.653
Papua New Guinea,598,2020,9,0.812
Papua New Guinea,598,2021,9,1.791
Papua New Guinea,598,2022,9,1.642
Papua New Guinea,598,2023,9,0.591
Papua New Guinea,598,2024,9,1.462
Papua New Guinea,598,2025,9,0.989
Papua New Guinea,598,2020,10,0.921
Papua New Guinea,598,2021,10,0.835
Papua New Guinea,598,2022,10,1.574
Papua New Guinea,598,2023,10,-0.04
Papua New Guinea,598,2024,10,1.033
Papua New Guinea,598,2025,10,1.015
Papua New Guinea,598,2020,11,0.788
Papua New Guinea,598,2021,11,0.594
Papua New Guinea,598,2022,11,1.464
Papua New Guinea,598,2023,11,0.739
Papua New Guinea,598,2024,11,1.121
Papua New Guinea,598,2025,11,0.603
Papua New Guinea,598,2020,12,0.625
Papua New Guinea,598,2021,12,0.423
Papua New Guinea,598,2022,12,0.014
Papua New Guinea,598,2023,12,0.719
Papua New Guinea,598,2024,12,0.557
Papua New Guinea,598,2025,12,0.757
Paraguay,600,2020,1,1.261
Paraguay,600,2021,1,-0.041
Paraguay,600,2022,1,2.914
Paraguay,600,2023,1,0.997
Paraguay,600,2024,1,1.841
Paraguay,600,2025,1,1.42
Paraguay,600,2020,2,0.786
Paraguay,600,2021,2,-0.282
Paraguay,600,2022,2,1.73
Paraguay,600,2023,2,-0.047
Paraguay,600,2024,2,2.125
Paraguay,600,2025,2,2.385
Paraguay,600,2020,3,2.691
Paraguay,600,2021,3,0.748
Paraguay,600,2022,3,0.672
Paraguay,600,2023,3,1.624
Paraguay,600,2024,3,3.792
Paraguay,600,2025,3,1.154
Paraguay,600,2020,4,1.152
Paraguay,600,2021,4,1.61
Paraguay,600,2022,4,2.264
Paraguay,600,2023,4,0.719
Paraguay,600,2024,4,3.214
Paraguay,600,2025,4,-0.035
Paraguay,600,2020,5,0.229
Paraguay,600,2021,5,0.346
Paraguay,600,2022,5,-1.123
Paraguay,600,2023,5,1.005
Paraguay,600,2024,5,-0.645
Paraguay,600,2025,5,2.238
Paraguay,600,2020,6,2.375
Paraguay,600,2021,6,-0.141
Paraguay,600,2022,6,-0.614
Paraguay,600,2023,6,1.828
Paraguay,600,2024,6,4.61
Paraguay,600,2025,6,-0.796
Paraguay,600,2020,7,0.765
Paraguay,600,2021,7,0.348
Paraguay,600,2022,7,4.036
Paraguay,600,2023,7,2.721
Paraguay,600,2024,7,-0.204
Paraguay,600,2025,7,0.231
Paraguay,600,2020,8,2.534
Paraguay,600,2021,8,1.642
Paraguay,600,2022,8,0.892
Paraguay,600,2023,8,3.538
Paraguay,600,2024,8,1.236
Paraguay,600,2025,8,-0.064
Paraguay,600,2020,9,2.13
Paraguay,600,2021,9,4.019
Paraguay,600,2022,9,-0.997
Paraguay,600,2023,9,3.602
Paraguay,600,2024,9,2.771
Paraguay,600,2025,9,2.047
Paraguay,600,2020,10,3.248
Paraguay,600,2021,10,0.867
Paraguay,600,2022,10,-0.568
Paraguay,600,2023,10,2.818
Paraguay,600,2024,10,2.662
Paraguay,600,2025,10,0.005
Paraguay,600,2020,11,1.217
Paraguay,600,2021,11,0.424
Paraguay,600,2022,11,-0.892
Paraguay,600,2023,11,2.873
Paraguay,600,2024,11,1.731
Paraguay,600,2025,11,0.325
Paraguay,600,2020,12,0.804
Paraguay,600,2021,12,1.639
Paraguay,600,2022,12,1.53
Paraguay,600,2023,12,2.021
Paraguay,600,2024,12,-0.535
Paraguay,600,2025,12,0.269
Peru,604,2020,1,1.365
Peru,604,2021,1,0.87
Peru,604,2022,1,0.972
Peru,604,2023,1,0.615
Peru,604,2024,1,2.485
Peru,604,2025,1,1.198
Peru,604,2020,2,1.362
Peru,604,2021,2,1.078
Peru,604,2022,2,0.334
Peru,604,2023,2,1.156
Peru,604,2024,2,2.313
Peru,604,2025,2,1.316
Peru,604,2020,3,1.783
Peru,604,2021,3,1.163
Peru,604,2022,3,0.267
Peru,604,2023,3,1.462
Peru,604,2024,3,1.868
Peru,604,2025,3,1.124
Peru,604,2020,4,2.013
Peru,604,2021,4,0.987
Peru,604,2022,4,0.288
Peru,604,2023,4,2.089
Peru,604,2024,4,2.325
Peru,604,2025,4,1.108
Peru,604,2020,5,1.332
Peru,604,2021,5,1.074
Peru,604,2022,5,0.122
Peru,604,2023,5,2.164
Peru,604,2024,5,1.52
Peru,604,2025,5,1.305
Peru,604,2020,6,1.522
Peru,604,2021,6,1.277
Peru,604,2022,6,0.017
Peru,604,2023,6,2.069
Peru,604,2024,6,1.642
Peru,604,2025,6,1.384
Peru,604,2020,7,1.355
Peru,604,2021,7,1.336
Peru,604,2022,7,0.854
Peru,604,2023,7,3.186
Peru,604,2024,7,1.63
Peru,604,2025,7,1.369
Peru,604,2020,8,1.637
Peru,604,2021,8,1.176
Peru,604,2022,8,0.356
Peru,604,2023,8,2.896
Peru,604,2024,8,1.749
Peru,604,2025,8,0.982
Peru,604,2020,9,1.018
Peru,604,2021,9,1.096
Peru,604,2022,9,0.641
Peru,604,2023,9,2.609
Peru,604,2024,9,1.968
Peru,604,2025,9,1.107
Peru,604,2020,10,2.06
Peru,604,2021,10,1.13
Peru,604,2022,10,0.472
Peru,604,2023,10,2.705
Peru,604,2024,10,2.103
Peru,604,2025,10,1.077
Peru,604,2020,11,2.049
Peru,604,2021,11,0.849
Peru,604,2022,11,0.892
Peru,604,2023,11,2.167
Peru,604,2024,11,1.429
Peru,604,2025,11,0.971
Peru,604,2020,12,1.062
Peru,604,2021,12,0.934
Peru,604,2022,12,1.028
Peru,604,2023,12,1.953
Peru,604,2024,12,1.264
Peru,604,2025,12,1.053
Philippines,608,2020,1,1.565
Philippines,608,2021,1,0.846
Philippines,608,2022,1,0.998
Philippines,608,2023,1,0.931
Philippines,608,2024,1,1.277
Philippines,608,2025,1,1.13
Philippines,608,2020,2,1.024
Philippines,608,2021,2,0.986
Philippines,608,2022,2,1.424
Philippines,608,2023,2,1.151
Philippines,608,2024,2,1.448
Philippines,608,2025,2,1.013
Philippines,608,2020,3,1.441
Philippines,608,2021,3,1.266
Philippines,608,2022,3,1.476
Philippines,608,2023,3,0.931
Philippines,608,2024,3,1.265
Philippines,608,2025,3,0.926
Philippines,608,2020,4,1.237
Philippines,608,2021,4,0.578
Philippines,608,2022,4,0.505
Philippines,608,2023,4,1.035
Philippines,608,2024,4,1.856
Philippines,608,2025,4,1.101
Philippines,608,2020,5,1.472
Philippines,608,2021,5,1.259
Philippines,608,2022,5,0.744
Philippines,608,2023,5,1.37
Philippines,608,2024,5,1.712
Philippines,608,2025,5,0.83
Philippines,608,2020,6,1.339
Philippines,608,2021,6,1.095
Philippines,608,2022,6,1.092
Philippines,608,2023,6,1.325
Philippines,608,2024,6,1.297
Philippines,608,2025,6,0.616
Philippines,608,2020,7,1.424
Philippines,608,2021,7,1.313
Philippines,608,2022,7,1.226
Philippines,608,2023,7,1.418
Philippines,608,2024,7,1.132
Philippines,608,2025,7,0.942
Philippines,608,2020,8,1.168
Philippines,608,2021,8,1.254
Philippines,608,2022,8,0.862
Philippines,608,2023,8,1.755
Philippines,608,2024,8,1.44
Philippines,608,2025,8,0.654
Philippines,608,2020,9,1.474
Philippines,608,2021,9,1.098
Philippines,608,2022,9,1.346
Philippines,608,2023,9,1.519
Philippines,608,2024,9,1.096
Philippines,608,2025,9,0.409
Philippines,608,2020,10,0.609
Philippines,608,2021,10,1.061
Philippines,608,2022,10,1.151
Philippines,608,2023,10,1.58
Philippines,608,2024,10,1.223
Philippines,608,2025,10,0.749
Philippines,608,2020,11,1.268
Philippines,608,2021,11,1.501
Philippines,608,2022,11,1.503
Philippines,608,2023,11,1.674
Philippines,608,2024,11,1.491
Philippines,608,2025,11,1.327
Philippines,608,2020,12,1.435
Philippines,608,2021,12,0.958
Philippines,608,2022,12,0.994
Philippines,608,2023,12,2.077
Philippines,608,2024,12,1.164
Philippines,608,2025,12,1.061
Poland,616,2020,1,5.655
Poland,616,2021,1,2.44
Poland,616,2022,1,4.336
Poland,616,2023,1,6.185
Poland,616,2024,1,3.038
Poland,616,2025,1,5.541
Poland,616,2020,2,6.345
Poland,616,2021,2,1.037
Poland,616,2022,2,5.542
Poland,616,2023,2,3.838
Poland,616,2024,2,7.87
Poland,616,2025,2,1.75
Poland,616,2020,3,3.199
Poland,616,2021,3,1.87
Poland,616,2022,3,1.911
Poland,616,2023,3,3.222
Poland,616,2024,3,5.101
Poland,616,2025,3,4.641
Poland,616,2020,4,1.325
Poland,616,2021,4,-0.936
Poland,616,2022,4,-0.486
Poland,616,2023,4,0.453
Poland,616,2024,4,3.238
Poland,616,2025,4,2.952
Poland,616,2020,5,-1.055
Poland,616,2021,5,-0.358
Poland,616,2022,5,1.161
Poland,616,2023,5,0.456
Poland,616,2024,5,3.468
Poland,616,2025,5,-1.139
Poland,616,2020,6,2.043
Poland,616,2021,6,3.063
Poland,616,2022,6,2.531
Poland,616,2023,6,1.448
Poland,616,2024,6,2.213
Poland,616,2025,6,1.469
Poland,616,2020,7,0.752
Poland,616,2021,7,3.57
Poland,616,2022,7,1.553
Poland,616,2023,7,1.852
Poland,616,2024,7,2.939
Poland,616,2025,7,1.522
Poland,616,2020,8,2.941
Poland,616,2021,8,0.128
Poland,616,2022,8,3.685
Poland,616,2023,8,2.901
Poland,616,2024,8,3.463
Poland,616,2025,8,1.051
Poland,616,2020,9,2.083
Poland,616,2021,9,0.733
Poland,616,2022,9,-0.647
Poland,616,2023,9,4.471
Poland,616,2024,9,3.796
Poland,616,2025,9,2.251
Poland,616,2020,10,2.324
Poland,616,2021,10,1.002
Poland,616,2022,10,3.093
Poland,616,2023,10,2.707
Poland,616,2024,10,1.758
Poland,616,2025,10,0.291
Poland,616,2020,11,2.329
Poland,616,2021,11,1.775
Poland,616,2022,11,1.262
Poland,616,2023,11,0.885
Poland,616,2024,11,0.65
Poland,616,2025,11,1.1
Poland,616,2020,12,2.82
Poland,616,2021,12,0.257
Poland,616,2022,12,1.053
Poland,616,2023,12,2.666
Poland,616,2024,12,3.25
Poland,616,2025,12,3.228
Portugal,620,2020,1,0.975
Portugal,620,2021,1,-0.353
Portugal,620,2022,1,1.162
Portugal,620,2023,1,0.654
Portugal,620,2024,1,2.628
Portugal,620,2025,1,2.024
Portugal,620,2020,2,3.311
Portugal,620,2021,2,2.42
Portugal,620,2022,2,2.11
Portugal,620,2023,2,0.718
Portugal,620,2024,2,3.108
Portugal,620,2025,2,1.867
Portugal,620,2020,3,1.757
Portugal,620,2021,3,1.713
Portugal,620,2022,3,1.045
Portugal,620,2023,3,2.468
Portugal,620,2024,3,1.665
Portugal,620,2025,3,0.884
Portugal,620,2020,4,1.506
Portugal,620,2021,4,2.054
Portugal,620,2022,4,0.632
Portugal,620,2023,4,4.279
Portugal,620,2024,4,2.674
Portugal,620,2025,4,2.159
Portugal,620,2020,5,3.4
Portugal,620,2021,5,0.981
Portugal,620,2022,5,3.72
Portugal,620,2023,5,2.58
Portugal,620,2024,5,1.355
Portugal,620,2025,5,1.923
Portugal,620,2020,6,0.693
Portugal,620,2021,6,0.929
Portugal,620,2022,6,2.108
Portugal,620,2023,6,3.447
Portugal,620,2024,6,1.505
Portugal,620,2025,6,4.345
Portugal,620,2020,7,3.404
Portugal,620,2021,7,0.587
Portugal,620,2022,7,3.949
Portugal,620,2023,7,1.819
Portugal,620,2024,7,2.191
Portugal,620,2025,7,2.531
Portugal,620,2020,8,1.734
Portugal,620,2021,8,1.335
Portugal,620,2022,8,2.139
Portugal,620,2023,8,3.278
Portugal,620,2024,8,3.089
Portugal,620,2025,8,3.308
Portugal,620,2020,9,1.536
Portugal,620,2021,9,0.906
Portugal,620,2022,9,0.953
Portugal,620,2023,9,1.039
Portugal,620,2024,9,0.372
Portugal,620,2025,9,0.964
Portugal,620,2020,10,-0.142
Portugal,620,2021,10,2.139
Portugal,620,2022,10,3.295
Portugal,620,2023,10,3.225
Portugal,620,2024,10,1.611
Portugal,620,2025,10,3.381
Portugal,620,2020,11,2.46
Portugal,620,2021,11,-0.166
Portugal,620,2022,11,2.281
Portugal,620,2023,11,2.449
Portugal,620,2024,11,3.688
Portugal,620,2025,11,1.167
Portugal,620,2020,12,1.29
Portugal,620,2021,12,2.867
Portugal,620,2022,12,3.823
Portugal,620,2023,12,0.936
Portugal,620,2024,12,1.266
Portugal,620,2025,12,1.144
Puerto Rico,630,2020,1,1.29
Puerto Rico,630,2021,1,0.789
Puerto Rico,630,2022,1,0.668
Puerto Rico,630,2023,1,0.657
Puerto Rico,630,2024,1,1.781
Puerto Rico,630,2025,1,1.301
Puerto Rico,630,2020,2,1.469
Puerto Rico,630,2021,2,1.04
Puerto Rico,630,2022,2,0.629
Puerto Rico,630,2023,2,0.493
Puerto Rico,630,2024,2,1.046
Puerto Rico,630,2025,2,1.473
Puerto Rico,630,2020,3,0.674
Puerto Rico,630,2021,3,0.698
Puerto Rico,630,2022,3,0.765
Puerto Rico,630,2023,3,0.412
Puerto Rico,630,2024,3,1.438
Puerto Rico,630,2025,3,1.123
Puerto Rico,630,2020,4,1.401
Puerto Rico,630,2021,4,0.507
Puerto Rico,630,2022,4,0.199
Puerto Rico,630,2023,4,0.513
Puerto Rico,630,2024,4,1.376
Puerto Rico,630,2025,4,0.89
Puerto Rico,630,2020,5,1.677
Puerto Rico,630,2021,5,0.636
Puerto Rico,630,2022,5,0.753
Puerto Rico,630,2023,5,1.266
Puerto Rico,630,2024,5,1.791
Puerto Rico,630,2025,5,0.792
Puerto Rico,630,2020,6,1.407
Puerto Rico,630,2021,6,0.247
Puerto Rico,630,2022,6,0.791
Puerto Rico,630,2023,6,1.898
Puerto Rico,630,2024,6,1.939
Puerto Rico,630,2025,6,0.937
Puerto Rico,630,2020,7,1.346
Puerto Rico,630,2021,7,0.889
Puerto Rico,630,2022,7,0.795
Puerto Rico,630,2023,7,1.807
Puerto Rico,630,2024,7,1.787
Puerto Rico,630,2025,7,1.101
Puerto Rico,630,2020,8,1.28
Puerto Rico,630,2021,8,0.986
Puerto Rico,630,2022,8,1.019
Puerto Rico,630,2023,8,1.858
Puerto Rico,630,2024,8,1.554
Puerto Rico,630,2025,8,1.408
Puerto Rico,630,2020,9,1.104
Puerto Rico,630,2021,9,1.128
Puerto Rico,630,2022,9,0.964
Puerto Rico,630,2023,9,2.001
Puerto Rico,630,2024,9,1.775
Puerto Rico,630,2025,9,1.13
Puerto Rico,630,2020,10,0.957
Puerto Rico,630,2021,10,0.854
Puerto Rico,630,2022,10,0.608
Puerto Rico,630,2023,10,1.872
Puerto Rico,630,2024,10,1.99
Puerto Rico,630,2025,10,1.24
Puerto Rico,630,2020,11,0.66
Puerto Rico,630,2021,11,0.791
Puerto Rico,630,2022,11,0.813
Puerto Rico,630,2023,11,1.552
Puerto Rico,630,2024,11,1.108
Puerto Rico,630,2025,11,0.962
Puerto Rico,630,2020,12,0.782
Puerto Rico,630,2021,12,1.179
Puerto Rico,630,2022,12,0.257
Puerto Rico,630,2023,12,1.104
Puerto Rico,630,2024,12,1.509
Puerto Rico,630,2025,12,1.011
Qatar,634,2020,1,0.95
Qatar,634,2021,1,2.022
Qatar,634,2022,1,1.155
Qatar,634,2023,1,1.046
Qatar,634,2024,1,3.79
Qatar,634,2025,1,0.821
Qatar,634,2020,2,1.164
Qatar,634,2021,2,1.842
Qatar,634,2022,2,1.294
Qatar,634,2023,2,2.135
Qatar,634,2024,2,1.689
Qatar,634,2025,2,0.257
Qatar,634,2020,3,0.863
Qatar,634,2021,3,2.532
Qatar,634,2022,3,1.602
Qatar,634,2023,3,2.23
Qatar,634,2024,3,0.591
Qatar,634,2025,3,0.579
Qatar,634,2020,4,2.042
Qatar,634,2021,4,2.724
Qatar,634,2022,4,2.746
Qatar,634,2023,4,0.424
Qatar,634,2024,4,1.527
Qatar,634,2025,4,3.869
Qatar,634,2020,5,1.123
Qatar,634,2021,5,2.811
Qatar,634,2022,5,1.739
Qatar,634,2023,5,1.779
Qatar,634,2024,5,1.891
Qatar,634,2025,5,3.228
Qatar,634,2020,6,2.436
Qatar,634,2021,6,2.112
Qatar,634,2022,6,2.04
Qatar,634,2023,6,2.18
Qatar,634,2024,6,3.047
Qatar,634,2025,6,2.356
Qatar,634,2020,7,2.375
Qatar,634,2021,7,2.201
Qatar,634,2022,7,1.037
Qatar,634,2023,7,2.205
Qatar,634,2024,7,3.315
Qatar,634,2025,7,2.255
Qatar,634,2020,8,2.245
Qatar,634,2021,8,2.211
Qatar,634,2022,8,1.836
Qatar,634,2023,8,2.555
Qatar,634,2024,8,2.101
Qatar,634,2025,8,2.847
Qatar,634,2020,9,2.844
Qatar,634,2021,9,1.997
Qatar,634,2022,9,1.875
Qatar,634,2023,9,2.918
Qatar,634,2024,9,2.111
Qatar,634,2025,9,2.187
Qatar,634,2020,10,1.019
Qatar,634,2021,10,1.996
Qatar,634,2022,10,1.894
Qatar,634,2023,10,2.864
Qatar,634,2024,10,2.001
Qatar,634,2025,10,1.21
Qatar,634,2020,11,1.867
Qatar,634,2021,11,1.843
Qatar,634,2022,11,3.253
Qatar,634,2023,11,2.221
Qatar,634,2024,11,2.222
Qatar,634,2025,11,0.909
Qatar,634,2020,12,1.858
Qatar,634,2021,12,2.175
Qatar,634,2022,12,2.715
Qatar,634,2023,12,3.093
Qatar,634,2024,12,0.724
Qatar,634,2025,12,1.893
Republic of Korea,410,2020,1,4.408
Republic of Korea,410,2021,1,0.987
Republic of Korea,410,2022,1,1.374
Republic of Korea,410,2023,1,1.615
Republic of Korea,410,2024,1,2.543
Republic of Korea,410,2025,1,1.958
Republic of Korea,410,2020,2,3.335
Republic of Korea,410,2021,2,3.38
Republic of Korea,410,2022,2,0.031
Republic of Korea,410,2023,2,2.692
Republic of Korea,410,2024,2,3.819
Republic of Korea,410,2025,2,-0.607
Republic of Korea,410,2020,3,2.87
Republic of Korea,410,2021,3,4.104
Republic of Korea,410,2022,3,2.957
Republic of Korea,410,2023,3,4.484
Republic of Korea,410,2024,3,1.994
Republic of Korea,410,2025,3,2.755
Republic of Korea,410,2020,4,-0.096
Republic of Korea,410,2021,4,2.265
Republic of Korea,410,2022,4,2.731
Republic of Korea,410,2023,4,1.965
Republic of Korea,410,2024,4,3.671
Republic of Korea,410,2025,4,1.774
Republic of Korea,410,2020,5,1.123
Republic of Korea,410,2021,5,0.638
Republic of Korea,410,2022,5,1.737
Republic of Korea,410,2023,5,1.543
Republic of Korea,410,2024,5,1.203
Republic of Korea,410,2025,5,0.333
Republic of Korea,410,2020,6,2.49
Republic of Korea,410,2021,6,1.807
Republic of Korea,410,2022,6,2.16
Republic of Korea,410,2023,6,2.121
Republic of Korea,410,2024,6,2.544
Republic of Korea,410,2025,6,2.602
Republic of Korea,410,2020,7,-1.169
Republic of Korea,410,2021,7,2.562
Republic of Korea,410,2022,7,2.212
Republic of Korea,410,2023,7,1.785
Republic of Korea,410,2024,7,2.122
Republic of Korea,410,2025,7,3.144
Republic of Korea,410,2020,8,1.767
Republic of Korea,410,2021,8,0.512
Republic of Korea,410,2022,8,0.464
Republic of Korea,410,2023,8,1.594
Republic of Korea,410,2024,8,3.238
Republic of Korea,410,2025,8,2.524
Republic of Korea,410,2020,9,0.599
Republic of Korea,410,2021,9,1.847
Republic of Korea,410,2022,9,1.374
Republic of Korea,410,2023,9,2.778
Republic of Korea,410,2024,9,4.535
Republic of Korea,410,2025,9,3.082
Republic of Korea,410,2020,10,0.45
Republic of Korea,410,2021,10,1.843
Republic of Korea,410,2022,10,0.459
Republic of Korea,410,2023,10,1.635
Republic of Korea,410,2024,10,2.45
Republic of Korea,410,2025,10,2.518
Republic of Korea,410,2020,11,1.514
Republic of Korea,410,2021,11,1.67
Republic of Korea,410,2022,11,3.015
Republic of Korea,410,2023,11,0.537
Republic of Korea,410,2024,11,2.657
Republic of Korea,410,2025,11,1.795
Republic of Korea,410,2020,12,-0.098
Republic of Korea,410,2021,12,1.117
Republic of Korea,410,2022,12,-1.816
Republic of Korea,410,2023,12,1.183
Republic of Korea,410,2024,12,0.891
Republic of Korea,410,2025,12,1.201
Republic of Moldova,498,2020,1,4.513
Republic of Moldova,498,2021,1,3.505
Republic of Moldova,498,2022,1,3.512
Republic of Moldova,498,2023,1,5.794
Republic of Moldova,498,2024,1,3.099
Republic of Moldova,498,2025,1,6.398
Republic of Moldova,498,2020,2,6.0
Republic of Moldova,498,2021,2,1.671
Republic of Moldova,498,2022,2,5.348
Republic of Moldova,498,2023,2,3.493
Republic of Moldova,498,2024,2,8.021
Republic of Moldova,498,2025,2,-0.481
Republic of Moldova,498,2020,3,5.374
Republic of Moldova,498,2021,3,1.222
Republic of Moldova,498,2022,3,0.736
Republic of Moldova,498,2023,3,4.133
Republic of Moldova,498,2024,3,3.976
Republic of Moldova,498,2025,3,5.838
Republic of Moldova,498,2020,4,0.888
Republic of Moldova,498,2021,4,-1.325
Republic of Moldova,498,2022,4,0.57
Republic of Moldova,498,2023,4,-0.406
Republic of Moldova,498,2024,4,4.327
Republic of Moldova,498,2025,4,0.674
Republic of Moldova,498,2020,5,-0.926
Republic of Moldova,498,2021,5,-0.132
Republic of Moldova,498,2022,5,0.671
Republic of Moldova,498,2023,5,0.402
Republic of Moldova,498,2024,5,0.32
Republic of Moldova,498,2025,5,-1.743
Republic of Moldova,498,2020,6,2.205
Republic of Moldova,498,2021,6,0.919
Republic of Moldova,498,2022,6,2.282
Republic of Moldova,498,2023,6,1.212
Republic of Moldova,498,2024,6,3.125
Republic of Moldova,498,2025,6,1.34
Republic of Moldova,498,2020,7,1.998
Republic of Moldova,498,2021,7,2.775
Republic of Moldova,498,2022,7,1.916
Republic of Moldova,498,2023,7,2.2
Republic of Moldova,498,2024,7,4.419
Republic of Moldova,498,2025,7,2.656
Republic of Moldova,498,2020,8,2.622
Republic of Moldova,498,2021,8,1.318
Republic of Moldova,498,2022,8,3.18
Republic of Moldova,498,2023,8,3.923
Republic of Moldova,498,2024,8,3.919
Republic of Moldova,498,2025,8,1.292
Republic of Moldova,498,2020,9,3.641
Republic of Moldova,498,2021,9,-0.57
Republic of Moldova,498,2022,9,0.175
Republic of Moldova,498,2023,9,4.15
Republic of Moldova,498,2024,9,3.593
Republic of Moldova,498,2025,9,1.539
Republic of Moldova,498,2020,10,4.546
Republic of Moldova,498,2021,10,-0.517
Republic of Moldova,498,2022,10,2.149
Republic of Moldova,498,2023,10,4.355
Republic of Moldova,498,2024,10,1.487
Republic of Moldova,498,2025,10,-0.121
Republic of Moldova,498,2020,11,0.374
Republic of Moldova,498,2021,11,2.085
Republic of Moldova,498,2022,11,1.386
Republic of Moldova,498,2023,11,1.99
Republic of Moldova,498,2024,11,-1.312
Republic of Moldova,498,2025,11,3.541
Republic of Moldova,498,2020,12,2.507
Republic of Moldova,498,2021,12,1.124
Republic of Moldova,498,2022,12,2.13
Republic of Moldova,498,2023,12,3.044
Republic of Moldova,498,2024,12,2.43
Republic of Moldova,498,2025,12,2.34
Réunion,638,2020,1,0.617
Réunion,638,2021,1,1.368
Réunion,638,2022,1,0.769
Réunion,638,2023,1,0.87
Réunion,638,2024,1,1.921
Réunion,638,2025,1,2.322
Réunion,638,2020,2,0.912
Réunion,638,2021,2,1.163
Réunion,638,2022,2,1.064
Réunion,638,2023,2,0.715
Réunion,638,2024,2,1.266
Réunion,638,2025,2,2.217
Réunion,638,2020,3,1.229
Réunion,638,2021,3,1.18
Réunion,638,2022,3,1.381
Réunion,638,2023,3,0.832
Réunion,638,2024,3,1.133
Réunion,638,2025,3,2.184
Réunion,638,2020,4,1.103
Réunion,638,2021,4,1.554
Réunion,638,2022,4,1.205
Réunion,638,2023,4,2.156
Réunion,638,2024,4,1.607
Réunion,638,2025,4,2.508
Réunion,638,2020,5,0.85
Réunion,638,2021,5,1.351
Réunion,638,2022,5,0.652
Réunion,638,2023,5,1.903
Réunion,638,2024,5,1.554
Réunion,638,2025,5,1.955
Réunion,638,2020,6,0.672
Réunion,638,2021,6,1.023
Réunion,638,2022,6,0.424
Réunion,638,2023,6,1.625
Réunion,638,2024,6,1.126
Réunion,638,2025,6,1.527
Réunion,638,2020,7,0.587
Réunion,638,2021,7,1.038
Réunion,638,2022,7,0.539
Réunion,638,2023,7,1.69
Réunion,638,2024,7,1.091
Réunion,638,2025,7,0.792
Réunion,638,2020,8,1.048
Réunion,638,2021,8,1.099
Réunion,638,2022,8,1.25
Réunion,638,2023,8,2.451
Réunion,638,2024,8,1.752
Réunion,638,2025,8,0.803
Réunion,638,2020,9,1.325
Réunion,638,2021,9,1.426
Réunion,638,2022,9,1.227
Réunion,638,2023,9,2.628
Réunion,638,2024,9,1.169
Réunion,638,2025,9,1.63
Réunion,638,2020,10,1.563
Réunion,638,2021,10,1.664
Réunion,638,2022,10,1.065
Réunion,638,2023,10,2.716
Réunion,638,2024,10,1.817
Réunion,638,2025,10,1.718
Réunion,638,2020,11,0.923
Réunion,638,2021,11,1.774
Réunion,638,2022,11,0.825
Réunion,638,2023,11,1.476
Réunion,638,2024,11,2.177
Réunion,638,2025,11,1.678
Réunion,638,2020,12,1.431
Réunion,638,2021,12,1.582
Réunion,638,2022,12,1.033
Réunion,638,2023,12,1.684
Réunion,638,2024,12,1.885
Réunion,638,2025,12,1.485
Romania,642,2020,1,2.968
Romania,642,2021,1,3.527
Romania,642,2022,1,2.856
Romania,642,2023,1,6.411
Romania,642,2024,1,3.29
Romania,642,2025,1,5.412
Romania,642,2020,2,4.844
Romania,642,2021,2,2.888
Romania,642,2022,2,3.998
Romania,642,2023,2,2.54
Romania,642,2024,2,7.656
Romania,642,2025,2,-0.353
Romania,642,2020,3,3.425
Romania,642,2021,3,0.269
Romania,642,2022,3,-0.345
Romania,642,2023,3,3.085
Romania,642,2024,3,4.344
Romania,642,2025,3,4.84
Romania,642,2020,4,0.574
Romania,642,2021,4,-1.415
Romania,642,2022,4,0.019
Romania,642,2023,4,-0.568
Romania,642,2024,4,3.71
Romania,642,2025,4,1.197
Romania,642,2020,5,-0.352
Romania,642,2021,5,0.18
Romania,642,2022,5,1.343
Romania,642,2023,5,0.486
Romania,642,2024,5,0.904
Romania,642,2025,5,-1.228
Romania,642,2020,6,1.473
Romania,642,2021,6,1.386
Romania,642,2022,6,2.529
Romania,642,2023,6,1.133
Romania,642,2024,6,3.929
Romania,642,2025,6,2.617
Romania,642,2020,7,1.489
Romania,642,2021,7,3.265
Romania,642,2022,7,2.568
Romania,642,2023,7,2.728
Romania,642,2024,7,4.477
Romania,642,2025,7,2.852
Romania,642,2020,8,2.694
Romania,642,2021,8,1.757
Romania,642,2022,8,3.334
Romania,642,2023,8,3.43
Romania,642,2024,8,4.32
Romania,642,2025,8,1.913
Romania,642,2020,9,3.121
Romania,642,2021,9,0.188
Romania,642,2022,9,0.255
Romania,642,2023,9,4.06
Romania,642,2024,9,2.589
Romania,642,2025,9,2.416
Romania,642,2020,10,2.98
Romania,642,2021,10,-0.714
Romania,642,2022,10,2.319
Romania,642,2023,10,4.049
Romania,642,2024,10,1.571
Romania,642,2025,10,-0.448
Romania,642,2020,11,0.129
Romania,642,2021,11,1.638
Romania,642,2022,11,2.153
Romania,642,2023,11,1.563
Romania,642,2024,11,-1.049
Romania,642,2025,11,2.748
Romania,642,2020,12,3.498
Romania,642,2021,12,1.671
Romania,642,2022,12,2.994
Romania,642,2023,12,3.299
Romania,642,2024,12,2.386
Romania,642,2025,12,2.621
Russian Federation,643,2020,1,6.065
Russian Federation,643,2021,1,-0.881
Russian Federation,643,2022,1,3.805
Russian Federation,643,2023,1,1.001
Russian Federation,643,2024,1,2.137
Russian Federation,643,2025,1,4.983
Russian Federation,643,2020,2,6.805
Russian Federation,643,2021,2,0.356
Russian Federation,643,2022,2,5.385
Russian Federation,643,2023,2,3.938
Russian Federation,643,2024,2,2.905
Russian Federation,643,2025,2,4.54
Russian Federation,643,2020,3,6.038
Russian Federation,643,2021,3,1.854
Russian Federation,643,2022,3,2.933
Russian Federation,643,2023,3,4.893
Russian Federation,643,2024,3,3.527
Russian Federation,643,2025,3,3.88
Russian Federation,643,2020,4,4.201
Russian Federation,643,2021,4,2.609
Russian Federation,643,2022,4,2.758
Russian Federation,643,2023,4,1.487
Russian Federation,643,2024,4,3.178
Russian Federation,643,2025,4,3.854
Russian Federation,643,2020,5,3.24
Russian Federation,643,2021,5,2.833
Russian Federation,643,2022,5,2.332
Russian Federation,643,2023,5,1.932
Russian Federation,643,2024,5,1.251
Russian Federation,643,2025,5,2.049
Russian Federation,643,2020,6,1.78
Russian Federation,643,2021,6,2.249
Russian Federation,643,2022,6,1.804
Russian Federation,643,2023,6,1.361
Russian Federation,643,2024,6,2.044
Russian Federation,643,2025,6,1.619
Russian Federation,643,2020,7,1.444
Russian Federation,643,2021,7,1.41
Russian Federation,643,2022,7,1.485
Russian Federation,643,2023,7,1.524
Russian Federation,643,2024,7,1.814
Russian Federation,643,2025,7,1.182
Russian Federation,643,2020,8,1.029
Russian Federation,643,2021,8,2.04
Russian Federation,643,2022,8,1.635
Russian Federation,643,2023,8,2.329
Russian Federation,643,2024,8,1.431
Russian Federation,643,2025,8,1.861
Russian Federation,643,2020,9,2.441
Russian Federation,643,2021,9,0.127
Russian Federation,643,2022,9,0.185
Russian Federation,643,2023,9,1.914
Russian Federation,643,2024,9,1.636
Russian Federation,643,2025,9,1.433
Russian Federation,643,2020,10,3.099
Russian Federation,643,2021,10,2.267
Russian Federation,643,2022,10,2.998
Russian Federation,643,2023,10,3.56
Russian Federation,643,2024,10,2.296
Russian Federation,643,2025,10,1.295
Russian Federation,643,2020,11,5.348
Russian Federation,643,2021,11,3.545
Russian Federation,643,2022,11,1.383
Russian Federation,643,2023,11,3.977
Russian Federation,643,2024,11,4.633
Russian Federation,643,2025,11,2.905
Russian Federation,643,2020,12,1.144
Russian Federation,643,2021,12,0.526
Russian Federation,643,2022,12,2.138
Russian Federation,643,2023,12,0.909
Russian Federation,643,2024,12,4.853
Russian Federation,643,2025,12,1.915
Saint Kitts and Nevis,659,2020,1,1.222
Saint Kitts and Nevis,659,2021,1,0.948
Saint Kitts and Nevis,659,2022,1,1.037
Saint Kitts and Nevis,659,2023,1,0.747
Saint Kitts and Nevis,659,2024,1,1.646
Saint Kitts and Nevis,659,2025,1,1.612
Saint Kitts and Nevis,659,2020,2,1.288
Saint Kitts and Nevis,659,2021,2,1.234
Saint Kitts and Nevis,659,2022,2,0.768
Saint Kitts and Nevis,659,2023,2,0.44
Saint Kitts and Nevis,659,2024,2,1.417
Saint Kitts and Nevis,659,2025,2,1.519
Saint Kitts and Nevis,659,2020,3,0.406
Saint Kitts and Nevis,659,2021,3,0.853
Saint Kitts and Nevis,659,2022,3,0.932
Saint Kitts and Nevis,659,2023,3,0.633
Saint Kitts and Nevis,659,2024,3,1.564
Saint Kitts and Nevis,659,2025,3,1.486
Saint Kitts and Nevis,659,2020,4,1.361
Saint Kitts and Nevis,659,2021,4,0.731
Saint Kitts and Nevis,659,2022,4,0.539
Saint Kitts and Nevis,659,2023,4,0.647
Saint Kitts and Nevis,659,2024,4,1.551
Saint Kitts and Nevis,659,2025,4,0.819
Saint Kitts and Nevis,659,2020,5,1.58
Saint Kitts and Nevis,659,2021,5,0.817
Saint Kitts and Nevis,659,2022,5,0.686
Saint Kitts and Nevis,659,2023,5,1.075
Saint Kitts and Nevis,659,2024,5,1.831
Saint Kitts and Nevis,659,2025,5,1.034
Saint Kitts and Nevis,659,2020,6,1.273
Saint Kitts and Nevis,659,2021,6,0.407
Saint Kitts and Nevis,659,2022,6,0.734
Saint Kitts and Nevis,659,2023,6,1.309
Saint Kitts and Nevis,659,2024,6,1.671
Saint Kitts and Nevis,659,2025,6,0.632
Saint Kitts and Nevis,659,2020,7,0.977
Saint Kitts and Nevis,659,2021,7,0.775
Saint Kitts and Nevis,659,2022,7,0.477
Saint Kitts and Nevis,659,2023,7,1.474
Saint Kitts and Nevis,659,2024,7,1.335
Saint Kitts and Nevis,659,2025,7,0.785
Saint Kitts and Nevis,659,2020,8,1.343
Saint Kitts and Nevis,659,2021,8,1.01
Saint Kitts and Nevis,659,2022,8,0.751
Saint Kitts and Nevis,659,2023,8,1.6
Saint Kitts and Nevis,659,2024,8,1.391
Saint Kitts and Nevis,659,2025,8,1.456
Saint Kitts and Nevis,659,2020,9,1.121
Saint Kitts and Nevis,659,2021,9,0.997
Saint Kitts and Nevis,659,2022,9,0.596
Saint Kitts and Nevis,659,2023,9,1.982
Saint Kitts and Nevis,659,2025,9,1.29
Saint Kitts and Nevis,659,2020,10,0.619
Saint Kitts and Nevis,659,2021,10,0.96
Saint Kitts and Nevis,659,2022,10,0.699
Saint Kitts and Nevis,659,2023,10,1.355
Saint Kitts and Nevis,659,2024,10,1.879
Saint Kitts and Nevis,659,2025,10,1.269
Saint Kitts and Nevis,659,2020,11,0.575
Saint Kitts and Nevis,659,2021,11,0.769
Saint Kitts and Nevis,659,2022,11,0.603
Saint Kitts and Nevis,659,2023,11,1.544
Saint Kitts and Nevis,659,2024,11,1.495
Saint Kitts and Nevis,659,2025,11,0.781
Saint Kitts and Nevis,659,2020,12,0.782
Saint Kitts and Nevis,659,2021,12,1.28
Saint Kitts and Nevis,659,2022,12,0.547
Saint Kitts and Nevis,659,2023,12,1.005
Saint Kitts and Nevis,659,2024,12,1.641
Saint Kitts and Nevis,659,2025,12,0.841
Saint Lucia,662,2020,1,0.949
Saint Lucia,662,2021,1,1.032
Saint Lucia,662,2022,1,0.631
Saint Lucia,662,2023,1,0.546
Saint Lucia,662,2024,1,1.747
Saint Lucia,662,2025,1,1.586
Saint Lucia,662,2020,2,1.384
Saint Lucia,662,2021,2,1.082
Saint Lucia,662,2022,2,0.838
Saint Lucia,662,2023,2,0.449
Saint Lucia,662,2024,2,1.981
Saint Lucia,662,2025,2,1.265
Saint Lucia,662,2020,3,0.697
Saint Lucia,662,2021,3,0.69
Saint Lucia,662,2022,3,0.86
Saint Lucia,662,2023,3,0.453
Saint Lucia,662,2024,3,1.862
Saint Lucia,662,2025,3,1.296
Saint Lucia,662,2020,4,1.314
Saint Lucia,662,2021,4,0.827
Saint Lucia,662,2022,4,0.611
Saint Lucia,662,2023,4,0.763
Saint Lucia,662,2024,4,1.894
Saint Lucia,662,2025,4,1.23
Saint Lucia,662,2020,5,1.449
Saint Lucia,662,2021,5,0.796
Saint Lucia,662,2022,5,0.882
Saint Lucia,662,2023,5,1.033
Saint Lucia,662,2024,5,2.328
Saint Lucia,662,2025,5,0.967
Saint Lucia,662,2020,6,1.434
Saint Lucia,662,2021,6,0.824
Saint Lucia,662,2022,6,0.846
Saint Lucia,662,2023,6,1.421
Saint Lucia,662,2024,6,1.959
Saint Lucia,662,2025,6,1.124
Saint Lucia,662,2020,7,1.42
Saint Lucia,662,2021,7,1.016
Saint Lucia,662,2022,7,0.914
Saint Lucia,662,2023,7,1.453
Saint Lucia,662,2024,7,1.699
Saint Lucia,662,2025,7,1.152
Saint Lucia,662,2020,8,1.663
Saint Lucia,662,2021,8,1.004
Saint Lucia,662,2022,8,0.931
Saint Lucia,662,2023,8,1.861
Saint Lucia,662,2024,8,1.428
Saint Lucia,662,2025,8,1.844
Saint Lucia,662,2020,9,1.444
Saint Lucia,662,2021,9,1.211
Saint Lucia,662,2022,9,0.995
Saint Lucia,662,2023,9,1.719
Saint Lucia,662,2024,9,2.357
Saint Lucia,662,2025,9,1.281
Saint Lucia,662,2020,10,0.735
Saint Lucia,662,2021,10,1.341
Saint Lucia,662,2022,10,0.954
Saint Lucia,662,2023,10,1.622
Saint Lucia,662,2024,10,1.832
Saint Lucia,662,2025,10,1.58
Saint Lucia,662,2020,11,0.689
Saint Lucia,662,2021,11,1.027
Saint Lucia,662,2022,11,0.816
Saint Lucia,662,2023,11,1.284
Saint Lucia,662,2024,11,1.604
Saint Lucia,662,2025,11,1.061
Saint Lucia,662,2020,12,0.781
Saint Lucia,662,2021,12,1.452
Saint Lucia,662,2022,12,0.359
Saint Lucia,662,2023,12,1.369
Saint Lucia,662,2024,12,1.405
Saint Lucia,662,2025,12,0.935
Saint Pierre and Miquelon,666,2020,1,-1.203
Saint Pierre and Miquelon,666,2021,1,2.694
Saint Pierre and Miquelon,666,2022,1,1.353
Saint Pierre and Miquelon,666,2023,1,2.518
Saint Pierre and Miquelon,666,2024,1,-0.593
Saint Pierre and Miquelon,666,2025,1,1.708
Saint Pierre and Miquelon,666,2020,2,-0.032
Saint Pierre and Miquelon,666,2021,2,2.026
Saint Pierre and Miquelon,666,2022,2,0.693
Saint Pierre and Miquelon,666,2023,2,-2.268
Saint Pierre and Miquelon,666,2024,2,1.849
Saint Pierre and Miquelon,666,2025,2,-0.187
Saint Pierre and Miquelon,666,2020,3,-0.761
Saint Pierre and Miquelon,666,2021,3,0.696
Saint Pierre and Miquelon,666,2022,3,0.164
Saint Pierre and Miquelon,666,2023,3,0.403
Saint Pierre and Miquelon,666,2024,3,1.719
Saint Pierre and Miquelon,666,2025,3,1.035
Saint Pierre and Miquelon,666,2020,4,0.173
Saint Pierre and Miquelon,666,2021,4,2.737
Saint Pierre and Miquelon,666,2022,4,1.65
Saint Pierre and Miquelon,666,2023,4,0.934
Saint Pierre and Miquelon,666,2024,4,1.254
Saint Pierre and Miquelon,666,2025,4,0.29
Saint Pierre and Miquelon,666,2020,5,0.365
Saint Pierre and Miquelon,666,2021,5,0.906
Saint Pierre and Miquelon,666,2022,5,1.459
Saint Pierre and Miquelon,666,2023,5,0.545
Saint Pierre and Miquelon,666,2024,5,2.184
Saint Pierre and Miquelon,666,2025,5,1.308
Saint Pierre and Miquelon,666,2020,6,2.182
Saint Pierre and Miquelon,666,2021,6,2.041
Saint Pierre and Miquelon,666,2022,6,2.458
Saint Pierre and Miquelon,666,2023,6,1.35
Saint Pierre and Miquelon,666,2024,6,2.75
Saint Pierre and Miquelon,666,2025,6,1.917
Saint Pierre and Miquelon,666,2020,7,1.6
Saint Pierre and Miquelon,666,2021,7,1.13
Saint Pierre and Miquelon,666,2022,7,2.653
Saint Pierre and Miquelon,666,2023,7,3.802
Saint Pierre and Miquelon,666,2024,7,3.508
Saint Pierre and Miquelon,666,2025,7,2.909
Saint Pierre and Miquelon,666,2020,8,2.424
Saint Pierre and Miquelon,666,2021,8,3.045
Saint Pierre and Miquelon,666,2022,8,3.696
Saint Pierre and Miquelon,666,2023,8,2.387
Saint Pierre and Miquelon,666,2024,8,3.265
Saint Pierre and Miquelon,666,2025,8,2.256
Saint Pierre and Miquelon,666,2020,9,2.007
Saint Pierre and Miquelon,666,2021,9,3.529
Saint Pierre and Miquelon,666,2022,9,3.439
Saint Pierre and Miquelon,666,2023,9,3.948
Saint Pierre and Miquelon,666,2024,9,3.208
Saint Pierre and Miquelon,666,2025,9,2.829
Saint Pierre and Miquelon,666,2020,10,1.335
Saint Pierre and Miquelon,666,2021,10,2.403
Saint Pierre and Miquelon,666,2022,10,3.712
Saint Pierre and Miquelon,666,2023,10,3.136
Saint Pierre and Miquelon,666,2024,10,2.318
Saint Pierre and Miquelon,666,2025,10,2.823
Saint Pierre and Miquelon,666,2020,11,0.623
Saint Pierre and Miquelon,666,2021,11,2.786
Saint Pierre and Miquelon,666,2022,11,0.527
Saint Pierre and Miquelon,666,2023,11,-0.632
Saint Pierre and Miquelon,666,2024,11,2.994
Saint Pierre and Miquelon,666,2025,11,1.888
Saint Pierre and Miquelon,666,2020,12,3.583
Saint Pierre and Miquelon,666,2021,12,1.292
Saint Pierre and Miquelon,666,2022,12,1.979
Saint Pierre and Miquelon,666,2023,12,2.283
Saint Pierre and Miquelon,666,2024,12,1.913
Saint Pierre and Miquelon,666,2025,12,0.587
Saint Vincent and the Grenadines,670,2020,1,1.043
Saint Vincent and the Grenadines,670,2021,1,1.166
Saint Vincent and the Grenadines,670,2022,1,0.562
Saint Vincent and the Grenadines,670,2023,1,0.646
Saint Vincent and the Grenadines,670,2024,1,1.88
Saint Vincent and the Grenadines,670,2025,1,1.738
Saint Vincent and the Grenadines,670,2020,2,1.379
Saint Vincent and the Grenadines,670,2021,2,1.039
Saint Vincent and the Grenadines,670,2022,2,0.934
Saint Vincent and the Grenadines,670,2023,2,0.557
Saint Vincent and the Grenadines,670,2024,2,2.201
Saint Vincent and the Grenadines,670,2025,2,1.324
Saint Vincent and the Grenadines,670,2020,3,0.718
Saint Vincent and the Grenadines,670,2021,3,0.642
Saint Vincent and the Grenadines,670,2022,3,0.814
Saint Vincent and the Grenadines,670,2023,3,0.481
Saint Vincent and the Grenadines,670,2024,3,1.969
Saint Vincent and the Grenadines,670,2025,3,1.4
Saint Vincent and the Grenadines,670,2020,4,1.368
Saint Vincent and the Grenadines,670,2021,4,0.866
Saint Vincent and the Grenadines,670,2022,4,0.613
Saint Vincent and the Grenadines,670,2023,4,0.895
Saint Vincent and the Grenadines,670,2024,4,2.226
Saint Vincent and the Grenadines,670,2025,4,1.388
Saint Vincent and the Grenadines,670,2020,5,1.529
Saint Vincent and the Grenadines,670,2021,5,0.754
Saint Vincent and the Grenadines,670,2022,5,0.925
Saint Vincent and the Grenadines,670,2023,5,1.108
Saint Vincent and the Grenadines,670,2024,5,2.502
Saint Vincent and the Grenadines,670,2025,5,1.001
Saint Vincent and the Grenadines,670,2020,6,1.557
Saint Vincent and the Grenadines,670,2021,6,0.863
Saint Vincent and the Grenadines,670,2022,6,0.902
Saint Vincent and the Grenadines,670,2023,6,1.521
Saint Vincent and the Grenadines,670,2024,6,2.105
Saint Vincent and the Grenadines,670,2025,6,1.277
Saint Vincent and the Grenadines,670,2020,7,1.442
Saint Vincent and the Grenadines,670,2021,7,1.163
Saint Vincent and the Grenadines,670,2022,7,0.973
Saint Vincent and the Grenadines,670,2023,7,1.482
Saint Vincent and the Grenadines,670,2024,7,1.84
Saint Vincent and the Grenadines,670,2025,7,1.299
Saint Vincent and the Grenadines,670,2020,8,1.856
Saint Vincent and the Grenadines,670,2021,8,1.004
Saint Vincent and the Grenadines,670,2022,8,1.012
Saint Vincent and the Grenadines,670,2023,8,2.019
Saint Vincent and the Grenadines,670,2024,8,1.566
Saint Vincent and the Grenadines,670,2025,8,1.977
Saint Vincent and the Grenadines,670,2020,9,1.656
Saint Vincent and the Grenadines,670,2021,9,1.29
Saint Vincent and the Grenadines,670,2022,9,1.125
Saint Vincent and the Grenadines,670,2023,9,1.881
Saint Vincent and the Grenadines,670,2024,9,2.357
Saint Vincent and the Grenadines,670,2025,9,1.351
Saint Vincent and the Grenadines,670,2020,10,0.858
Saint Vincent and the Grenadines,670,2021,10,1.37
Saint Vincent and the Grenadines,670,2022,10,1.028
Saint Vincent and the Grenadines,670,2023,10,1.81
Saint Vincent and the Grenadines,670,2024,10,1.935
Saint Vincent and the Grenadines,670,2025,10,1.742
Saint Vincent and the Grenadines,670,2020,11,0.911
Saint Vincent and the Grenadines,670,2021,11,1.059
Saint Vincent and the Grenadines,670,2022,11,0.856
Saint Vincent and the Grenadines,670,2023,11,1.387
Saint Vincent and the Grenadines,670,2024,11,1.676
Saint Vincent and the Grenadines,670,2025,11,1.231
Saint Vincent and the Grenadines,670,2020,12,0.899
Saint Vincent and the Grenadines,670,2021,12,1.523
Saint Vincent and the Grenadines,670,2022,12,0.593
Saint Vincent and the Grenadines,670,2023,12,1.602
Saint Vincent and the Grenadines,670,2024,12,1.537
Saint Vincent and the Grenadines,670,2025,12,1.16
Samoa,882,2020,1,1.004
Samoa,882,2021,1,0.904
Samoa,882,2022,1,1.004
Samoa,882,2023,1,0.854
Samoa,882,2024,1,2.254
Samoa,882,2025,1,0.934
Samoa,882,2020,2,0.466
Samoa,882,2021,2,0.566
Samoa,882,2022,2,0.766
Samoa,882,2023,2,-0.784
Samoa,882,2024,2,1.716
Samoa,882,2025,2,1.296
Samoa,882,2020,3,1.43
Samoa,882,2021,3,0.78
Samoa,882,2022,3,1.73
Samoa,882,2023,3,0.98
Samoa,882,2024,3,2.13
Samoa,882,2025,3,1.05
Samoa,882,2020,4,1.247
Samoa,882,2021,4,0.697
Samoa,882,2022,4,1.197
Samoa,882,2023,4,0.747
Samoa,882,2024,4,2.157
Samoa,882,2025,4,1.287
Samoa,882,2020,5,1.834
Samoa,882,2021,5,1.034
Samoa,882,2022,5,1.034
Samoa,882,2023,5,0.884
Samoa,882,2024,5,2.084
Samoa,882,2025,5,0.844
Samoa,882,2020,6,0.961
Samoa,882,2021,6,0.711
Samoa,882,2022,6,0.961
Samoa,882,2023,6,1.011
Samoa,882,2024,6,1.361
Samoa,882,2025,6,0.831
Samoa,882,2020,7,1.457
Samoa,882,2021,7,1.657
Samoa,882,2022,7,0.807
Samoa,882,2023,7,1.257
Samoa,882,2024,7,1.307
Samoa,882,2025,7,0.447
Samoa,882,2020,8,1.592
Samoa,882,2021,8,0.842
Samoa,882,2022,8,0.392
Samoa,882,2023,8,2.142
Samoa,882,2024,8,0.642
Samoa,882,2025,8,1.502
Samoa,882,2020,9,1.044
Samoa,882,2021,9,1.294
Samoa,882,2022,9,1.044
Samoa,882,2023,9,0.744
Samoa,882,2024,9,1.014
Samoa,882,2025,9,0.164
Samoa,882,2020,10,0.993
Samoa,882,2021,10,1.593
Samoa,882,2022,10,0.943
Samoa,882,2023,10,0.943
Samoa,882,2024,10,1.763
Samoa,882,2025,10,0.833
Samoa,882,2020,11,0.749
Samoa,882,2021,11,0.999
Samoa,882,2022,11,0.849
Samoa,882,2023,11,2.249
Samoa,882,2024,11,1.119
Samoa,882,2025,11,0.589
Samoa,882,2020,12,0.731
Samoa,882,2021,12,0.931
Samoa,882,2022,12,0.931
Samoa,882,2023,12,1.331
Samoa,882,2024,12,1.251
Samoa,882,2025,12,1.111
San Marino,674,2020,1,2.207
San Marino,674,2021,1,0.677
San Marino,674,2022,1,1.19
San Marino,674,2023,1,2.424
San Marino,674,2024,1,2.941
San Marino,674,2025,1,2.904
San Marino,674,2020,2,3.561
San Marino,674,2021,2,2.626
San Marino,674,2022,2,2.078
San Marino,674,2023,2,1.165
San Marino,674,2024,2,4.169
San Marino,674,2025,2,2.085
San Marino,674,2020,3,1.017
San Marino,674,2021,3,0.331
San Marino,674,2022,3,-0.415
San Marino,674,2023,3,2.298
San Marino,674,2024,3,3.647
San Marino,674,2025,3,2.382
San Marino,674,2020,4,1.978
San Marino,674,2021,4,-0.764
San Marino,674,2022,4,0.45
San Marino,674,2023,4,0.09
San Marino,674,2024,4,2.788
San Marino,674,2025,4,2.715
San Marino,674,2020,5,1.761
San Marino,674,2021,5,0.491
San Marino,674,2022,5,3.213
San Marino,674,2023,5,0.463
San Marino,674,2024,5,1.669
San Marino,674,2025,5,1.154
San Marino,674,2020,6,0.708
San Marino,674,2021,6,3.541
San Marino,674,2022,6,3.73
San Marino,674,2023,6,1.702
San Marino,674,2024,6,2.7
San Marino,674,2025,6,4.918
San Marino,674,2020,7,1.83
San Marino,674,2021,7,2.885
San Marino,674,2022,7,3.709
San Marino,674,2023,7,3.755
San Marino,674,2024,7,4.094
San Marino,674,2025,7,2.143
San Marino,674,2020,8,2.909
San Marino,674,2021,8,2.506
San Marino,674,2022,8,2.384
San Marino,674,2023,8,2.257
San Marino,674,2024,8,4.216
San Marino,674,2025,8,2.012
San Marino,674,2020,9,1.69
San Marino,674,2021,9,1.845
San Marino,674,2022,9,1.074
San Marino,674,2023,9,2.831
San Marino,674,2024,9,0.916
San Marino,674,2025,9,1.711
San Marino,674,2020,10,0.244
San Marino,674,2021,10,-0.196
San Marino,674,2022,10,3.773
San Marino,674,2023,10,4.948
San Marino,674,2024,10,2.747
San Marino,674,2025,10,1.217
San Marino,674,2020,11,1.809
San Marino,674,2021,11,1.333
San Marino,674,2022,11,1.912
San Marino,674,2023,11,1.951
San Marino,674,2024,11,0.693
San Marino,674,2025,11,1.03
San Marino,674,2020,12,1.609
San Marino,674,2021,12,0.984
San Marino,674,2022,12,3.001
San Marino,674,2023,12,3.12
San Marino,674,2024,12,1.044
San Marino,674,2025,12,2.279
Sao Tome and Principe,678,2020,1,1.904
Sao Tome and Principe,678,2021,1,0.854
Sao Tome and Principe,678,2022,1,1.486
Sao Tome and Principe,678,2023,1,0.558
Sao Tome and Principe,678,2024,1,1.843
Sao Tome and Principe,678,2025,1,0.151
Sao Tome and Principe,678,2020,2,1.683
Sao Tome and Principe,678,2021,2,0.489
Sao Tome and Principe,678,2022,2,1.107
Sao Tome and Principe,678,2023,2,0.977
Sao Tome and Principe,678,2024,2,2.127
Sao Tome and Principe,678,2025,2,1.541
Sao Tome and Principe,678,2020,3,1.752
Sao Tome and Principe,678,2021,3,0.532
Sao Tome and Principe,678,2022,3,1.142
Sao Tome and Principe,678,2023,3,0.911
Sao Tome and Principe,678,2024,3,1.766
Sao Tome and Principe,678,2025,3,1.384
Sao Tome and Principe,678,2020,4,1.123
Sao Tome and Principe,678,2021,4,0.197
Sao Tome and Principe,678,2022,4,0.545
Sao Tome and Principe,678,2023,4,0.875
Sao Tome and Principe,678,2024,4,1.636
Sao Tome and Principe,678,2025,4,0.963
Sao Tome and Principe,678,2020,5,1.657
Sao Tome and Principe,678,2021,5,1.353
Sao Tome and Principe,678,2022,5,0.751
Sao Tome and Principe,678,2023,5,1.628
Sao Tome and Principe,678,2024,5,1.91
Sao Tome and Principe,678,2025,5,1.052
Sao Tome and Principe,678,2020,6,1.514
Sao Tome and Principe,678,2021,6,2.333
Sao Tome and Principe,678,2022,6,2.505
Sao Tome and Principe,678,2023,6,1.739
Sao Tome and Principe,678,2024,6,2.09
Sao Tome and Principe,678,2025,6,2.245
Sao Tome and Principe,678,2020,7,2.282
Sao Tome and Principe,678,2021,7,2.104
Sao Tome and Principe,678,2022,7,1.554
Sao Tome and Principe,678,2023,7,1.402
Sao Tome and Principe,678,2024,7,1.7
Sao Tome and Principe,678,2025,7,1.595
Sao Tome and Principe,678,2020,8,1.725
Sao Tome and Principe,678,2021,8,1.694
Sao Tome and Principe,678,2022,8,1.434
Sao Tome and Principe,678,2023,8,1.296
Sao Tome and Principe,678,2024,8,1.798
Sao Tome and Principe,678,2025,8,0.767
Sao Tome and Principe,678,2020,9,1.106
Sao Tome and Principe,678,2021,9,1.02
Sao Tome and Principe,678,2022,9,1.225
Sao Tome and Principe,678,2023,9,1.322
Sao Tome and Principe,678,2024,9,1.227
Sao Tome and Principe,678,2025,9,1.137
Sao Tome and Principe,678,2020,10,0.6
Sao Tome and Principe,678,2021,10,1.518
Sao Tome and Principe,678,2022,10,0.861
Sao Tome and Principe,678,2023,10,1.471
Sao Tome and Principe,678,2024,10,1.041
Sao Tome and Principe,678,2025,10,0.997
Sao Tome and Principe,678,2020,11,0.516
Sao Tome and Principe,678,2021,11,1.403
Sao Tome and Principe,678,2022,11,0.777
Sao Tome and Principe,678,2023,11,1.162
Sao Tome and Principe,678,2024,11,2.473
Sao Tome and Principe,678,2025,11,0.918
Sao Tome and Principe,678,2020,12,0.93
Sao Tome and Principe,678,2021,12,0.752
Sao Tome and Principe,678,2022,12,0.9
Sao Tome and Principe,678,2023,12,-0.771
Sao Tome and Principe,678,2024,12,1.178
Sao Tome and Principe,678,2025,12,1.003
Saudi Arabia,682,2020,1,-0.02
Saudi Arabia,682,2021,1,2.224
Saudi Arabia,682,2022,1,0.799
Saudi Arabia,682,2023,1,1.26
Saudi Arabia,682,2024,1,3.234
Saudi Arabia,682,2025,1,0.766
Saudi Arabia,682,2020,2,0.892
Saudi Arabia,682,2021,2,1.494
Saudi Arabia,682,2022,2,0.908
Saudi Arabia,682,2023,2,0.652
Saudi Arabia,682,2024,2,1.193
Saudi Arabia,682,2025,2,-0.227
Saudi Arabia,682,2020,3,1.225
Saudi Arabia,682,2021,3,2.369
Saudi Arabia,682,2022,3,0.675
Saudi Arabia,682,2023,3,1.496
Saudi Arabia,682,2024,3,1.222
Saudi Arabia,682,2025,3,0.997
Saudi Arabia,682,2020,4,1.663
Saudi Arabia,682,2021,4,2.51
Saudi Arabia,682,2022,4,3.142
Saudi Arabia,682,2023,4,0.442
Saudi Arabia,682,2024,4,1.742
Saudi Arabia,682,2025,4,3.172
Saudi Arabia,682,2020,5,1.452
Saudi Arabia,682,2021,5,2.73
Saudi Arabia,682,2022,5,1.529
Saudi Arabia,682,2023,5,0.738
Saudi Arabia,682,2024,5,1.442
Saudi Arabia,682,2025,5,2.325
Saudi Arabia,682,2020,6,1.386
Saudi Arabia,682,2021,6,2.192
Saudi Arabia,682,2022,6,2.196
Saudi Arabia,682,2023,6,1.516
Saudi Arabia,682,2024,6,3.606
Saudi Arabia,682,2025,6,1.588
Saudi Arabia,682,2020,7,2.773
Saudi Arabia,682,2021,7,2.744
Saudi Arabia,682,2022,7,1.703
Saudi Arabia,682,2023,7,2.506
Saudi Arabia,682,2024,7,2.394
Saudi Arabia,682,2025,7,1.535
Saudi Arabia,682,2020,8,1.46
Saudi Arabia,682,2021,8,2.47
Saudi Arabia,682,2022,8,2.511
Saudi Arabia,682,2023,8,2.983
Saudi Arabia,682,2024,8,2.622
Saudi Arabia,682,2025,8,2.781
Saudi Arabia,682,2020,9,2.581
Saudi Arabia,682,2021,9,1.61
Saudi Arabia,682,2022,9,1.895
Saudi Arabia,682,2023,9,3.009
Saudi Arabia,682,2024,9,2.497
Saudi Arabia,682,2025,9,1.909
Saudi Arabia,682,2020,10,0.97
Saudi Arabia,682,2021,10,2.283
Saudi Arabia,682,2022,10,1.79
Saudi Arabia,682,2023,10,2.538
Saudi Arabia,682,2024,10,1.485
Saudi Arabia,682,2025,10,1.063
Saudi Arabia,682,2020,11,1.975
Saudi Arabia,682,2021,11,2.179
Saudi Arabia,682,2022,11,2.61
Saudi Arabia,682,2023,11,2.961
Saudi Arabia,682,2024,11,2.207
Saudi Arabia,682,2025,11,1.786
Saudi Arabia,682,2020,12,1.884
Saudi Arabia,682,2021,12,1.891
Saudi Arabia,682,2022,12,2.028
Saudi Arabia,682,2023,12,3.213
Saudi Arabia,682,2024,12,1.307
Saudi Arabia,682,2025,12,1.041
Senegal,686,2020,1,1.302
Senegal,686,2021,1,2.441
Senegal,686,2022,1,3.236
Senegal,686,2023,1,2.008
Senegal,686,2024,1,2.939
Senegal,686,2025,1,0.913
Senegal,686,2020,2,3.21
Senegal,686,2021,2,1.714
Senegal,686,2022,2,1.845
Senegal,686,2023,2,1.988
Senegal,686,2024,2,2.997
Senegal,686,2025,2,1.12
Senegal,686,2020,3,2.111
Senegal,686,2021,3,1.328
Senegal,686,2022,3,1.423
Senegal,686,2023,3,2.01
Senegal,686,2024,3,1.987
Senegal,686,2025,3,1.806
Senegal,686,2020,4,2.532
Senegal,686,2021,4,2.251
Senegal,686,2022,4,1.861
Senegal,686,2023,4,2.105
Senegal,686,2024,4,2.524
Senegal,686,2025,4,2.495
Senegal,686,2020,5,2.11
Senegal,686,2021,5,1.34
Senegal,686,2022,5,1.648
Senegal,686,2023,5,2.06
Senegal,686,2024,5,2.557
Senegal,686,2025,5,1.779
Senegal,686,2020,6,1.62
Senegal,686,2021,6,1.733
Senegal,686,2022,6,0.755
Senegal,686,2023,6,2.308
Senegal,686,2024,6,1.675
Senegal,686,2025,6,1.053
Senegal,686,2020,7,1.478
Senegal,686,2021,7,1.99
Senegal,686,2022,7,1.023
Senegal,686,2023,7,1.713
Senegal,686,2024,7,1.291
Senegal,686,2025,7,0.921
Senegal,686,2020,8,1.41
Senegal,686,2021,8,1.12
Senegal,686,2022,8,1.039
Senegal,686,2023,8,1.905
Senegal,686,2024,8,1.722
Senegal,686,2025,8,1.064
Senegal,686,2020,9,0.742
Senegal,686,2021,9,1.628
Senegal,686,2022,9,0.651
Senegal,686,2023,9,1.8
Senegal,686,2024,9,0.314
Senegal,686,2025,9,1.323
Senegal,686,2020,10,1.367
Senegal,686,2021,10,1.704
Senegal,686,2022,10,1.088
Senegal,686,2023,10,2.162
Senegal,686,2024,10,0.912
Senegal,686,2025,10,1.536
Senegal,686,2020,11,1.376
Senegal,686,2021,11,2.667
Senegal,686,2022,11,0.477
Senegal,686,2023,11,2.067
Senegal,686,2024,11,1.669
Senegal,686,2025,11,2.291
Senegal,686,2020,12,2.791
Senegal,686,2021,12,3.431
Senegal,686,2022,12,2.495
Senegal,686,2023,12,2.523
Senegal,686,2024,12,1.405
Senegal,686,2025,12,1.161
Serbia,688,2020,1,2.018
Serbia,688,2021,1,3.215
Serbia,688,2022,1,2.112
Serbia,688,2023,1,5.254
Serbia,688,2024,1,3.387
Serbia,688,2025,1,4.092
Serbia,688,2020,2,4.182
Serbia,688,2021,2,3.368
Serbia,688,2022,2,3.412
Serbia,688,2023,2,2.041
Serbia,688,2024,2,6.901
Serbia,688,2025,2,0.493
Serbia,688,2020,3,2.171
Serbia,688,2021,3,0.024
Serbia,688,2022,3,-0.632
Serbia,688,2023,3,2.74
Serbia,688,2024,3,4.442
Serbia,688,2025,3,4.084
Serbia,688,2020,4,1.021
Serbia,688,2021,4,-1.366
Serbia,688,2022,4,0.121
Serbia,688,2023,4,-0.615
Serbia,688,2024,4,3.48
Serbia,688,2025,4,1.822
Serbia,688,2020,5,0.34
Serbia,688,2021,5,0.574
Serbia,688,2022,5,2.459
Serbia,688,2023,5,0.71
Serbia,688,2024,5,1.713
Serbia,688,2025,5,-0.388
Serbia,688,2020,6,0.729
Serbia,688,2021,6,2.187
Serbia,688,2022,6,3.491
Serbia,688,2023,6,1.209
Serbia,688,2024,6,4.147
Serbia,688,2025,6,3.66
Serbia,688,2020,7,1.376
Serbia,688,2021,7,3.84
Serbia,688,2022,7,3.038
Serbia,688,2023,7,3.355
Serbia,688,2024,7,4.668
Serbia,688,2025,7,3.26
Serbia,688,2020,8,2.479
Serbia,688,2021,8,2.376
Serbia,688,2022,8,2.861
Serbia,688,2023,8,2.774
Serbia,688,2024,8,4.93
Serbia,688,2025,8,2.457
Serbia,688,2020,9,2.887
Serbia,688,2021,9,1.058
Serbia,688,2022,9,0.359
Serbia,688,2023,9,3.864
Serbia,688,2024,9,1.935
Serbia,688,2025,9,2.953
Serbia,688,2020,10,1.811
Serbia,688,2021,10,-0.765
Serbia,688,2022,10,2.639
Serbia,688,2023,10,4.566
Serbia,688,2024,10,2.392
Serbia,688,2025,10,-0.441
Serbia,688,2020,11,0.45
Serbia,688,2021,11,1.65
Serbia,688,2022,11,2.357
Serbia,688,2023,11,1.682
Serbia,688,2024,11,-0.7
Serbia,688,2025,11,1.574
Serbia,688,2020,12,3.377
Serbia,688,2021,12,1.506
Serbia,688,2022,12,3.692
Serbia,688,2023,12,3.523
Serbia,688,2024,12,1.812
Serbia,688,2025,12,2.131
Seychelles,690,2020,1,0.976
Seychelles,690,2021,1,0.281
Seychelles,690,2022,1,0.529
Seychelles,690,2023,1,0.492
Seychelles,690,2024,1,1.745
Seychelles,690,2025,1,0.934
Seychelles,690,2020,2,1.693
Seychelles,690,2021,2,0.62
Seychelles,690,2022,2,0.607
Seychelles,690,2023,2,0.53
Seychelles,690,2024,2,1.736
Seychelles,690,2025,2,1.708
Seychelles,690,2020,3,1.407
Seychelles,690,2021,3,0.937
Seychelles,690,2022,3,0.792
Seychelles,690,2023,3,0.929
Seychelles,690,2024,3,1.47
Seychelles,690,2025,3,1.455
Seychelles,690,2020,4,1.342
Seychelles,690,2021,4,0.77
Seychelles,690,2022,4,0.882
Seychelles,690,2023,4,0.723
Seychelles,690,2024,4,1.156
Seychelles,690,2025,4,1.371
Seychelles,690,2020,5,1.468
Seychelles,690,2021,5,0.252
Seychelles,690,2022,5,0.503
Seychelles,690,2023,5,0.928
Seychelles,690,2024,5,1.254
Seychelles,690,2025,5,1.49
Seychelles,690,2020,6,1.318
Seychelles,690,2021,6,0.443
Seychelles,690,2022,6,0.359
Seychelles,690,2023,6,1.161
Seychelles,690,2024,6,1.435
Seychelles,690,2025,6,1.187
Seychelles,690,2020,7,0.943
Seychelles,690,2021,7,0.296
Seychelles,690,2022,7,-0.009
Seychelles,690,2023,7,0.753
Seychelles,690,2024,7,1.572
Seychelles,690,2025,7,0.795
Seychelles,690,2020,8,0.949
Seychelles,690,2021,8,0.731
Seychelles,690,2022,8,0.302
Seychelles,690,2023,8,1.28
Seychelles,690,2024,8,1.485
Seychelles,690,2025,8,-0.252
Seychelles,690,2020,9,1.221
Seychelles,690,2021,9,0.875
Seychelles,690,2022,9,0.454
Seychelles,690,2023,9,1.338
Seychelles,690,2024,9,1.634
Seychelles,690,2025,9,0.873
Seychelles,690,2020,10,1.612
Seychelles,690,2021,10,1.126
Seychelles,690,2022,10,0.359
Seychelles,690,2023,10,1.502
Seychelles,690,2024,10,2.206
Seychelles,690,2025,10,1.074
Seychelles,690,2020,11,1.114
Seychelles,690,2021,11,1.218
Seychelles,690,2022,11,0.625
Seychelles,690,2023,11,1.517
Seychelles,690,2024,11,1.823
Seychelles,690,2025,11,0.959
Seychelles,690,2020,12,0.936
Seychelles,690,2021,12,1.16
Seychelles,690,2022,12,0.648
Seychelles,690,2023,12,1.507
Seychelles,690,2024,12,0.962
Seychelles,690,2025,12,1.083
Sierra Leone,694,2020,1,1.549
Sierra Leone,694,2021,1,1.367
Sierra Leone,694,2022,1,2.305
Sierra Leone,694,2023,1,1.355
Sierra Leone,694,2024,1,2.399
Sierra Leone,694,2025,1,1.275
Sierra Leone,694,2020,2,1.844
Sierra Leone,694,2021,2,2.217
Sierra Leone,694,2022,2,1.955
Sierra Leone,694,2023,2,1.221
Sierra Leone,694,2024,2,2.318
Sierra Leone,694,2025,2,1.35
Sierra Leone,694,2020,3,2.302
Sierra Leone,694,2021,3,1.366
Sierra Leone,694,2022,3,1.569
Sierra Leone,694,2023,3,0.954
Sierra Leone,694,2024,3,1.936
Sierra Leone,694,2025,3,1.092
Sierra Leone,694,2020,4,1.297
Sierra Leone,694,2021,4,1.396
Sierra Leone,694,2022,4,1.05
Sierra Leone,694,2023,4,0.964
Sierra Leone,694,2024,4,1.802
Sierra Leone,694,2025,4,1.39
Sierra Leone,694,2020,5,1.619
Sierra Leone,694,2021,5,1.118
Sierra Leone,694,2022,5,1.354
Sierra Leone,694,2023,5,1.072
Sierra Leone,694,2024,5,1.728
Sierra Leone,694,2025,5,1.496
Sierra Leone,694,2020,6,1.965
Sierra Leone,694,2021,6,1.522
Sierra Leone,694,2022,6,1.336
Sierra Leone,694,2023,6,1.132
Sierra Leone,694,2024,6,1.886
Sierra Leone,694,2025,6,1.294
Sierra Leone,694,2020,7,1.188
Sierra Leone,694,2021,7,1.562
Sierra Leone,694,2022,7,1.234
Sierra Leone,694,2023,7,1.629
Sierra Leone,694,2024,7,0.945
Sierra Leone,694,2025,7,0.938
Sierra Leone,694,2020,8,1.126
Sierra Leone,694,2021,8,1.569
Sierra Leone,694,2022,8,1.064
Sierra Leone,694,2023,8,1.584
Sierra Leone,694,2024,8,1.339
Sierra Leone,694,2025,8,0.889
Sierra Leone,694,2020,9,1.468
Sierra Leone,694,2021,9,1.882
Sierra Leone,694,2022,9,1.106
Sierra Leone,694,2023,9,1.637
Sierra Leone,694,2024,9,1.072
Sierra Leone,694,2025,9,1.382
Sierra Leone,694,2020,10,1.634
Sierra Leone,694,2021,10,1.616
Sierra Leone,694,2022,10,1.359
Sierra Leone,694,2023,10,1.29
Sierra Leone,694,2024,10,1.051
Sierra Leone,694,2025,10,1.102
Sierra Leone,694,2020,11,1.236
Sierra Leone,694,2021,11,1.853
Sierra Leone,694,2022,11,1.169
Sierra Leone,694,2023,11,1.565
Sierra Leone,694,2024,11,1.668
Sierra Leone,694,2025,11,1.416
Sierra Leone,694,2020,12,1.599
Sierra Leone,694,2021,12,2.29
Sierra Leone,694,2022,12,1.708
Sierra Leone,694,2023,12,1.244
Sierra Leone,694,2024,12,1.755
Sierra Leone,694,2025,12,-0.116
Slovakia,703,2020,1,2.749
Slovakia,703,2021,1,2.813
Slovakia,703,2022,1,2.953
Slovakia,703,2023,1,5.977
Slovakia,703,2024,1,3.586
Slovakia,703,2025,1,4.649
Slovakia,703,2020,2,4.969
Slovakia,703,2021,2,1.884
Slovakia,703,2022,2,4.207
Slovakia,703,2023,2,2.47
Slovakia,703,2024,2,7.827
Slovakia,703,2025,2,0.9
Slovakia,703,2020,3,2.451
Slovakia,703,2021,3,0.679
Slovakia,703,2022,3,0.863
Slovakia,703,2023,3,2.831
Slovakia,703,2024,3,4.807
Slovakia,703,2025,3,3.791
Slovakia,703,2020,4,1.402
Slovakia,703,2021,4,-1.485
Slovakia,703,2022,4,-0.822
Slovakia,703,2023,4,-0.586
Slovakia,703,2024,4,3.29
Slovakia,703,2025,4,2.711
Slovakia,703,2020,5,-0.875
Slovakia,703,2021,5,-0.74
Slovakia,703,2022,5,2.13
Slovakia,703,2023,5,0.78
Slovakia,703,2024,5,2.718
Slovakia,703,2025,5,-1.026
Slovakia,703,2020,6,1.679
Slovakia,703,2021,6,3.27
Slovakia,703,2022,6,3.311
Slovakia,703,2023,6,1.397
Slovakia,703,2024,6,2.968
Slovakia,703,2025,6,2.851
Slovakia,703,2020,7,1.404
Slovakia,703,2021,7,3.61
Slovakia,703,2022,7,2.878
Slovakia,703,2023,7,2.678
Slovakia,703,2024,7,4.044
Slovakia,703,2025,7,1.841
Slovakia,703,2020,8,3.214
Slovakia,703,2021,8,0.57
Slovakia,703,2022,8,3.793
Slovakia,703,2023,8,3.075
Slovakia,703,2024,8,4.691
Slovakia,703,2025,8,1.786
Slovakia,703,2020,9,2.2
Slovakia,703,2021,9,0.941
Slovakia,703,2022,9,-0.083
Slovakia,703,2023,9,4.242
Slovakia,703,2024,9,2.783
Slovakia,703,2025,9,2.421
Slovakia,703,2020,10,1.568
Slovakia,703,2021,10,-0.102
Slovakia,703,2022,10,2.694
Slovakia,703,2023,10,3.562
Slovakia,703,2024,10,1.674
Slovakia,703,2025,10,-0.29
Slovakia,703,2020,11,0.756
Slovakia,703,2021,11,0.822
Slovakia,703,2022,11,1.655
Slovakia,703,2023,11,1.325
Slovakia,703,2024,11,-0.555
Slovakia,703,2025,11,0.917
Slovakia,703,2020,12,3.186
Slovakia,703,2021,12,0.759
Slovakia,703,2022,12,1.862
Slovakia,703,2023,12,2.466
Slovakia,703,2024,12,2.2
Slovakia,703,2025,12,3.036
Slovenia,705,2020,1,3.184
Slovenia,705,2021,1,1.727
Slovenia,705,2022,1,2.413
Slovenia,705,2023,1,4.198
Slovenia,705,2024,1,2.673
Slovenia,705,2025,1,3.781
Slovenia,705,2020,2,4.809
Slovenia,705,2021,2,3.772
Slovenia,705,2022,2,3.555
Slovenia,705,2023,2,1.99
Slovenia,705,2024,2,6.262
Slovenia,705,2025,2,1.508
Slovenia,705,2020,3,1.94
Slovenia,705,2021,3,1.019
Slovenia,705,2022,3,0.708
Slovenia,705,2023,3,2.873
Slovenia,705,2024,3,4.132
Slovenia,705,2025,3,3.217
Slovenia,705,2020,4,2.483
Slovenia,705,2021,4,-0.975
Slovenia,705,2022,4,0.312
Slovenia,705,2023,4,-0.003
Slovenia,705,2024,4,2.946
Slovenia,705,2025,4,2.927
Slovenia,705,2020,5,0.793
Slovenia,705,2021,5,-0.57
Slovenia,705,2022,5,3.476
Slovenia,705,2023,5,1.223
Slovenia,705,2024,5,2.27
Slovenia,705,2025,5,0.564
Slovenia,705,2020,6,1.201
Slovenia,705,2021,6,3.81
Slovenia,705,2022,6,4.205
Slovenia,705,2023,6,2.368
Slovenia,705,2024,6,2.993
Slovenia,705,2025,6,4.742
Slovenia,705,2020,7,1.646
Slovenia,705,2021,7,3.09
Slovenia,705,2022,7,3.61
Slovenia,705,2023,7,3.031
Slovenia,705,2024,7,4.327
Slovenia,705,2025,7,2.16
Slovenia,705,2020,8,3.219
Slovenia,705,2021,8,1.585
Slovenia,705,2022,8,3.426
Slovenia,705,2023,8,2.696
Slovenia,705,2024,8,5.405
Slovenia,705,2025,8,2.455
Slovenia,705,2020,9,1.919
Slovenia,705,2021,9,1.773
Slovenia,705,2022,9,0.467
Slovenia,705,2023,9,3.74
Slovenia,705,2024,9,1.415
Slovenia,705,2025,9,2.339
Slovenia,705,2020,10,1.15
Slovenia,705,2021,10,-0.241
Slovenia,705,2022,10,4.099
Slovenia,705,2023,10,4.518
Slovenia,705,2024,10,2.642
Slovenia,705,2025,10,0.365
Slovenia,705,2020,11,0.962
Slovenia,705,2021,11,0.981
Slovenia,705,2022,11,2.265
Slovenia,705,2023,11,1.423
Slovenia,705,2024,11,0.431
Slovenia,705,2025,11,0.951
Slovenia,705,2020,12,2.181
Slovenia,705,2021,12,1.408
Slovenia,705,2022,12,2.764
Slovenia,705,2023,12,3.198
Slovenia,705,2024,12,1.655
Slovenia,705,2025,12,2.1
Solomon Islands,090,2020,1,1.057
Solomon Islands,090,2021,1,0.538
Solomon Islands,090,2022,1,0.294
Solomon Islands,090,2023,1,0.472
Solomon Islands,090,2024,1,0.442
Solomon Islands,090,2025,1,0.572
Solomon Islands,090,2020,2,0.448
Solomon Islands,090,2021,2,-0.178
Solomon Islands,090,2022,2,0.069
Solomon Islands,090,2023,2,0.552
Solomon Islands,090,2024,2,0.729
Solomon Islands,090,2025,2,0.285
Solomon Islands,090,2020,3,0.695
Solomon Islands,090,2021,3,-0.028
Solomon Islands,090,2022,3,0.157
Solomon Islands,090,2023,3,0.016
Solomon Islands,090,2024,3,0.706
Solomon Islands,090,2025,3,0.085
Solomon Islands,090,2020,4,0.424
Solomon Islands,090,2021,4,-0.3
Solomon Islands,090,2022,4,0.216
Solomon Islands,090,2023,4,0.688
Solomon Islands,090,2024,4,1.024
Solomon Islands,090,2025,4,-0.117
Solomon Islands,090,2020,5,0.588
Solomon Islands,090,2021,5,0.048
Solomon Islands,090,2022,5,0.399
Solomon Islands,090,2023,5,0.689
Solomon Islands,090,2024,5,0.223
Solomon Islands,090,2025,5,0.465
Solomon Islands,090,2020,6,0.628
Solomon Islands,090,2021,6,0.379
Solomon Islands,090,2022,6,0.371
Solomon Islands,090,2023,6,0.542
Solomon Islands,090,2024,6,0.666
Solomon Islands,090,2025,6,0.242
Solomon Islands,090,2020,7,0.667
Solomon Islands,090,2021,7,0.936
Solomon Islands,090,2022,7,1.447
Solomon Islands,090,2023,7,0.404
Solomon Islands,090,2024,7,0.945
Solomon Islands,090,2025,7,0.428
Solomon Islands,090,2020,8,0.636
Solomon Islands,090,2021,8,0.448
Solomon Islands,090,2022,8,0.61
Solomon Islands,090,2023,8,-0.119
Solomon Islands,090,2024,8,0.381
Solomon Islands,090,2020,9,0.461
Solomon Islands,090,2021,9,0.377
Solomon Islands,090,2022,9,0.527
Solomon Islands,090,2023,9,0.721
Solomon Islands,090,2024,9,0.59
Solomon Islands,090,2020,10,0.539
Solomon Islands,090,2021,10,0.402
Solomon Islands,090,2022,10,0.71
Solomon Islands,090,2023,10,0.421
Solomon Islands,090,2024,10,0.454
Solomon Islands,090,2020,11,0.3
Solomon Islands,090,2021,11,0.223
Solomon Islands,090,2022,11,0.451
Solomon Islands,090,2023,11,0.628
Solomon Islands,090,2024,11,0.512
Solomon Islands,090,2020,12,0.782
Solomon Islands,090,2021,12,0.353
Solomon Islands,090,2022,12,0.216
Solomon Islands,090,2023,12,0.955
Solomon Islands,090,2024,12,0.764
Somalia,706,2020,1,1.022
Somalia,706,2021,1,0.438
Somalia,706,2022,1,1.18
Somalia,706,2023,1,1.034
Somalia,706,2024,1,2.12
Somalia,706,2025,1,0.717
Somalia,706,2020,2,1.953
Somalia,706,2021,2,0.583
Somalia,706,2022,2,0.813
Somalia,706,2023,2,1.288
Somalia,706,2024,2,2.583
Somalia,706,2025,2,1.683
Somalia,706,2020,3,1.379
Somalia,706,2021,3,0.691
Somalia,706,2022,3,0.78
Somalia,706,2023,3,0.083
Somalia,706,2024,3,2.61
Somalia,706,2025,3,1.606
Somalia,706,2020,4,2.231
Somalia,706,2021,4,1.113
Somalia,706,2022,4,2.092
Somalia,706,2023,4,-0.299
Somalia,706,2024,4,2.436
Somalia,706,2025,4,1.096
Somalia,706,2020,5,1.205
Somalia,706,2021,5,1.097
Somalia,706,2022,5,2.188
Somalia,706,2023,5,0.176
Somalia,706,2024,5,1.98
Somalia,706,2025,5,2.066
Somalia,706,2020,6,1.469
Somalia,706,2021,6,1.46
Somalia,706,2022,6,2.432
Somalia,706,2023,6,1.624
Somalia,706,2024,6,2.249
Somalia,706,2025,6,2.158
Somalia,706,2020,7,1.157
Somalia,706,2021,7,0.851
Somalia,706,2022,7,0.843
Somalia,706,2023,7,1.065
Somalia,706,2024,7,2.133
Somalia,706,2025,7,1.174
Somalia,706,2020,8,1.032
Somalia,706,2021,8,1.026
Somalia,706,2022,8,0.491
Somalia,706,2023,8,1.52
Somalia,706,2024,8,2.119
Somalia,706,2025,8,0.878
Somalia,706,2020,9,0.862
Somalia,706,2021,9,1.388
Somalia,706,2022,9,0.362
Somalia,706,2023,9,1.629
Somalia,706,2024,9,2.195
Somalia,706,2025,9,1.778
Somalia,706,2020,10,1.299
Somalia,706,2021,10,1.704
Somalia,706,2022,10,0.603
Somalia,706,2023,10,1.013
Somalia,706,2024,10,2.945
Somalia,706,2025,10,1.416
Somalia,706,2020,11,0.854
Somalia,706,2021,11,1.69
Somalia,706,2022,11,1.056
Somalia,706,2023,11,-0.361
Somalia,706,2024,11,1.942
Somalia,706,2020,12,1.116
Somalia,706,2021,12,0.942
Somalia,706,2022,12,1.204
Somalia,706,2023,12,0.331
Somalia,706,2024,12,2.256
South Africa,710,2020,1,1.053
South Africa,710,2021,1,0.79
South Africa,710,2022,1,0.842
South Africa,710,2023,1,1.192
South Africa,710,2024,1,1.041
South Africa,710,2025,1,0.674
South Africa,710,2020,2,1.243
South Africa,710,2021,2,0.554
South Africa,710,2022,2,1.21
South Africa,710,2023,2,0.726
South Africa,710,2024,2,1.751
South Africa,710,2025,2,1.348
South Africa,710,2020,3,0.978
South Africa,710,2021,3,0.562
South Africa,710,2022,3,0.582
South Africa,710,2023,3,0.739
South Africa,710,2024,3,2.431
South Africa,710,2025,3,1.979
South Africa,710,2020,4,0.856
South Africa,710,2021,4,2.157
South Africa,710,2022,4,-0.164
South Africa,710,2023,4,0.935
South Africa,710,2024,4,1.523
South Africa,710,2025,4,0.77
South Africa,710,2020,5,1.365
South Africa,710,2021,5,1.09
South Africa,710,2022,5,0.907
South Africa,710,2023,5,0.861
South Africa,710,2024,5,3.861
South Africa,710,2025,5,0.348
South Africa,710,2020,6,1.121
South Africa,710,2021,6,1.98
South Africa,710,2022,6,0.964
South Africa,710,2023,6,1.135
South Africa,710,2024,6,1.729
South Africa,710,2025,6,0.137
South Africa,710,2020,7,1.033
South Africa,710,2021,7,-0.362
South Africa,710,2022,7,1.522
South Africa,710,2023,7,0.509
South Africa,710,2024,7,0.198
South Africa,710,2025,7,0.592
South Africa,710,2020,8,-0.169
South Africa,710,2021,8,0.499
South Africa,710,2022,8,0.766
South Africa,710,2023,8,1.293
South Africa,710,2024,8,1.319
South Africa,710,2025,8,1.279
South Africa,710,2020,9,0.653
South Africa,710,2021,9,1.425
South Africa,710,2022,9,1.855
South Africa,710,2023,9,0.56
South Africa,710,2024,9,0.778
South Africa,710,2025,9,1.642
South Africa,710,2020,10,1.926
South Africa,710,2021,10,0.261
South Africa,710,2022,10,3.179
South Africa,710,2023,10,1.215
South Africa,710,2024,10,1.995
South Africa,710,2025,10,0.889
South Africa,710,2020,11,1.021
South Africa,710,2021,11,0.392
South Africa,710,2022,11,0.691
South Africa,710,2023,11,2.394
South Africa,710,2024,11,1.174
South Africa,710,2025,11,0.673
South Africa,710,2020,12,1.047
South Africa,710,2021,12,-0.186
South Africa,710,2022,12,1.08
South Africa,710,2023,12,0.831
South Africa,710,2024,12,2.256
South Africa,710,2025,12,0.809
South Georgia and the South Sandwich Islands,239,2020,1,0.997
South Georgia and the South Sandwich Islands,239,2021,1,2.647
South Georgia and the South Sandwich Islands,239,2022,1,0.947
South Georgia and the South Sandwich Islands,239,2023,1,2.747
South Georgia and the South Sandwich Islands,239,2024,1,-0.173
South Georgia and the South Sandwich Islands,239,2025,1,2.027
South Georgia and the South Sandwich Islands,239,2020,2,1.143
South Georgia and the South Sandwich Islands,239,2021,2,0.743
South Georgia and the South Sandwich Islands,239,2022,2,0.193
South Georgia and the South Sandwich Islands,239,2023,2,1.593
South Georgia and the South Sandwich Islands,239,2024,2,0.823
South Georgia and the South Sandwich Islands,239,2025,2,-0.727
South Georgia and the South Sandwich Islands,239,2020,3,0.235
South Georgia and the South Sandwich Islands,239,2021,3,0.885
South Georgia and the South Sandwich Islands,239,2022,3,-0.065
South Georgia and the South Sandwich Islands,239,2023,3,0.785
South Georgia and the South Sandwich Islands,239,2025,3,0.265
South Georgia and the South Sandwich Islands,239,2020,4,0.807
South Georgia and the South Sandwich Islands,239,2021,4,2.407
South Georgia and the South Sandwich Islands,239,2022,4,1.457
South Georgia and the South Sandwich Islands,239,2023,4,-0.093
South Georgia and the South Sandwich Islands,239,2024,4,0.587
South Georgia and the South Sandwich Islands,239,2025,4,-0.483
South Georgia and the South Sandwich Islands,239,2020,5,-2.67
South Georgia and the South Sandwich Islands,239,2021,5,-0.17
South Georgia and the South Sandwich Islands,239,2022,5,-0.37
South Georgia and the South Sandwich Islands,239,2023,5,1.53
South Georgia and the South Sandwich Islands,239,2024,5,-0.14
South Georgia and the South Sandwich Islands,239,2025,5,0.76
South Georgia and the South Sandwich Islands,239,2020,6,-1.003
South Georgia and the South Sandwich Islands,239,2021,6,-1.253
South Georgia and the South Sandwich Islands,239,2022,6,-0.203
South Georgia and the South Sandwich Islands,239,2023,6,0.597
South Georgia and the South Sandwich Islands,239,2024,6,-1.673
South Georgia and the South Sandwich Islands,239,2025,6,-0.933
South Georgia and the South Sandwich Islands,239,2020,7,-3.528
South Georgia and the South Sandwich Islands,239,2021,7,-2.078
South Georgia and the South Sandwich Islands,239,2022,7,0.522
South Georgia and the South Sandwich Islands,239,2023,7,-0.628
South Georgia and the South Sandwich Islands,239,2024,7,-1.128
South Georgia and the South Sandwich Islands,239,2025,7,1.382
South Georgia and the South Sandwich Islands,239,2020,8,-0.494
South Georgia and the South Sandwich Islands,239,2021,8,1.156
South Georgia and the South Sandwich Islands,239,2022,8,0.706
South Georgia and the South Sandwich Islands,239,2023,8,-0.544
South Georgia and the South Sandwich Islands,239,2025,8,0.476
South Georgia and the South Sandwich Islands,239,2020,9,0.346
South Georgia and the South Sandwich Islands,239,2021,9,3.296
South Georgia and the South Sandwich Islands,239,2022,9,0.396
South Georgia and the South Sandwich Islands,239,2023,9,-1.254
South Georgia and the South Sandwich Islands,239,2024,9,1.596
South Georgia and the South Sandwich Islands,239,2025,9,0.386
South Georgia and the South Sandwich Islands,239,2020,10,0.071
South Georgia and the South Sandwich Islands,239,2021,10,1.871
South Georgia and the South Sandwich Islands,239,2022,10,1.571
South Georgia and the South Sandwich Islands,239,2023,10,1.671
South Georgia and the South Sandwich Islands,239,2024,10,-0.859
South Georgia and the South Sandwich Islands,239,2025,10,1.741
South Georgia and the South Sandwich Islands,239,2020,11,2.675
South Georgia and the South Sandwich Islands,239,2021,11,2.475
South Georgia and the South Sandwich Islands,239,2022,11,2.975
South Georgia and the South Sandwich Islands,239,2023,11,0.275
South Georgia and the South Sandwich Islands,239,2024,11,0.775
South Georgia and the South Sandwich Islands,239,2025,11,-0.485
South Georgia and the South Sandwich Islands,239,2022,12,3.088
South Georgia and the South Sandwich Islands,239,2023,12,1.438
South Georgia and the South Sandwich Islands,239,2024,12,0.738
South Georgia and the South Sandwich Islands,239,2025,12,0.398
South Sudan,728,2020,1,-0.862
South Sudan,728,2021,1,1.536
South Sudan,728,2022,1,0.458
South Sudan,728,2023,1,1.095
South Sudan,728,2024,1,2.076
South Sudan,728,2025,1,1.473
South Sudan,728,2020,2,0.126
South Sudan,728,2021,2,-0.205
South Sudan,728,2022,2,-0.408
South Sudan,728,2023,2,1.286
South Sudan,728,2024,2,1.621
South Sudan,728,2025,2,2.156
South Sudan,728,2020,3,0.997
South Sudan,728,2021,3,1.601
South Sudan,728,2022,3,1.067
South Sudan,728,2023,3,0.392
South Sudan,728,2024,3,2.547
South Sudan,728,2025,3,1.5
South Sudan,728,2020,4,0.624
South Sudan,728,2021,4,1.269
South Sudan,728,2022,4,1.221
South Sudan,728,2023,4,1.333
South Sudan,728,2024,4,1.436
South Sudan,728,2025,4,1.525
South Sudan,728,2020,5,1.26
South Sudan,728,2021,5,0.338
South Sudan,728,2022,5,2.314
South Sudan,728,2023,5,1.141
South Sudan,728,2024,5,2.32
South Sudan,728,2025,5,1.585
South Sudan,728,2020,6,0.648
South Sudan,728,2021,6,1.271
South Sudan,728,2022,6,0.849
South Sudan,728,2023,6,1.823
South Sudan,728,2024,6,2.297
South Sudan,728,2025,6,2.307
South Sudan,728,2020,7,0.36
South Sudan,728,2021,7,0.618
South Sudan,728,2022,7,0.901
South Sudan,728,2023,7,1.956
South Sudan,728,2024,7,2.064
South Sudan,728,2025,7,2.423
South Sudan,728,2020,8,0.695
South Sudan,728,2021,8,1.129
South Sudan,728,2022,8,0.249
South Sudan,728,2023,8,1.817
South Sudan,728,2024,8,1.559
South Sudan,728,2025,8,1.221
South Sudan,728,2020,9,0.75
South Sudan,728,2021,9,0.381
South Sudan,728,2022,9,0.616
South Sudan,728,2023,9,2.198
South Sudan,728,2024,9,2.454
South Sudan,728,2025,9,1.741
South Sudan,728,2020,10,1.101
South Sudan,728,2021,10,1.536
South Sudan,728,2022,10,0.732
South Sudan,728,2023,10,1.648
South Sudan,728,2024,10,1.863
South Sudan,728,2025,10,3.061
South Sudan,728,2020,11,0.74
South Sudan,728,2021,11,1.58
South Sudan,728,2022,11,0.923
South Sudan,728,2023,11,1.812
South Sudan,728,2024,11,1.288
South Sudan,728,2020,12,1.916
South Sudan,728,2021,12,1.647
South Sudan,728,2022,12,0.701
South Sudan,728,2023,12,2.178
South Sudan,728,2024,12,1.617
Spain,724,2020,1,1.055
Spain,724,2021,1,-0.004
Spain,724,2022,1,0.732
Spain,724,2023,1,0.712
Spain,724,2024,1,2.781
Spain,724,2025,1,2.053
Spain,724,2020,2,3.497
Spain,724,2021,2,2.892
Spain,724,2022,2,2.127
Spain,724,2023,2,0.252
Spain,724,2024,2,3.138
Spain,724,2025,2,2.044
Spain,724,2020,3,1.609
Spain,724,2021,3,1.309
Spain,724,2022,3,0.978
Spain,724,2023,3,2.978
Spain,724,2024,3,2.045
Spain,724,2025,3,0.984
Spain,724,2020,4,2.133
Spain,724,2021,4,1.46
Spain,724,2022,4,0.81
Spain,724,2023,4,3.816
Spain,724,2024,4,2.569
Spain,724,2025,4,2.533
Spain,724,2020,5,3.189
Spain,724,2021,5,1.351
Spain,724,2022,5,3.409
Spain,724,2023,5,2.0
Spain,724,2024,5,1.57
Spain,724,2025,5,1.981
Spain,724,2020,6,1.49
Spain,724,2021,6,1.76
Spain,724,2022,6,3.375
Spain,724,2023,6,3.243
Spain,724,2024,6,1.888
Spain,724,2025,6,4.925
Spain,724,2020,7,2.796
Spain,724,2021,7,1.276
Spain,724,2022,7,3.679
Spain,724,2023,7,2.898
Spain,724,2024,7,2.599
Spain,724,2025,7,2.506
Spain,724,2020,8,2.05
Spain,724,2021,8,1.927
Spain,724,2022,8,3.094
Spain,724,2023,8,3.267
Spain,724,2024,8,3.212
Spain,724,2025,8,3.345
Spain,724,2020,9,1.346
Spain,724,2021,9,1.521
Spain,724,2022,9,1.584
Spain,724,2023,9,1.807
Spain,724,2024,9,0.468
Spain,724,2025,9,1.417
Spain,724,2020,10,0.161
Spain,724,2021,10,1.711
Spain,724,2022,10,3.821
Spain,724,2023,10,3.592
Spain,724,2024,10,2.063
Spain,724,2025,10,2.853
Spain,724,2020,11,2.476
Spain,724,2021,11,-0.078
Spain,724,2022,11,2.786
Spain,724,2023,11,2.79
Spain,724,2024,11,3.569
Spain,724,2025,11,1.519
Spain,724,2020,12,1.146
Spain,724,2021,12,2.415
Spain,724,2022,12,3.418
Spain,724,2023,12,1.495
Spain,724,2024,12,1.472
Spain,724,2025,12,1.397
Sri Lanka,144,2020,1,1.738
Sri Lanka,144,2021,1,0.927
Sri Lanka,144,2022,1,1.309
Sri Lanka,144,2023,1,0.38
Sri Lanka,144,2024,1,1.521
Sri Lanka,144,2025,1,0.602
Sri Lanka,144,2020,2,1.615
Sri Lanka,144,2021,2,0.955
Sri Lanka,144,2022,2,0.984
Sri Lanka,144,2023,2,0.493
Sri Lanka,144,2024,2,2.271
Sri Lanka,144,2025,2,1.148
Sri Lanka,144,2020,3,0.486
Sri Lanka,144,2021,3,0.806
Sri Lanka,144,2022,3,1.203
Sri Lanka,144,2023,3,0.824
Sri Lanka,144,2024,3,1.321
Sri Lanka,144,2025,3,0.698
Sri Lanka,144,2020,4,0.641
Sri Lanka,144,2021,4,0.985
Sri Lanka,144,2022,4,0.498
Sri Lanka,144,2023,4,0.774
Sri Lanka,144,2024,4,1.724
Sri Lanka,144,2025,4,0.722
Sri Lanka,144,2020,5,0.908
Sri Lanka,144,2021,5,0.448
Sri Lanka,144,2022,5,0.45
Sri Lanka,144,2023,5,0.596
Sri Lanka,144,2024,5,1.017
Sri Lanka,144,2025,5,0.431
Sri Lanka,144,2020,6,1.369
Sri Lanka,144,2021,6,0.854
Sri Lanka,144,2022,6,0.67
Sri Lanka,144,2023,6,1.449
Sri Lanka,144,2024,6,1.413
Sri Lanka,144,2025,6,0.81
Sri Lanka,144,2020,7,0.772
Sri Lanka,144,2021,7,0.948
Sri Lanka,144,2022,7,0.798
Sri Lanka,144,2023,7,1.37
Sri Lanka,144,2024,7,1.864
Sri Lanka,144,2025,7,1.128
Sri Lanka,144,2020,8,0.946
Sri Lanka,144,2021,8,0.704
Sri Lanka,144,2022,8,0.322
Sri Lanka,144,2023,8,1.751
Sri Lanka,144,2024,8,0.833
Sri Lanka,144,2025,8,0.594
Sri Lanka,144,2020,9,0.336
Sri Lanka,144,2021,9,0.96
Sri Lanka,144,2022,9,0.636
Sri Lanka,144,2023,9,0.672
Sri Lanka,144,2024,9,1.826
Sri Lanka,144,2025,9,1.069
Sri Lanka,144,2020,10,1.556
Sri Lanka,144,2021,10,0.725
Sri Lanka,144,2022,10,0.441
Sri Lanka,144,2023,10,0.603
Sri Lanka,144,2024,10,1.257
Sri Lanka,144,2025,10,0.686
Sri Lanka,144,2020,11,1.427
Sri Lanka,144,2021,11,0.598
Sri Lanka,144,2022,11,0.513
Sri Lanka,144,2023,11,1.309
Sri Lanka,144,2024,11,1.134
Sri Lanka,144,2025,11,0.624
Sri Lanka,144,2020,12,0.751
Sri Lanka,144,2021,12,1.104
Sri Lanka,144,2022,12,0.487
Sri Lanka,144,2023,12,1.559
Sri Lanka,144,2024,12,1.677
Sri Lanka,144,2025,12,0.463
Sudan,729,2020,1,-1.288
Sudan,729,2021,1,2.02
Sudan,729,2022,1,0.148
Sudan,729,2023,1,1.121
Sudan,729,2024,1,1.176
Sudan,729,2025,1,1.879
Sudan,729,2020,2,-0.642
Sudan,729,2021,2,-0.035
Sudan,729,2022,2,-0.974
Sudan,729,2023,2,-0.311
Sudan,729,2024,2,0.617
Sudan,729,2025,2,0.385
Sudan,729,2020,3,1.06
Sudan,729,2021,3,1.74
Sudan,729,2022,3,0.304
Sudan,729,2023,3,0.567
Sudan,729,2024,3,2.009
Sudan,729,2025,3,1.443
Sudan,729,2020,4,1.102
Sudan,729,2021,4,1.677
Sudan,729,2022,4,3.79
Sudan,729,2023,4,0.477
Sudan,729,2024,4,0.784
Sudan,729,2025,4,0.917
Sudan,729,2020,5,1.445
Sudan,729,2021,5,1.056
Sudan,729,2022,5,1.898
Sudan,729,2023,5,0.805
Sudan,729,2024,5,1.776
Sudan,729,2025,5,1.008
Sudan,729,2020,6,1.407
Sudan,729,2021,6,1.961
Sudan,729,2022,6,1.609
Sudan,729,2023,6,0.595
Sudan,729,2024,6,2.167
Sudan,729,2025,6,0.611
Sudan,729,2020,7,1.902
Sudan,729,2021,7,1.227
Sudan,729,2022,7,0.943
Sudan,729,2023,7,1.765
Sudan,729,2024,7,0.839
Sudan,729,2025,7,2.072
Sudan,729,2020,8,0.446
Sudan,729,2021,8,1.345
Sudan,729,2022,8,0.659
Sudan,729,2023,8,2.149
Sudan,729,2024,8,1.464
Sudan,729,2025,8,0.409
Sudan,729,2020,9,0.998
Sudan,729,2021,9,0.551
Sudan,729,2022,9,0.804
Sudan,729,2023,9,3.143
Sudan,729,2024,9,1.476
Sudan,729,2025,9,1.269
Sudan,729,2020,10,1.132
Sudan,729,2021,10,1.375
Sudan,729,2022,10,0.455
Sudan,729,2023,10,3.318
Sudan,729,2024,10,1.066
Sudan,729,2025,10,1.698
Sudan,729,2020,11,0.178
Sudan,729,2021,11,2.085
Sudan,729,2022,11,0.785
Sudan,729,2023,11,2.574
Sudan,729,2024,11,0.265
Sudan,729,2025,11,1.651
Sudan,729,2020,12,2.254
Sudan,729,2021,12,1.672
Sudan,729,2022,12,1.072
Sudan,729,2023,12,2.191
Sudan,729,2024,12,1.122
Sudan,729,2025,12,1.092
Suriname,740,2020,1,1.904
Suriname,740,2021,1,1.633
Suriname,740,2022,1,1.287
Suriname,740,2023,1,0.901
Suriname,740,2024,1,2.613
Suriname,740,2025,1,2.132
Suriname,740,2020,2,1.807
Suriname,740,2021,2,1.373
Suriname,740,2022,2,1.617
Suriname,740,2023,2,1.248
Suriname,740,2024,2,3.141
Suriname,740,2025,2,1.957
Suriname,740,2020,3,2.213
Suriname,740,2021,3,1.481
Suriname,740,2022,3,1.272
Suriname,740,2023,3,1.6
Suriname,740,2024,3,3.325
Suriname,740,2025,3,1.835
Suriname,740,2020,4,1.906
Suriname,740,2021,4,1.372
Suriname,740,2022,4,1.286
Suriname,740,2023,4,1.581
Suriname,740,2024,4,2.982
Suriname,740,2025,4,1.94
Suriname,740,2020,5,1.83
Suriname,740,2021,5,1.147
Suriname,740,2022,5,1.555
Suriname,740,2023,5,2.014
Suriname,740,2024,5,2.485
Suriname,740,2025,5,1.577
Suriname,740,2020,6,2.111
Suriname,740,2021,6,1.871
Suriname,740,2022,6,1.575
Suriname,740,2023,6,2.317
Suriname,740,2024,6,2.433
Suriname,740,2025,6,1.496
Suriname,740,2020,7,2.205
Suriname,740,2021,7,1.813
Suriname,740,2022,7,2.125
Suriname,740,2023,7,2.379
Suriname,740,2024,7,2.638
Suriname,740,2025,7,1.935
Suriname,740,2020,8,2.248
Suriname,740,2021,8,1.898
Suriname,740,2022,8,1.894
Suriname,740,2023,8,2.743
Suriname,740,2024,8,2.871
Suriname,740,2025,8,1.369
Suriname,740,2020,9,2.328
Suriname,740,2021,9,1.631
Suriname,740,2022,9,2.3
Suriname,740,2023,9,2.884
Suriname,740,2024,9,3.025
Suriname,740,2025,9,2.071
Suriname,740,2020,10,2.175
Suriname,740,2021,10,1.975
Suriname,740,2022,10,1.866
Suriname,740,2023,10,3.394
Suriname,740,2024,10,2.958
Suriname,740,2025,10,1.982
Suriname,740,2020,11,1.389
Suriname,740,2021,11,1.376
Suriname,740,2022,11,1.317
Suriname,740,2023,11,3.047
Suriname,740,2024,11,2.59
Suriname,740,2025,11,2.092
Suriname,740,2020,12,1.862
Suriname,740,2021,12,1.179
Suriname,740,2022,12,1.208
Suriname,740,2023,12,2.562
Suriname,740,2024,12,1.934
Suriname,740,2025,12,1.945
Svalbard and Jan Mayen Islands,744,2020,1,1.401
Svalbard and Jan Mayen Islands,744,2021,1,6.956
Svalbard and Jan Mayen Islands,744,2022,1,4.134
Svalbard and Jan Mayen Islands,744,2023,1,10.199
Svalbard and Jan Mayen Islands,744,2024,1,3.528
Svalbard and Jan Mayen Islands,744,2025,1,5.952
Svalbard and Jan Mayen Islands,744,2020,2,-0.605
Svalbard and Jan Mayen Islands,744,2021,2,7.645
Svalbard and Jan Mayen Islands,744,2022,2,2.236
Svalbard and Jan Mayen Islands,744,2023,2,7.709
Svalbard and Jan Mayen Islands,744,2024,2,6.653
Svalbard and Jan Mayen Islands,744,2025,2,10.351
Svalbard and Jan Mayen Islands,744,2020,3,-1.507
Svalbard and Jan Mayen Islands,744,2021,3,4.86
Svalbard and Jan Mayen Islands,744,2022,3,6.846
Svalbard and Jan Mayen Islands,744,2023,3,1.3
Svalbard and Jan Mayen Islands,744,2024,3,1.178
Svalbard and Jan Mayen Islands,744,2025,3,4.217
Svalbard and Jan Mayen Islands,744,2020,4,2.243
Svalbard and Jan Mayen Islands,744,2021,4,4.793
Svalbard and Jan Mayen Islands,744,2022,4,1.608
Svalbard and Jan Mayen Islands,744,2023,4,5.975
Svalbard and Jan Mayen Islands,744,2024,4,3.131
Svalbard and Jan Mayen Islands,744,2025,4,0.056
Svalbard and Jan Mayen Islands,744,2020,5,3.303
Svalbard and Jan Mayen Islands,744,2021,5,0.362
Svalbard and Jan Mayen Islands,744,2022,5,1.6
Svalbard and Jan Mayen Islands,744,2023,5,2.229
Svalbard and Jan Mayen Islands,744,2024,5,2.626
Svalbard and Jan Mayen Islands,744,2025,5,3.046
Svalbard and Jan Mayen Islands,744,2020,6,1.885
Svalbard and Jan Mayen Islands,744,2021,6,0.901
Svalbard and Jan Mayen Islands,744,2022,6,3.189
Svalbard and Jan Mayen Islands,744,2023,6,2.202
Svalbard and Jan Mayen Islands,744,2024,6,3.167
Svalbard and Jan Mayen Islands,744,2025,6,2.142
Svalbard and Jan Mayen Islands,744,2020,7,2.778
Svalbard and Jan Mayen Islands,744,2021,7,0.363
Svalbard and Jan Mayen Islands,744,2022,7,2.686
Svalbard and Jan Mayen Islands,744,2023,7,2.854
Svalbard and Jan Mayen Islands,744,2024,7,2.391
Svalbard and Jan Mayen Islands,744,2025,7,2.103
Svalbard and Jan Mayen Islands,744,2020,8,2.009
Svalbard and Jan Mayen Islands,744,2021,8,1.422
Svalbard and Jan Mayen Islands,744,2022,8,1.66
Svalbard and Jan Mayen Islands,744,2023,8,2.892
Svalbard and Jan Mayen Islands,744,2024,8,5.134
Svalbard and Jan Mayen Islands,744,2025,8,3.734
Svalbard and Jan Mayen Islands,744,2020,9,2.442
Svalbard and Jan Mayen Islands,744,2021,9,3.26
Svalbard and Jan Mayen Islands,744,2022,9,2.808
Svalbard and Jan Mayen Islands,744,2023,9,0.238
Svalbard and Jan Mayen Islands,744,2024,9,2.93
Svalbard and Jan Mayen Islands,744,2025,9,3.535
Svalbard and Jan Mayen Islands,744,2020,10,2.776
Svalbard and Jan Mayen Islands,744,2021,10,1.48
Svalbard and Jan Mayen Islands,744,2022,10,3.108
Svalbard and Jan Mayen Islands,744,2023,10,1.427
Svalbard and Jan Mayen Islands,744,2024,10,3.989
Svalbard and Jan Mayen Islands,744,2025,10,4.766
Svalbard and Jan Mayen Islands,744,2020,11,5.499
Svalbard and Jan Mayen Islands,744,2021,11,-0.511
Svalbard and Jan Mayen Islands,744,2022,11,7.141
Svalbard and Jan Mayen Islands,744,2023,11,2.313
Svalbard and Jan Mayen Islands,744,2024,11,3.894
Svalbard and Jan Mayen Islands,744,2025,11,3.459
Svalbard and Jan Mayen Islands,744,2020,12,4.596
Svalbard and Jan Mayen Islands,744,2021,12,5.097
Svalbard and Jan Mayen Islands,744,2022,12,3.578
Svalbard and Jan Mayen Islands,744,2023,12,5.645
Svalbard and Jan Mayen Islands,744,2024,12,3.656
Svalbard and Jan Mayen Islands,744,2025,12,6.37
Sweden,752,2020,1,7.424
Sweden,752,2021,1,0.436
Sweden,752,2022,1,4.13
Sweden,752,2023,1,4.675
Sweden,752,2024,1,-0.148
Sweden,752,2025,1,3.56
Sweden,752,2020,2,5.809
Sweden,752,2021,2,1.174
Sweden,752,2022,2,3.801
Sweden,752,2023,2,5.0
Sweden,752,2024,2,3.613
Sweden,752,2025,2,4.672
Sweden,752,2020,3,3.446
Sweden,752,2021,3,3.589
Sweden,752,2022,3,4.067
Sweden,752,2023,3,-0.229
Sweden,752,2024,3,3.565
Sweden,752,2025,3,4.789
Sweden,752,2020,4,2.005
Sweden,752,2021,4,1.177
Sweden,752,2022,4,1.041
Sweden,752,2023,4,1.59
Sweden,752,2024,4,0.716
Sweden,752,2025,4,3.559
Sweden,752,2020,5,-0.466
Sweden,752,2021,5,0.456
Sweden,752,2022,5,1.466
Sweden,752,2023,5,1.686
Sweden,752,2024,5,4.536
Sweden,752,2025,5,1.033
Sweden,752,2020,6,3.26
Sweden,752,2021,6,2.699
Sweden,752,2022,6,2.191
Sweden,752,2023,6,2.329
Sweden,752,2024,6,1.755
Sweden,752,2025,6,0.281
Sweden,752,2020,7,-0.53
Sweden,752,2021,7,3.297
Sweden,752,2022,7,1.094
Sweden,752,2023,7,0.792
Sweden,752,2024,7,1.653
Sweden,752,2025,7,3.438
Sweden,752,2020,8,1.788
Sweden,752,2021,8,0.114
Sweden,752,2022,8,2.292
Sweden,752,2023,8,1.666
Sweden,752,2024,8,2.178
Sweden,752,2025,8,0.955
Sweden,752,2020,9,1.748
Sweden,752,2021,9,0.769
Sweden,752,2022,9,0.647
Sweden,752,2023,9,3.524
Sweden,752,2024,9,2.768
Sweden,752,2025,9,3.478
Sweden,752,2020,10,2.118
Sweden,752,2021,10,2.048
Sweden,752,2022,10,2.511
Sweden,752,2023,10,-1.046
Sweden,752,2024,10,2.296
Sweden,752,2025,10,2.33
Sweden,752,2020,11,4.712
Sweden,752,2021,11,1.25
Sweden,752,2022,11,3.023
Sweden,752,2023,11,-1.834
Sweden,752,2024,11,2.37
Sweden,752,2025,11,1.371
Sweden,752,2020,12,5.225
Sweden,752,2021,12,-0.667
Sweden,752,2022,12,-0.455
Sweden,752,2023,12,-0.977
Sweden,752,2024,12,3.225
Sweden,752,2025,12,4.892
Switzerland,756,2020,1,3.52
Switzerland,756,2021,1,0.716
Switzerland,756,2022,1,2.125
Switzerland,756,2023,1,2.81
Switzerland,756,2024,1,2.89
Switzerland,756,2025,1,2.987
Switzerland,756,2020,2,4.662
Switzerland,756,2021,2,3.408
Switzerland,756,2022,2,3.074
Switzerland,756,2023,2,2.805
Switzerland,756,2024,2,5.462
Switzerland,756,2025,2,2.572
Switzerland,756,2020,3,1.673
Switzerland,756,2021,3,1.149
Switzerland,756,2022,3,2.054
Switzerland,756,2023,3,2.735
Switzerland,756,2024,3,3.659
Switzerland,756,2025,3,2.827
Switzerland,756,2020,4,3.873
Switzerland,756,2021,4,-0.43
Switzerland,756,2022,4,1.135
Switzerland,756,2023,4,0.619
Switzerland,756,2024,4,2.265
Switzerland,756,2025,4,3.235
Switzerland,756,2020,5,1.594
Switzerland,756,2021,5,-1.184
Switzerland,756,2022,5,3.872
Switzerland,756,2023,5,1.897
Switzerland,756,2024,5,1.62
Switzerland,756,2025,5,1.504
Switzerland,756,2020,6,1.24
Switzerland,756,2021,6,3.62
Switzerland,756,2022,6,4.229
Switzerland,756,2023,6,3.966
Switzerland,756,2024,6,2.206
Switzerland,756,2025,6,5.08
Switzerland,756,2020,7,2.431
Switzerland,756,2021,7,1.158
Switzerland,756,2022,7,3.852
Switzerland,756,2023,7,2.949
Switzerland,756,2024,7,2.942
Switzerland,756,2025,7,1.622
Switzerland,756,2020,8,3.173
Switzerland,756,2021,8,0.872
Switzerland,756,2022,8,3.937
Switzerland,756,2023,8,3.302
Switzerland,756,2024,8,4.491
Switzerland,756,2025,8,2.978
Switzerland,756,2020,9,2.035
Switzerland,756,2021,9,2.161
Switzerland,756,2022,9,0.585
Switzerland,756,2023,9,4.389
Switzerland,756,2024,9,0.648
Switzerland,756,2025,9,1.042
Switzerland,756,2020,10,0.236
Switzerland,756,2021,10,0.633
Switzerland,756,2022,10,4.922
Switzerland,756,2023,10,4.123
Switzerland,756,2024,10,2.885
Switzerland,756,2025,10,0.993
Switzerland,756,2020,11,2.662
Switzerland,756,2021,11,0.478
Switzerland,756,2022,11,2.952
Switzerland,756,2023,11,1.653
Switzerland,756,2024,11,1.893
Switzerland,756,2025,11,1.352
Switzerland,756,2020,12,1.827
Switzerland,756,2021,12,1.842
Switzerland,756,2022,12,2.302
Switzerland,756,2023,12,3.445
Switzerland,756,2024,12,1.821
Switzerland,756,2025,12,2.895
Syrian Arab Republic,760,2020,1,0.805
Syrian Arab Republic,760,2021,1,2.651
Syrian Arab Republic,760,2022,1,-0.034
Syrian Arab Republic,760,2023,1,2.099
Syrian Arab Republic,760,2024,1,2.931
Syrian Arab Republic,760,2025,1,2.751
Syrian Arab Republic,760,2020,2,0.22
Syrian Arab Republic,760,2021,2,2.552
Syrian Arab Republic,760,2022,2,2.082
Syrian Arab Republic,760,2023,2,-0.22
Syrian Arab Republic,760,2024,2,2.079
Syrian Arab Republic,760,2025,2,-0.918
Syrian Arab Republic,760,2020,3,2.124
Syrian Arab Republic,760,2021,3,0.921
Syrian Arab Republic,760,2022,3,-2.368
Syrian Arab Republic,760,2023,3,2.47
Syrian Arab Republic,760,2024,3,1.155
Syrian Arab Republic,760,2025,3,3.388
Syrian Arab Republic,760,2020,4,0.931
Syrian Arab Republic,760,2021,4,2.965
Syrian Arab Republic,760,2022,4,3.572
Syrian Arab Republic,760,2023,4,0.714
Syrian Arab Republic,760,2024,4,4.515
Syrian Arab Republic,760,2025,4,1.735
Syrian Arab Republic,760,2020,5,1.535
Syrian Arab Republic,760,2021,5,4.256
Syrian Arab Republic,760,2022,5,1.021
Syrian Arab Republic,760,2023,5,0.958
Syrian Arab Republic,760,2024,5,1.17
Syrian Arab Republic,760,2025,5,2.729
Syrian Arab Republic,760,2020,6,0.876
Syrian Arab Republic,760,2021,6,1.318
Syrian Arab Republic,760,2022,6,1.864
Syrian Arab Republic,760,2023,6,1.183
Syrian Arab Republic,760,2024,6,4.791
Syrian Arab Republic,760,2025,6,2.69
Syrian Arab Republic,760,2020,7,2.571
Syrian Arab Republic,760,2021,7,2.487
Syrian Arab Republic,760,2022,7,1.563
Syrian Arab Republic,760,2023,7,2.369
Syrian Arab Republic,760,2024,7,2.405
Syrian Arab Republic,760,2025,7,2.482
Syrian Arab Republic,760,2020,8,1.31
Syrian Arab Republic,760,2021,8,2.25
Syrian Arab Republic,760,2022,8,1.919
Syrian Arab Republic,760,2023,8,2.945
Syrian Arab Republic,760,2024,8,2.112
Syrian Arab Republic,760,2025,8,2.577
Syrian Arab Republic,760,2020,9,4.624
Syrian Arab Republic,760,2021,9,0.909
Syrian Arab Republic,760,2022,9,2.516
Syrian Arab Republic,760,2023,9,2.459
Syrian Arab Republic,760,2024,9,1.586
Syrian Arab Republic,760,2025,9,1.495
Syrian Arab Republic,760,2020,10,3.783
Syrian Arab Republic,760,2021,10,1.367
Syrian Arab Republic,760,2022,10,2.341
Syrian Arab Republic,760,2023,10,1.954
Syrian Arab Republic,760,2024,10,0.916
Syrian Arab Republic,760,2025,10,1.305
Syrian Arab Republic,760,2020,11,1.274
Syrian Arab Republic,760,2021,11,2.357
Syrian Arab Republic,760,2022,11,1.678
Syrian Arab Republic,760,2023,11,2.799
Syrian Arab Republic,760,2024,11,0.628
Syrian Arab Republic,760,2025,11,3.76
Syrian Arab Republic,760,2020,12,2.064
Syrian Arab Republic,760,2021,12,1.223
Syrian Arab Republic,760,2022,12,2.486
Syrian Arab Republic,760,2023,12,3.177
Syrian Arab Republic,760,2024,12,1.125
Syrian Arab Republic,760,2025,12,1.844
Tajikistan,762,2020,1,0.597
Tajikistan,762,2021,1,0.168
Tajikistan,762,2022,1,2.897
Tajikistan,762,2023,1,-1.963
Tajikistan,762,2024,1,6.0
Tajikistan,762,2025,1,0.602
Tajikistan,762,2020,2,3.294
Tajikistan,762,2021,2,4.785
Tajikistan,762,2022,2,2.213
Tajikistan,762,2023,2,2.791
Tajikistan,762,2024,2,1.827
Tajikistan,762,2025,2,1.789
Tajikistan,762,2020,3,3.278
Tajikistan,762,2021,3,1.255
Tajikistan,762,2022,3,3.266
Tajikistan,762,2023,3,4.92
Tajikistan,762,2024,3,1.051
Tajikistan,762,2025,3,1.983
Tajikistan,762,2020,4,1.594
Tajikistan,762,2021,4,-0.246
Tajikistan,762,2022,4,4.916
Tajikistan,762,2023,4,1.943
Tajikistan,762,2024,4,0.274
Tajikistan,762,2025,4,3.556
Tajikistan,762,2020,5,2.408
Tajikistan,762,2021,5,2.821
Tajikistan,762,2022,5,2.327
Tajikistan,762,2023,5,1.239
Tajikistan,762,2024,5,1.755
Tajikistan,762,2025,5,4.723
Tajikistan,762,2020,6,0.825
Tajikistan,762,2021,6,2.121
Tajikistan,762,2022,6,1.432
Tajikistan,762,2023,6,2.875
Tajikistan,762,2024,6,1.857
Tajikistan,762,2025,6,2.749
Tajikistan,762,2020,7,0.155
Tajikistan,762,2021,7,2.223
Tajikistan,762,2022,7,3.017
Tajikistan,762,2023,7,2.049
Tajikistan,762,2024,7,1.627
Tajikistan,762,2025,7,2.833
Tajikistan,762,2020,8,1.279
Tajikistan,762,2021,8,0.767
Tajikistan,762,2022,8,0.515
Tajikistan,762,2023,8,1.18
Tajikistan,762,2024,8,2.498
Tajikistan,762,2025,8,2.466
Tajikistan,762,2020,9,-0.039
Tajikistan,762,2021,9,2.997
Tajikistan,762,2022,9,2.865
Tajikistan,762,2023,9,1.631
Tajikistan,762,2024,9,1.429
Tajikistan,762,2025,9,2.833
Tajikistan,762,2020,10,-0.852
Tajikistan,762,2021,10,-1.455
Tajikistan,762,2022,10,1.117
Tajikistan,762,2023,10,1.874
Tajikistan,762,2024,10,1.627
Tajikistan,762,2025,10,3.166
Tajikistan,762,2020,11,-0.99
Tajikistan,762,2021,11,-0.246
Tajikistan,762,2022,11,1.126
Tajikistan,762,2023,11,3.841
Tajikistan,762,2024,11,2.492
Tajikistan,762,2025,11,1.541
Tajikistan,762,2020,12,-2.116
Tajikistan,762,2021,12,0.951
Tajikistan,762,2022,12,0.268
Tajikistan,762,2023,12,3.215
Tajikistan,762,2024,12,-0.434
Tajikistan,762,2025,12,3.436
Thailand,764,2020,1,2.837
Thailand,764,2021,1,0.503
Thailand,764,2022,1,2.106
Thailand,764,2023,1,0.671
Thailand,764,2024,1,2.587
Thailand,764,2025,1,0.245
Thailand,764,2020,2,1.655
Thailand,764,2021,2,0.964
Thailand,764,2022,2,0.663
Thailand,764,2023,2,1.268
Thailand,764,2024,2,2.587
Thailand,764,2025,2,1.203
Thailand,764,2020,3,1.994
Thailand,764,2021,3,1.627
Thailand,764,2022,3,1.328
Thailand,764,2023,3,0.921
Thailand,764,2024,3,2.061
Thailand,764,2025,3,1.137
Thailand,764,2020,4,1.169
Thailand,764,2021,4,-0.093
Thailand,764,2022,4,-0.04
Thailand,764,2023,4,2.098
Thailand,764,2024,4,3.231
Thailand,764,2025,4,0.811
Thailand,764,2020,5,2.279
Thailand,764,2021,5,1.235
Thailand,764,2022,5,-0.277
Thailand,764,2023,5,2.088
Thailand,764,2024,5,1.954
Thailand,764,2025,5,0.571
Thailand,764,2020,6,1.341
Thailand,764,2021,6,1.27
Thailand,764,2022,6,1.302
Thailand,764,2023,6,1.593
Thailand,764,2024,6,1.73
Thailand,764,2025,6,1.071
Thailand,764,2020,7,1.644
Thailand,764,2021,7,1.096
Thailand,764,2022,7,1.189
Thailand,764,2023,7,1.704
Thailand,764,2024,7,1.214
Thailand,764,2025,7,1.107
Thailand,764,2020,8,1.086
Thailand,764,2021,8,1.379
Thailand,764,2022,8,0.965
Thailand,764,2023,8,1.595
Thailand,764,2024,8,1.602
Thailand,764,2025,8,1.465
Thailand,764,2020,9,1.359
Thailand,764,2021,9,0.729
Thailand,764,2022,9,0.752
Thailand,764,2023,9,1.059
Thailand,764,2024,9,1.375
Thailand,764,2025,9,1.181
Thailand,764,2020,10,0.152
Thailand,764,2021,10,0.969
Thailand,764,2022,10,0.429
Thailand,764,2023,10,1.541
Thailand,764,2024,10,1.731
Thailand,764,2025,10,1.288
Thailand,764,2020,11,1.678
Thailand,764,2021,11,1.659
Thailand,764,2022,11,1.897
Thailand,764,2023,11,1.934
Thailand,764,2024,11,1.838
Thailand,764,2025,11,0.38
Thailand,764,2020,12,1.304
Thailand,764,2021,12,1.004
Thailand,764,2022,12,1.177
Thailand,764,2023,12,2.739
Thailand,764,2024,12,1.7
Thailand,764,2025,12,1.7
Timor-Leste,626,2020,1,1.781
Timor-Leste,626,2021,1,1.381
Timor-Leste,626,2022,1,0.705
Timor-Leste,626,2023,1,0.959
Timor-Leste,626,2024,1,2.14
Timor-Leste,626,2025,1,1.38
Timor-Leste,626,2020,2,2.426
Timor-Leste,626,2021,2,0.802
Timor-Leste,626,2022,2,0.626
Timor-Leste,626,2023,2,0.756
Timor-Leste,626,2024,2,1.726
Timor-Leste,626,2025,2,1.566
Timor-Leste,626,2020,3,1.762
Timor-Leste,626,2021,3,0.912
Timor-Leste,626,2022,3,1.389
Timor-Leste,626,2023,3,1.041
Timor-Leste,626,2024,3,1.152
Timor-Leste,626,2025,3,1.762
Timor-Leste,626,2020,4,1.557
Timor-Leste,626,2021,4,0.198
Timor-Leste,626,2022,4,1.231
Timor-Leste,626,2023,4,-0.357
Timor-Leste,626,2024,4,1.627
Timor-Leste,626,2025,4,-0.014
Timor-Leste,626,2020,5,1.557
Timor-Leste,626,2021,5,1.291
Timor-Leste,626,2022,5,1.611
Timor-Leste,626,2023,5,-0.023
Timor-Leste,626,2024,5,1.831
Timor-Leste,626,2025,5,1.395
Timor-Leste,626,2020,6,2.069
Timor-Leste,626,2021,6,1.937
Timor-Leste,626,2022,6,2.169
Timor-Leste,626,2023,6,0.813
Timor-Leste,626,2024,6,1.402
Timor-Leste,626,2025,6,0.491
Timor-Leste,626,2020,7,1.668
Timor-Leste,626,2021,7,1.637
Timor-Leste,626,2022,7,0.682
Timor-Leste,626,2023,7,1.473
Timor-Leste,626,2024,7,1.417
Timor-Leste,626,2025,7,1.487
Timor-Leste,626,2020,8,1.441
Timor-Leste,626,2021,8,2.132
Timor-Leste,626,2022,8,1.244
Timor-Leste,626,2023,8,1.384
Timor-Leste,626,2024,8,1.481
Timor-Leste,626,2020,9,1.844
Timor-Leste,626,2021,9,1.752
Timor-Leste,626,2022,9,1.409
Timor-Leste,626,2023,9,0.524
Timor-Leste,626,2024,9,1.363
Timor-Leste,626,2025,9,0.669
Timor-Leste,626,2020,10,1.524
Timor-Leste,626,2021,10,1.376
Timor-Leste,626,2022,10,1.244
Timor-Leste,626,2023,10,0.69
Timor-Leste,626,2024,10,1.593
Timor-Leste,626,2025,10,1.556
Timor-Leste,626,2020,11,2.063
Timor-Leste,626,2021,11,0.701
Timor-Leste,626,2022,11,0.459
Timor-Leste,626,2023,11,1.603
Timor-Leste,626,2024,11,1.685
Timor-Leste,626,2025,11,-0.241
Timor-Leste,626,2020,12,1.092
Timor-Leste,626,2021,12,0.7
Timor-Leste,626,2022,12,0.695
Timor-Leste,626,2023,12,1.824
Timor-Leste,626,2024,12,0.64
Timor-Leste,626,2025,12,1.024
Togo,768,2020,1,0.799
Togo,768,2021,1,1.861
Togo,768,2022,1,0.908
Togo,768,2023,1,1.063
Togo,768,2024,1,1.771
Togo,768,2025,1,1.699
Togo,768,2020,2,1.175
Togo,768,2021,2,0.975
Togo,768,2022,2,0.949
Togo,768,2023,2,1.381
Togo,768,2024,2,2.022
Togo,768,2025,2,1.666
Togo,768,2020,3,1.587
Togo,768,2021,3,1.321
Togo,768,2022,3,1.869
Togo,768,2023,3,0.75
Togo,768,2024,3,2.519
Togo,768,2025,3,2.017
Togo,768,2020,4,1.507
Togo,768,2021,4,1.778
Togo,768,2022,4,0.487
Togo,768,2023,4,1.066
Togo,768,2024,4,2.034
Togo,768,2025,4,1.684
Togo,768,2020,5,1.474
Togo,768,2021,5,1.878
Togo,768,2022,5,0.845
Togo,768,2023,5,1.419
Togo,768,2024,5,1.953
Togo,768,2025,5,1.275
Togo,768,2020,6,1.161
Togo,768,2021,6,1.531
Togo,768,2022,6,0.753
Togo,768,2023,6,1.338
Togo,768,2024,6,1.677
Togo,768,2025,6,1.542
Togo,768,2020,7,1.087
Togo,768,2021,7,1.468
Togo,768,2022,7,0.987
Togo,768,2023,7,1.918
Togo,768,2024,7,1.485
Togo,768,2025,7,0.928
Togo,768,2020,8,0.874
Togo,768,2021,8,1.454
Togo,768,2022,8,0.729
Togo,768,2023,8,1.386
Togo,768,2024,8,1.413
Togo,768,2025,8,0.835
Togo,768,2020,9,0.561
Togo,768,2021,9,1.356
Togo,768,2022,9,0.558
Togo,768,2023,9,1.36
Togo,768,2024,9,1.423
Togo,768,2025,9,1.136
Togo,768,2020,10,0.956
Togo,768,2021,10,1.553
Togo,768,2022,10,0.757
Togo,768,2023,10,1.612
Togo,768,2024,10,1.118
Togo,768,2025,10,1.053
Togo,768,2020,11,1.268
Togo,768,2021,11,1.543
Togo,768,2022,11,1.055
Togo,768,2023,11,2.053
Togo,768,2024,11,0.78
Togo,768,2025,11,1.155
Togo,768,2020,12,1.696
Togo,768,2021,12,1.509
Togo,768,2022,12,0.968
Togo,768,2023,12,1.288
Togo,768,2024,12,1.238
Togo,768,2025,12,2.108
Tonga,776,2020,1,0.596
Tonga,776,2021,1,0.707
Tonga,776,2022,1,0.596
Tonga,776,2023,1,0.296
Tonga,776,2024,1,1.596
Tonga,776,2025,1,0.746
Tonga,776,2020,2,1.015
Tonga,776,2021,2,-0.214
Tonga,776,2022,2,0.065
Tonga,776,2023,2,0.665
Tonga,776,2024,2,1.565
Tonga,776,2025,2,0.565
Tonga,776,2020,3,1.117
Tonga,776,2021,3,0.914
Tonga,776,2022,3,0.867
Tonga,776,2023,3,0.567
Tonga,776,2024,3,1.767
Tonga,776,2025,3,0.917
Tonga,776,2020,4,1.303
Tonga,776,2021,4,0.789
Tonga,776,2022,4,0.903
Tonga,776,2023,4,0.803
Tonga,776,2024,4,2.003
Tonga,776,2025,4,1.353
Tonga,776,2020,5,1.771
Tonga,776,2021,5,1.288
Tonga,776,2022,5,0.971
Tonga,776,2023,5,1.171
Tonga,776,2024,5,1.921
Tonga,776,2025,5,1.121
Tonga,776,2020,6,0.989
Tonga,776,2021,6,0.914
Tonga,776,2022,6,0.789
Tonga,776,2023,6,0.539
Tonga,776,2024,6,1.189
Tonga,776,2025,6,0.989
Tonga,776,2020,7,1.096
Tonga,776,2021,7,1.548
Tonga,776,2022,7,1.096
Tonga,776,2023,7,1.146
Tonga,776,2024,7,1.296
Tonga,776,2025,7,0.746
Tonga,776,2020,8,2.023
Tonga,776,2021,8,0.854
Tonga,776,2022,8,0.441
Tonga,776,2023,8,1.391
Tonga,776,2024,8,0.591
Tonga,776,2025,8,0.741
Tonga,776,2020,9,0.938
Tonga,776,2021,9,1.571
Tonga,776,2022,9,0.476
Tonga,776,2023,9,1.426
Tonga,776,2024,9,0.776
Tonga,776,2025,9,0.576
Tonga,776,2020,10,0.916
Tonga,776,2021,10,1.297
Tonga,776,2022,10,0.353
Tonga,776,2023,10,1.003
Tonga,776,2024,10,1.053
Tonga,776,2025,10,0.453
Tonga,776,2020,11,1.187
Tonga,776,2021,11,1.26
Tonga,776,2022,11,0.674
Tonga,776,2023,11,2.074
Tonga,776,2024,11,1.174
Tonga,776,2025,11,0.824
Tonga,776,2020,12,0.898
Tonga,776,2021,12,0.762
Tonga,776,2022,12,0.962
Tonga,776,2023,12,1.612
Tonga,776,2024,12,1.262
Tonga,776,2025,12,1.012
Trinidad and Tobago,780,2020,1,1.722
Trinidad and Tobago,780,2021,1,1.654
Trinidad and Tobago,780,2022,1,1.087
Trinidad and Tobago,780,2023,1,1.17
Trinidad and Tobago,780,2024,1,2.403
Trinidad and Tobago,780,2025,1,2.108
Trinidad and Tobago,780,2020,2,1.787
Trinidad and Tobago,780,2021,2,1.369
Trinidad and Tobago,780,2022,2,1.452
Trinidad and Tobago,780,2023,2,0.885
Trinidad and Tobago,780,2024,2,3.07
Trinidad and Tobago,780,2025,2,1.582
Trinidad and Tobago,780,2020,3,1.331
Trinidad and Tobago,780,2021,3,0.764
Trinidad and Tobago,780,2022,3,0.897
Trinidad and Tobago,780,2023,3,1.315
Trinidad and Tobago,780,2024,3,2.162
Trinidad and Tobago,780,2025,3,2.727
Trinidad and Tobago,780,2020,4,1.777
Trinidad and Tobago,780,2021,4,1.01
Trinidad and Tobago,780,2022,4,0.642
Trinidad and Tobago,780,2023,4,1.376
Trinidad and Tobago,780,2024,4,2.358
Trinidad and Tobago,780,2025,4,1.768
Trinidad and Tobago,780,2020,5,2.071
Trinidad and Tobago,780,2021,5,0.503
Trinidad and Tobago,780,2022,5,0.786
Trinidad and Tobago,780,2023,5,1.451
Trinidad and Tobago,780,2024,5,3.002
Trinidad and Tobago,780,2025,5,1.1
Trinidad and Tobago,780,2020,6,1.704
Trinidad and Tobago,780,2021,6,1.537
Trinidad and Tobago,780,2022,6,0.52
Trinidad and Tobago,780,2023,6,1.942
Trinidad and Tobago,780,2024,6,2.285
Trinidad and Tobago,780,2025,6,1.229
Trinidad and Tobago,780,2020,7,1.92
Trinidad and Tobago,780,2021,7,1.752
Trinidad and Tobago,780,2022,7,1.335
Trinidad and Tobago,780,2023,7,1.308
Trinidad and Tobago,780,2024,7,2.353
Trinidad and Tobago,780,2025,7,0.955
Trinidad and Tobago,780,2020,8,2.129
Trinidad and Tobago,780,2021,8,1.011
Trinidad and Tobago,780,2022,8,1.244
Trinidad and Tobago,780,2023,8,2.537
Trinidad and Tobago,780,2024,8,2.147
Trinidad and Tobago,780,2025,8,2.093
Trinidad and Tobago,780,2020,9,2.165
Trinidad and Tobago,780,2021,9,1.948
Trinidad and Tobago,780,2022,9,1.481
Trinidad and Tobago,780,2023,9,2.811
Trinidad and Tobago,780,2024,9,2.463
Trinidad and Tobago,780,2020,10,1.63
Trinidad and Tobago,780,2021,10,1.613
Trinidad and Tobago,780,2022,10,1.258
Trinidad and Tobago,780,2023,10,2.578
Trinidad and Tobago,780,2024,10,2.165
Trinidad and Tobago,780,2025,10,2.094
Trinidad and Tobago,780,2020,11,1.613
Trinidad and Tobago,780,2021,11,1.496
Trinidad and Tobago,780,2022,11,0.894
Trinidad and Tobago,780,2023,11,2.162
Trinidad and Tobago,780,2024,11,2.035
Trinidad and Tobago,780,2025,11,1.777
Trinidad and Tobago,780,2020,12,1.766
Trinidad and Tobago,780,2021,12,1.588
Trinidad and Tobago,780,2022,12,1.147
Trinidad and Tobago,780,2023,12,2.314
Trinidad and Tobago,780,2024,12,2.112
Trinidad and Tobago,780,2025,12,2.097
Tunisia,788,2020,1,1.535
Tunisia,788,2021,1,2.155
Tunisia,788,2022,1,-0.418
Tunisia,788,2023,1,0.232
Tunisia,788,2024,1,2.662
Tunisia,788,2025,1,1.486
Tunisia,788,2020,2,1.826
Tunisia,788,2021,2,2.762
Tunisia,788,2022,2,0.902
Tunisia,788,2023,2,0.491
Tunisia,788,2024,2,2.061
Tunisia,788,2025,2,0.923
Tunisia,788,2020,3,0.982
Tunisia,788,2021,3,0.418
Tunisia,788,2022,3,0.552
Tunisia,788,2023,3,2.484
Tunisia,788,2024,3,3.279
Tunisia,788,2025,3,3.426
Tunisia,788,2020,4,2.306
Tunisia,788,2021,4,2.083
Tunisia,788,2022,4,1.549
Tunisia,788,2023,4,1.887
Tunisia,788,2024,4,1.661
Tunisia,788,2025,4,2.2
Tunisia,788,2020,5,3.509
Tunisia,788,2021,5,2.713
Tunisia,788,2022,5,2.314
Tunisia,788,2023,5,0.437
Tunisia,788,2024,5,2.937
Tunisia,788,2025,5,2.06
Tunisia,788,2020,6,1.73
Tunisia,788,2021,6,3.895
Tunisia,788,2022,6,4.133
Tunisia,788,2023,6,1.277
Tunisia,788,2024,6,3.313
Tunisia,788,2025,6,2.382
Tunisia,788,2020,7,1.166
Tunisia,788,2021,7,3.056
Tunisia,788,2022,7,2.544
Tunisia,788,2023,7,4.879
Tunisia,788,2024,7,2.974
Tunisia,788,2025,7,3.021
Tunisia,788,2020,8,2.433
Tunisia,788,2021,8,3.897
Tunisia,788,2022,8,2.414
Tunisia,788,2023,8,1.21
Tunisia,788,2024,8,1.989
Tunisia,788,2025,8,1.611
Tunisia,788,2020,9,1.275
Tunisia,788,2021,9,3.724
Tunisia,788,2022,9,3.709
Tunisia,788,2023,9,1.986
Tunisia,788,2024,9,1.7
Tunisia,788,2025,9,2.127
Tunisia,788,2020,10,0.867
Tunisia,788,2021,10,1.234
Tunisia,788,2022,10,3.077
Tunisia,788,2023,10,4.499
Tunisia,788,2024,10,4.21
Tunisia,788,2025,10,2.556
Tunisia,788,2020,11,1.866
Tunisia,788,2021,11,1.465
Tunisia,788,2022,11,2.384
Tunisia,788,2023,11,3.423
Tunisia,788,2024,11,3.702
Tunisia,788,2025,11,1.466
Tunisia,788,2020,12,1.066
Tunisia,788,2021,12,0.49
Tunisia,788,2022,12,4.258
Tunisia,788,2023,12,1.792
Tunisia,788,2024,12,1.017
Tunisia,788,2025,12,1.477
Türkiye,792,2020,1,0.946
Türkiye,792,2021,1,2.976
Türkiye,792,2022,1,-0.268
Türkiye,792,2023,1,3.172
Türkiye,792,2024,1,3.183
Türkiye,792,2025,1,3.301
Türkiye,792,2020,2,1.075
Türkiye,792,2021,2,2.551
Türkiye,792,2022,2,1.83
Türkiye,792,2023,2,-0.214
Türkiye,792,2024,2,3.92
Türkiye,792,2025,2,-1.281
Türkiye,792,2020,3,2.773
Türkiye,792,2021,3,0.224
Türkiye,792,2022,3,-2.724
Türkiye,792,2023,3,2.9
Türkiye,792,2024,3,2.452
Türkiye,792,2025,3,3.835
Türkiye,792,2020,4,0.358
Türkiye,792,2021,4,1.747
Türkiye,792,2022,4,2.565
Türkiye,792,2023,4,0.628
Türkiye,792,2024,4,4.89
Türkiye,792,2025,4,0.325
Türkiye,792,2020,5,1.085
Türkiye,792,2021,5,2.868
Türkiye,792,2022,5,0.306
Türkiye,792,2023,5,0.141
Türkiye,792,2024,5,0.454
Türkiye,792,2025,5,1.528
Türkiye,792,2020,6,1.073
Türkiye,792,2021,6,1.158
Türkiye,792,2022,6,1.957
Türkiye,792,2023,6,0.841
Türkiye,792,2024,6,4.43
Türkiye,792,2025,6,2.194
Türkiye,792,2020,7,2.236
Türkiye,792,2021,7,2.507
Türkiye,792,2022,7,1.106
Türkiye,792,2023,7,1.77
Türkiye,792,2024,7,2.814
Türkiye,792,2025,7,3.068
Türkiye,792,2020,8,1.356
Türkiye,792,2021,8,2.313
Türkiye,792,2022,8,2.731
Türkiye,792,2023,8,3.256
Türkiye,792,2024,8,2.605
Türkiye,792,2025,8,2.837
Türkiye,792,2020,9,4.234
Türkiye,792,2021,9,0.744
Türkiye,792,2022,9,2.191
Türkiye,792,2023,9,2.587
Türkiye,792,2024,9,2.41
Türkiye,792,2025,9,1.596
Türkiye,792,2020,10,3.995
Türkiye,792,2021,10,0.536
Türkiye,792,2022,10,1.829
Türkiye,792,2023,10,2.495
Türkiye,792,2024,10,1.165
Türkiye,792,2025,10,1.046
Türkiye,792,2020,11,0.564
Türkiye,792,2021,11,2.14
Türkiye,792,2022,11,2.068
Türkiye,792,2023,11,2.997
Türkiye,792,2024,11,-0.073
Türkiye,792,2025,11,3.082
Türkiye,792,2020,12,2.622
Türkiye,792,2021,12,1.453
Türkiye,792,2022,12,3.277
Türkiye,792,2023,12,3.861
Türkiye,792,2024,12,1.625
Türkiye,792,2025,12,1.755
Turkmenistan,795,2020,1,2.764
Turkmenistan,795,2021,1,2.016
Turkmenistan,795,2022,1,3.758
Turkmenistan,795,2023,1,-1.472
Turkmenistan,795,2024,1,5.729
Turkmenistan,795,2025,1,2.508
Turkmenistan,795,2020,2,4.736
Turkmenistan,795,2021,2,4.378
Turkmenistan,795,2022,2,4.592
Turkmenistan,795,2023,2,2.751
Turkmenistan,795,2024,2,2.413
Turkmenistan,795,2025,2,0.14
Turkmenistan,795,2020,3,3.106
Turkmenistan,795,2021,3,1.309
Turkmenistan,795,2022,3,1.629
Turkmenistan,795,2023,3,7.838
Turkmenistan,795,2024,3,2.954
Turkmenistan,795,2025,3,3.135
Turkmenistan,795,2020,4,0.16
Turkmenistan,795,2021,4,3.558
Turkmenistan,795,2022,4,4.414
Turkmenistan,795,2023,4,3.442
Turkmenistan,795,2024,4,3.093
Turkmenistan,795,2025,4,4.758
Turkmenistan,795,2020,5,1.708
Turkmenistan,795,2021,5,3.231
Turkmenistan,795,2022,5,0.211
Turkmenistan,795,2023,5,1.349
Turkmenistan,795,2024,5,0.56
Turkmenistan,795,2025,5,3.236
Turkmenistan,795,2020,6,2.337
Turkmenistan,795,2021,6,3.34
Turkmenistan,795,2022,6,2.73
Turkmenistan,795,2023,6,2.798
Turkmenistan,795,2024,6,2.884
Turkmenistan,795,2025,6,1.351
Turkmenistan,795,2020,7,1.635
Turkmenistan,795,2021,7,2.508
Turkmenistan,795,2022,7,1.633
Turkmenistan,795,2023,7,2.132
Turkmenistan,795,2024,7,1.47
Turkmenistan,795,2025,7,2.519
Turkmenistan,795,2020,8,0.065
Turkmenistan,795,2021,8,2.511
Turkmenistan,795,2022,8,0.912
Turkmenistan,795,2023,8,1.696
Turkmenistan,795,2024,8,2.233
Turkmenistan,795,2025,8,2.13
Turkmenistan,795,2020,9,-0.258
Turkmenistan,795,2021,9,2.462
Turkmenistan,795,2022,9,2.728
Turkmenistan,795,2023,9,0.733
Turkmenistan,795,2024,9,0.59
Turkmenistan,795,2025,9,1.133
Turkmenistan,795,2020,10,-0.243
Turkmenistan,795,2021,10,-1.431
Turkmenistan,795,2022,10,2.534
Turkmenistan,795,2023,10,3.063
Turkmenistan,795,2024,10,1.541
Turkmenistan,795,2025,10,3.038
Turkmenistan,795,2020,11,-0.968
Turkmenistan,795,2021,11,-0.232
Turkmenistan,795,2022,11,2.485
Turkmenistan,795,2023,11,6.289
Turkmenistan,795,2024,11,2.18
Turkmenistan,795,2025,11,2.786
Turkmenistan,795,2020,12,-3.461
Turkmenistan,795,2021,12,3.02
Turkmenistan,795,2022,12,-1.469
Turkmenistan,795,2023,12,3.042
Turkmenistan,795,2024,12,0.06
Turkmenistan,795,2025,12,2.255
Tuvalu,798,2020,1,0.864
Tuvalu,798,2021,1,0.964
Tuvalu,798,2022,1,0.384
Tuvalu,798,2023,1,0.674
Tuvalu,798,2024,1,1.914
Tuvalu,798,2025,1,0.724
Tuvalu,798,2020,2,0.442
Tuvalu,798,2021,2,-0.198
Tuvalu,798,2022,2,0.662
Tuvalu,798,2023,2,0.812
Tuvalu,798,2024,2,1.212
Tuvalu,798,2025,2,0.742
Tuvalu,798,2020,3,1.666
Tuvalu,798,2021,3,0.726
Tuvalu,798,2022,3,0.316
Tuvalu,798,2023,3,0.546
Tuvalu,798,2024,3,1.986
Tuvalu,798,2025,3,1.026
Tuvalu,798,2020,4,1.639
Tuvalu,798,2021,4,0.279
Tuvalu,798,2022,4,1.029
Tuvalu,798,2023,4,1.039
Tuvalu,798,2024,4,1.889
Tuvalu,798,2025,4,0.499
Tuvalu,798,2020,5,1.566
Tuvalu,798,2021,5,1.156
Tuvalu,798,2022,5,0.476
Tuvalu,798,2023,5,1.326
Tuvalu,798,2024,5,1.606
Tuvalu,798,2025,5,0.876
Tuvalu,798,2020,6,1.212
Tuvalu,798,2021,6,0.722
Tuvalu,798,2022,6,0.932
Tuvalu,798,2023,6,1.932
Tuvalu,798,2024,6,1.042
Tuvalu,798,2025,6,0.652
Tuvalu,798,2020,7,1.226
Tuvalu,798,2021,7,1.066
Tuvalu,798,2022,7,0.956
Tuvalu,798,2023,7,1.436
Tuvalu,798,2024,7,1.106
Tuvalu,798,2025,7,1.066
Tuvalu,798,2020,8,1.05
Tuvalu,798,2021,8,0.49
Tuvalu,798,2022,8,0.63
Tuvalu,798,2023,8,1.84
Tuvalu,798,2024,8,0.77
Tuvalu,798,2020,9,1.012
Tuvalu,798,2021,9,1.062
Tuvalu,798,2022,9,0.602
Tuvalu,798,2023,9,1.192
Tuvalu,798,2024,9,0.722
Tuvalu,798,2020,10,1.042
Tuvalu,798,2021,10,0.322
Tuvalu,798,2022,10,0.572
Tuvalu,798,2023,10,1.212
Tuvalu,798,2024,10,0.872
Tuvalu,798,2020,11,1.203
Tuvalu,798,2021,11,0.803
Tuvalu,798,2022,11,0.763
Tuvalu,798,2023,11,1.393
Tuvalu,798,2024,11,1.133
Tuvalu,798,2020,12,0.344
Tuvalu,798,2021,12,0.094
Tuvalu,798,2022,12,0.384
Tuvalu,798,2023,12,1.764
Tuvalu,798,2024,12,1.084
Uganda,800,2020,1,1.206
Uganda,800,2021,1,1.025
Uganda,800,2022,1,0.908
Uganda,800,2023,1,0.862
Uganda,800,2024,1,0.833
Uganda,800,2025,1,0.923
Uganda,800,2020,2,0.873
Uganda,800,2021,2,0.672
Uganda,800,2022,2,0.921
Uganda,800,2023,2,1.456
Uganda,800,2024,2,1.729
Uganda,800,2025,2,1.838
Uganda,800,2020,3,0.617
Uganda,800,2021,3,1.434
Uganda,800,2022,3,1.638
Uganda,800,2023,3,0.581
Uganda,800,2024,3,2.465
Uganda,800,2025,3,1.165
Uganda,800,2020,4,0.617
Uganda,800,2021,4,1.393
Uganda,800,2022,4,1.857
Uganda,800,2023,4,1.064
Uganda,800,2024,4,0.815
Uganda,800,2025,4,1.193
Uganda,800,2020,5,1.642
Uganda,800,2021,5,1.406
Uganda,800,2022,5,1.819
Uganda,800,2023,5,1.782
Uganda,800,2024,5,1.601
Uganda,800,2025,5,1.062
Uganda,800,2020,6,1.265
Uganda,800,2021,6,1.545
Uganda,800,2022,6,1.112
Uganda,800,2023,6,2.241
Uganda,800,2024,6,2.163
Uganda,800,2025,6,1.568
Uganda,800,2020,7,1.788
Uganda,800,2021,7,2.138
Uganda,800,2022,7,1.614
Uganda,800,2023,7,2.164
Uganda,800,2024,7,1.853
Uganda,800,2025,7,1.666
Uganda,800,2020,8,1.902
Uganda,800,2021,8,1.498
Uganda,800,2022,8,1.375
Uganda,800,2023,8,2.608
Uganda,800,2024,8,1.528
Uganda,800,2020,9,1.351
Uganda,800,2021,9,1.524
Uganda,800,2022,9,1.186
Uganda,800,2023,9,2.312
Uganda,800,2024,9,1.751
Uganda,800,2025,9,1.531
Uganda,800,2020,10,1.094
Uganda,800,2021,10,1.659
Uganda,800,2022,10,1.558
Uganda,800,2023,10,1.859
Uganda,800,2024,10,1.321
Uganda,800,2025,10,0.121
Uganda,800,2020,11,1.361
Uganda,800,2021,11,2.183
Uganda,800,2022,11,1.485
Uganda,800,2023,11,1.042
Uganda,800,2024,11,1.146
Uganda,800,2020,12,1.442
Uganda,800,2021,12,1.602
Uganda,800,2022,12,0.719
Uganda,800,2023,12,2.071
Uganda,800,2024,12,1.256
Uganda,800,2025,12,0.946
Ukraine,804,2020,1,5.703
Ukraine,804,2021,1,3.708
Ukraine,804,2022,1,3.604
Ukraine,804,2023,1,5.369
Ukraine,804,2024,1,3.046
Ukraine,804,2025,1,7.237
Ukraine,804,2020,2,5.983
Ukraine,804,2021,2,1.049
Ukraine,804,2022,2,5.735
Ukraine,804,2023,2,3.566
Ukraine,804,2024,2,7.539
Ukraine,804,2025,2,-0.058
Ukraine,804,2020,3,5.939
Ukraine,804,2021,3,1.667
Ukraine,804,2022,3,1.202
Ukraine,804,2023,3,4.775
Ukraine,804,2024,3,4.107
Ukraine,804,2025,3,6.407
Ukraine,804,2020,4,0.197
Ukraine,804,2021,4,-0.673
Ukraine,804,2022,4,0.512
Ukraine,804,2023,4,0.923
Ukraine,804,2024,4,4.741
Ukraine,804,2025,4,1.465
Ukraine,804,2020,5,-1.372
Ukraine,804,2021,5,0.248
Ukraine,804,2022,5,-0.449
Ukraine,804,2023,5,0.179
Ukraine,804,2024,5,0.512
Ukraine,804,2025,5,-1.163
Ukraine,804,2020,6,2.74
Ukraine,804,2021,6,1.591
Ukraine,804,2022,6,2.148
Ukraine,804,2023,6,0.616
Ukraine,804,2024,6,3.035
Ukraine,804,2025,6,0.661
Ukraine,804,2020,7,1.639
Ukraine,804,2021,7,3.459
Ukraine,804,2022,7,1.09
Ukraine,804,2023,7,1.479
Ukraine,804,2024,7,4.279
Ukraine,804,2025,7,2.644
Ukraine,804,2020,8,1.814
Ukraine,804,2021,8,2.032
Ukraine,804,2022,8,3.612
Ukraine,804,2023,8,3.609
Ukraine,804,2024,8,3.497
Ukraine,804,2025,8,0.769
Ukraine,804,2020,9,3.624
Ukraine,804,2021,9,-0.665
Ukraine,804,2022,9,-0.412
Ukraine,804,2023,9,3.799
Ukraine,804,2024,9,4.879
Ukraine,804,2025,9,1.755
Ukraine,804,2020,10,4.755
Ukraine,804,2021,10,0.044
Ukraine,804,2022,10,2.279
Ukraine,804,2023,10,3.423
Ukraine,804,2024,10,2.256
Ukraine,804,2025,10,0.766
Ukraine,804,2020,11,1.238
Ukraine,804,2021,11,2.2
Ukraine,804,2022,11,1.36
Ukraine,804,2023,11,2.268
Ukraine,804,2024,11,0.036
Ukraine,804,2025,11,4.032
Ukraine,804,2020,12,1.774
Ukraine,804,2021,12,1.276
Ukraine,804,2022,12,2.218
Ukraine,804,2023,12,3.094
Ukraine,804,2024,12,2.725
Ukraine,804,2025,12,2.81
United Arab Emirates,784,2020,1,-0.071
United Arab Emirates,784,2021,1,0.377
United Arab Emirates,784,2022,1,0.78
United Arab Emirates,784,2023,1,0.55
United Arab Emirates,784,2024,1,2.739
United Arab Emirates,784,2025,1,0.111
United Arab Emirates,784,2020,2,0.76
United Arab Emirates,784,2021,2,1.601
United Arab Emirates,784,2022,2,0.824
United Arab Emirates,784,2023,2,2.042
United Arab Emirates,784,2024,2,1.013
United Arab Emirates,784,2025,2,1.128
United Arab Emirates,784,2020,3,-0.202
United Arab Emirates,784,2021,3,2.399
United Arab Emirates,784,2022,3,1.801
United Arab Emirates,784,2023,3,1.413
United Arab Emirates,784,2024,3,0.153
United Arab Emirates,784,2025,3,0.87
United Arab Emirates,784,2020,4,1.993
United Arab Emirates,784,2021,4,2.493
United Arab Emirates,784,2022,4,2.97
United Arab Emirates,784,2023,4,-0.151
United Arab Emirates,784,2024,4,0.706
United Arab Emirates,784,2025,4,3.515
United Arab Emirates,784,2020,5,1.994
United Arab Emirates,784,2021,5,2.75
United Arab Emirates,784,2022,5,1.762
United Arab Emirates,784,2023,5,2.021
United Arab Emirates,784,2024,5,2.181
United Arab Emirates,784,2025,5,3.311
United Arab Emirates,784,2020,6,2.488
United Arab Emirates,784,2021,6,2.407
United Arab Emirates,784,2022,6,2.255
United Arab Emirates,784,2023,6,2.175
United Arab Emirates,784,2024,6,3.241
United Arab Emirates,784,2025,6,2.291
United Arab Emirates,784,2020,7,2.09
United Arab Emirates,784,2021,7,1.833
United Arab Emirates,784,2022,7,0.364
United Arab Emirates,784,2023,7,1.91
United Arab Emirates,784,2024,7,2.501
United Arab Emirates,784,2025,7,1.782
United Arab Emirates,784,2020,8,1.727
United Arab Emirates,784,2021,8,1.769
United Arab Emirates,784,2022,8,1.337
United Arab Emirates,784,2023,8,1.972
United Arab Emirates,784,2024,8,1.277
United Arab Emirates,784,2025,8,1.725
United Arab Emirates,784,2020,9,1.788
United Arab Emirates,784,2021,9,1.845
United Arab Emirates,784,2022,9,1.186
United Arab Emirates,784,2023,9,2.227
United Arab Emirates,784,2024,9,1.505
United Arab Emirates,784,2025,9,1.385
United Arab Emirates,784,2020,10,0.495
United Arab Emirates,784,2021,10,1.453
United Arab Emirates,784,2022,10,1.22
United Arab Emirates,784,2023,10,2.151
United Arab Emirates,784,2024,10,1.954
United Arab Emirates,784,2025,10,1.207
United Arab Emirates,784,2020,11,0.889
United Arab Emirates,784,2021,11,1.222
United Arab Emirates,784,2022,11,2.362
United Arab Emirates,784,2023,11,1.645
United Arab Emirates,784,2024,11,2.202
United Arab Emirates,784,2025,11,0.246
United Arab Emirates,784,2020,12,0.957
United Arab Emirates,784,2021,12,1.524
United Arab Emirates,784,2022,12,1.904
United Arab Emirates,784,2023,12,1.931
United Arab Emirates,784,2024,12,0.47
United Arab Emirates,784,2025,12,0.753
United Kingdom of Great Britain and Northern Ireland,826,2020,1,2.716
United Kingdom of Great Britain and Northern Ireland,826,2021,1,-0.322
United Kingdom of Great Britain and Northern Ireland,826,2022,1,1.946
United Kingdom of Great Britain and Northern Ireland,826,2023,1,1.713
United Kingdom of Great Britain and Northern Ireland,826,2024,1,1.079
United Kingdom of Great Britain and Northern Ireland,826,2025,1,0.446
United Kingdom of Great Britain and Northern Ireland,826,2020,2,2.093
United Kingdom of Great Britain and Northern Ireland,826,2021,2,1.343
United Kingdom of Great Britain and Northern Ireland,826,2022,2,2.578
United Kingdom of Great Britain and Northern Ireland,826,2023,2,2.95
United Kingdom of Great Britain and Northern Ireland,826,2024,2,3.316
United Kingdom of Great Britain and Northern Ireland,826,2025,2,1.89
United Kingdom of Great Britain and Northern Ireland,826,2020,3,0.962
United Kingdom of Great Britain and Northern Ireland,826,2021,3,1.716
United Kingdom of Great Britain and Northern Ireland,826,2022,3,2.016
United Kingdom of Great Britain and Northern Ireland,826,2023,3,1.003
United Kingdom of Great Britain and Northern Ireland,826,2024,3,2.082
United Kingdom of Great Britain and Northern Ireland,826,2025,3,2.329
United Kingdom of Great Britain and Northern Ireland,826,2020,4,2.014
United Kingdom of Great Britain and Northern Ireland,826,2021,4,-1.001
United Kingdom of Great Britain and Northern Ireland,826,2022,4,1.146
United Kingdom of Great Britain and Northern Ireland,826,2023,4,1.009
United Kingdom of Great Britain and Northern Ireland,826,2024,4,1.501
United Kingdom of Great Britain and Northern Ireland,826,2025,4,2.7
United Kingdom of Great Britain and Northern Ireland,826,2020,5,1.441
United Kingdom of Great Britain and Northern Ireland,826,2021,5,-0.718
United Kingdom of Great Britain and Northern Ireland,826,2022,5,1.964
United Kingdom of Great Britain and Northern Ireland,826,2023,5,1.68
United Kingdom of Great Britain and Northern Ireland,826,2024,5,2.94
United Kingdom of Great Britain and Northern Ireland,826,2025,5,2.045
United Kingdom of Great Britain and Northern Ireland,826,2020,6,1.147
United Kingdom of Great Britain and Northern Ireland,826,2021,6,1.383
United Kingdom of Great Britain and Northern Ireland,826,2022,6,1.231
United Kingdom of Great Britain and Northern Ireland,826,2023,6,2.995
United Kingdom of Great Britain and Northern Ireland,826,2024,6,0.286
United Kingdom of Great Britain and Northern Ireland,826,2025,6,2.378
United Kingdom of Great Britain and Northern Ireland,826,2020,7,0.191
United Kingdom of Great Britain and Northern Ireland,826,2021,7,2.025
United Kingdom of Great Britain and Northern Ireland,826,2022,7,2.171
United Kingdom of Great Britain and Northern Ireland,826,2023,7,0.876
United Kingdom of Great Britain and Northern Ireland,826,2024,7,0.627
United Kingdom of Great Britain and Northern Ireland,826,2025,7,2.526
United Kingdom of Great Britain and Northern Ireland,826,2020,8,1.619
United Kingdom of Great Britain and Northern Ireland,826,2021,8,0.841
United Kingdom of Great Britain and Northern Ireland,826,2022,8,2.377
United Kingdom of Great Britain and Northern Ireland,826,2023,8,1.168
United Kingdom of Great Britain and Northern Ireland,826,2024,8,1.284
United Kingdom of Great Britain and Northern Ireland,826,2025,8,2.162
United Kingdom of Great Britain and Northern Ireland,826,2020,9,0.732
United Kingdom of Great Britain and Northern Ireland,826,2021,9,2.276
United Kingdom of Great Britain and Northern Ireland,826,2022,9,1.199
United Kingdom of Great Britain and Northern Ireland,826,2023,9,2.734
United Kingdom of Great Britain and Northern Ireland,826,2024,9,0.352
United Kingdom of Great Britain and Northern Ireland,826,2025,9,0.754
United Kingdom of Great Britain and Northern Ireland,826,2020,10,-0.007
United Kingdom of Great Britain and Northern Ireland,826,2021,10,1.391
United Kingdom of Great Britain and Northern Ireland,826,2022,10,2.082
United Kingdom of Great Britain and Northern Ireland,826,2023,10,1.279
United Kingdom of Great Britain and Northern Ireland,826,2024,10,1.096
United Kingdom of Great Britain and Northern Ireland,826,2025,10,1.027
United Kingdom of Great Britain and Northern Ireland,826,2020,11,2.168
United Kingdom of Great Britain and Northern Ireland,826,2021,11,1.477
United Kingdom of Great Britain and Northern Ireland,826,2022,11,2.713
United Kingdom of Great Britain and Northern Ireland,826,2023,11,0.934
United Kingdom of Great Britain and Northern Ireland,826,2024,11,1.402
United Kingdom of Great Britain and Northern Ireland,826,2025,11,1.694
United Kingdom of Great Britain and Northern Ireland,826,2020,12,0.636
United Kingdom of Great Britain and Northern Ireland,826,2021,12,1.424
United Kingdom of Great Britain and Northern Ireland,826,2022,12,-0.713
United Kingdom of Great Britain and Northern Ireland,826,2023,12,1.854
United Kingdom of Great Britain and Northern Ireland,826,2024,12,2.12
United Kingdom of Great Britain and Northern Ireland,826,2025,12,2.036
United Republic of Tanzania,834,2020,1,1.043
United Republic of Tanzania,834,2021,1,0.982
United Republic of Tanzania,834,2022,1,1.149
United Republic of Tanzania,834,2023,1,0.86
United Republic of Tanzania,834,2024,1,0.748
United Republic of Tanzania,834,2025,1,0.834
United Republic of Tanzania,834,2020,2,1.023
United Republic of Tanzania,834,2021,2,0.894
United Republic of Tanzania,834,2022,2,0.393
United Republic of Tanzania,834,2023,2,1.43
United Republic of Tanzania,834,2024,2,1.232
United Republic of Tanzania,834,2025,2,0.994
United Republic of Tanzania,834,2020,3,0.969
United Republic of Tanzania,834,2021,3,1.176
United Republic of Tanzania,834,2022,3,0.959
United Republic of Tanzania,834,2023,3,0.762
United Republic of Tanzania,834,2024,3,1.694
United Republic of Tanzania,834,2025,3,1.258
United Republic of Tanzania,834,2020,4,0.668
United Republic of Tanzania,834,2021,4,0.88
United Republic of Tanzania,834,2022,4,1.28
United Republic of Tanzania,834,2023,4,0.927
United Republic of Tanzania,834,2024,4,1.339
United Republic of Tanzania,834,2025,4,1.026
United Republic of Tanzania,834,2020,5,1.079
United Republic of Tanzania,834,2021,5,0.97
United Republic of Tanzania,834,2022,5,1.238
United Republic of Tanzania,834,2023,5,1.356
United Republic of Tanzania,834,2024,5,1.187
United Republic of Tanzania,834,2025,5,0.702
United Republic of Tanzania,834,2020,6,1.342
United Republic of Tanzania,834,2021,6,1.013
United Republic of Tanzania,834,2022,6,1.035
United Republic of Tanzania,834,2023,6,1.734
United Republic of Tanzania,834,2024,6,1.657
United Republic of Tanzania,834,2025,6,0.567
United Republic of Tanzania,834,2020,7,1.489
United Republic of Tanzania,834,2021,7,1.422
United Republic of Tanzania,834,2022,7,1.072
United Republic of Tanzania,834,2023,7,1.736
United Republic of Tanzania,834,2024,7,1.586
United Republic of Tanzania,834,2025,7,0.981
United Republic of Tanzania,834,2020,8,1.234
United Republic of Tanzania,834,2021,8,1.285
United Republic of Tanzania,834,2022,8,0.873
United Republic of Tanzania,834,2023,8,1.973
United Republic of Tanzania,834,2024,8,1.573
United Republic of Tanzania,834,2025,8,1.97
United Republic of Tanzania,834,2020,9,0.973
United Republic of Tanzania,834,2021,9,1.287
United Republic of Tanzania,834,2022,9,0.707
United Republic of Tanzania,834,2023,9,1.963
United Republic of Tanzania,834,2024,9,1.548
United Republic of Tanzania,834,2025,9,1.878
United Republic of Tanzania,834,2020,10,1.632
United Republic of Tanzania,834,2021,10,1.256
United Republic of Tanzania,834,2022,10,0.744
United Republic of Tanzania,834,2023,10,2.075
United Republic of Tanzania,834,2024,10,1.173
United Republic of Tanzania,834,2025,10,0.117
United Republic of Tanzania,834,2020,11,0.906
United Republic of Tanzania,834,2021,11,1.817
United Republic of Tanzania,834,2022,11,1.034
United Republic of Tanzania,834,2023,11,0.933
United Republic of Tanzania,834,2024,11,1.331
United Republic of Tanzania,834,2025,11,1.594
United Republic of Tanzania,834,2020,12,0.861
United Republic of Tanzania,834,2021,12,1.52
United Republic of Tanzania,834,2022,12,0.74
United Republic of Tanzania,834,2023,12,1.446
United Republic of Tanzania,834,2024,12,0.805
United Republic of Tanzania,834,2025,12,0.21
United States of America,840,2020,1,1.923
United States of America,840,2021,1,3.017
United States of America,840,2022,1,0.762
United States of America,840,2023,1,3.363
United States of America,840,2024,1,1.294
United States of America,840,2025,1,1.113
United States of America,840,2020,2,0.821
United States of America,840,2021,2,-1.621
United States of America,840,2022,2,0.385
United States of America,840,2023,2,1.417
United States of America,840,2024,2,3.787
United States of America,840,2025,2,1.298
United States of America,840,2020,3,2.543
United States of America,840,2021,3,2.011
United States of America,840,2022,3,2.111
United States of America,840,2023,3,0.346
United States of America,840,2024,3,2.319
United States of America,840,2025,3,3.288
United States of America,840,2020,4,0.429
United States of America,840,2021,4,0.549
United States of America,840,2022,4,0.152
United States of America,840,2023,4,-0.319
United States of America,840,2024,4,1.633
United States of America,840,2025,4,1.634
United States of America,840,2020,5,0.916
United States of America,840,2021,5,0.392
United States of America,840,2022,5,1.081
United States of America,840,2023,5,1.198
United States of America,840,2024,5,1.071
United States of America,840,2025,5,0.875
United States of America,840,2020,6,1.013
United States of America,840,2021,6,2.077
United States of America,840,2022,6,1.478
United States of America,840,2023,6,0.405
United States of America,840,2024,6,1.897
United States of America,840,2025,6,1.472
United States of America,840,2020,7,1.058
United States of America,840,2021,7,0.968
United States of America,840,2022,7,1.366
United States of America,840,2023,7,1.363
United States of America,840,2024,7,1.025
United States of America,840,2025,7,1.109
United States of America,840,2020,8,1.493
United States of America,840,2021,8,0.929
United States of America,840,2022,8,1.261
United States of America,840,2023,8,1.474
United States of America,840,2024,8,0.942
United States of America,840,2025,8,0.859
United States of America,840,2020,9,0.72
United States of America,840,2021,9,1.276
United States of America,840,2022,9,1.711
United States of America,840,2023,9,1.434
United States of America,840,2024,9,1.908
United States of America,840,2025,9,1.587
United States of America,840,2020,10,0.483
United States of America,840,2021,10,1.517
United States of America,840,2022,10,0.818
United States of America,840,2023,10,1.169
United States of America,840,2024,10,2.38
United States of America,840,2025,10,1.831
United States of America,840,2020,11,2.299
United States of America,840,2021,11,0.707
United States of America,840,2022,11,0.107
United States of America,840,2023,11,1.898
United States of America,840,2024,11,1.703
United States of America,840,2025,11,2.627
United States of America,840,2020,12,1.966
United States of America,840,2021,12,3.155
United States of America,840,2022,12,0.583
United States of America,840,2023,12,3.409
United States of America,840,2024,12,3.402
United States of America,840,2025,12,1.705
United States Virgin Islands,850,2020,1,1.043
United States Virgin Islands,850,2021,1,0.908
United States Virgin Islands,850,2022,1,0.92
United States Virgin Islands,850,2023,1,0.768
United States Virgin Islands,850,2024,1,1.91
United States Virgin Islands,850,2025,1,1.476
United States Virgin Islands,850,2020,2,1.295
United States Virgin Islands,850,2021,2,1.193
United States Virgin Islands,850,2022,2,0.62
United States Virgin Islands,850,2023,2,0.496
United States Virgin Islands,850,2024,2,1.121
United States Virgin Islands,850,2025,2,1.551
United States Virgin Islands,850,2020,3,0.553
United States Virgin Islands,850,2021,3,0.821
United States Virgin Islands,850,2022,3,0.72
United States Virgin Islands,850,2023,3,0.459
United States Virgin Islands,850,2024,3,1.685
United States Virgin Islands,850,2025,3,1.367
United States Virgin Islands,850,2020,4,1.278
United States Virgin Islands,850,2021,4,0.623
United States Virgin Islands,850,2022,4,0.374
United States Virgin Islands,850,2023,4,0.468
United States Virgin Islands,850,2024,4,1.379
United States Virgin Islands,850,2025,4,0.825
United States Virgin Islands,850,2020,5,1.644
United States Virgin Islands,850,2021,5,0.78
United States Virgin Islands,850,2022,5,0.845
United States Virgin Islands,850,2023,5,1.187
United States Virgin Islands,850,2024,5,1.75
United States Virgin Islands,850,2025,5,0.802
United States Virgin Islands,850,2020,6,1.658
United States Virgin Islands,850,2021,6,0.307
United States Virgin Islands,850,2022,6,0.94
United States Virgin Islands,850,2023,6,1.68
United States Virgin Islands,850,2024,6,1.884
United States Virgin Islands,850,2025,6,0.942
United States Virgin Islands,850,2020,7,1.334
United States Virgin Islands,850,2021,7,0.834
United States Virgin Islands,850,2022,7,0.753
United States Virgin Islands,850,2023,7,1.744
United States Virgin Islands,850,2024,7,1.682
United States Virgin Islands,850,2025,7,0.971
United States Virgin Islands,850,2020,8,1.485
United States Virgin Islands,850,2021,8,0.747
United States Virgin Islands,850,2022,8,1.165
United States Virgin Islands,850,2023,8,1.881
United States Virgin Islands,850,2024,8,1.41
United States Virgin Islands,850,2025,8,1.395
United States Virgin Islands,850,2020,9,1.202
United States Virgin Islands,850,2021,9,1.007
United States Virgin Islands,850,2022,9,0.94
United States Virgin Islands,850,2023,9,2.322
United States Virgin Islands,850,2024,9,1.632
United States Virgin Islands,850,2025,9,0.872
United States Virgin Islands,850,2020,10,0.828
United States Virgin Islands,850,2021,10,0.743
United States Virgin Islands,850,2022,10,0.841
United States Virgin Islands,850,2023,10,1.733
United States Virgin Islands,850,2024,10,1.837
United States Virgin Islands,850,2025,10,0.942
United States Virgin Islands,850,2020,11,0.592
United States Virgin Islands,850,2021,11,0.77
United States Virgin Islands,850,2022,11,0.792
United States Virgin Islands,850,2023,11,1.626
United States Virgin Islands,850,2024,11,0.994
United States Virgin Islands,850,2025,11,0.676
United States Virgin Islands,850,2020,12,0.605
United States Virgin Islands,850,2021,12,1.361
United States Virgin Islands,850,2022,12,0.58
United States Virgin Islands,850,2023,12,1.23
United States Virgin Islands,850,2024,12,1.502
United States Virgin Islands,850,2025,12,1.014
Uruguay,858,2020,1,0.325
Uruguay,858,2021,1,0.745
Uruguay,858,2022,1,2.529
Uruguay,858,2023,1,2.46
Uruguay,858,2024,1,0.171
Uruguay,858,2025,1,0.872
Uruguay,858,2020,2,0.929
Uruguay,858,2021,2,0.243
Uruguay,858,2022,2,0.846
Uruguay,858,2023,2,1.883
Uruguay,858,2024,2,2.805
Uruguay,858,2025,2,2.608
Uruguay,858,2020,3,2.739
Uruguay,858,2021,3,0.822
Uruguay,858,2022,3,-0.739
Uruguay,858,2023,3,4.45
Uruguay,858,2024,3,1.21
Uruguay,858,2025,3,1.614
Uruguay,858,2020,4,1.27
Uruguay,858,2021,4,2.732
Uruguay,858,2022,4,0.571
Uruguay,858,2023,4,0.754
Uruguay,858,2024,4,1.558
Uruguay,858,2025,4,0.118
Uruguay,858,2020,5,1.027
Uruguay,858,2021,5,-0.704
Uruguay,858,2022,5,-1.099
Uruguay,858,2023,5,1.877
Uruguay,858,2024,5,-1.521
Uruguay,858,2025,5,1.585
Uruguay,858,2020,6,1.495
Uruguay,858,2021,6,0.191
Uruguay,858,2022,6,-1.516
Uruguay,858,2023,6,1.819
Uruguay,858,2024,6,3.052
Uruguay,858,2025,6,-1.505
Uruguay,858,2020,7,-0.822
Uruguay,858,2021,7,0.607
Uruguay,858,2022,7,1.845
Uruguay,858,2023,7,1.104
Uruguay,858,2024,7,-1.375
Uruguay,858,2025,7,-0.686
Uruguay,858,2020,8,1.97
Uruguay,858,2021,8,1.207
Uruguay,858,2022,8,0.261
Uruguay,858,2023,8,1.823
Uruguay,858,2024,8,0.47
Uruguay,858,2025,8,1.01
Uruguay,858,2020,9,0.128
Uruguay,858,2021,9,1.821
Uruguay,858,2022,9,0.239
Uruguay,858,2023,9,0.968
Uruguay,858,2024,9,1.868
Uruguay,858,2025,9,1.042
Uruguay,858,2020,10,0.752
Uruguay,858,2021,10,1.489
Uruguay,858,2022,10,0.52
Uruguay,858,2023,10,0.636
Uruguay,858,2024,10,2.414
Uruguay,858,2025,10,1.589
Uruguay,858,2020,11,1.403
Uruguay,858,2021,11,1.798
Uruguay,858,2022,11,1.722
Uruguay,858,2023,11,0.794
Uruguay,858,2024,11,2.16
Uruguay,858,2025,11,0.404
Uruguay,858,2020,12,0.586
Uruguay,858,2021,12,1.743
Uruguay,858,2022,12,1.834
Uruguay,858,2023,12,0.2
Uruguay,858,2024,12,-1.195
Uruguay,858,2025,12,2.499
Uzbekistan,860,2020,1,3.509
Uzbekistan,860,2021,1,2.117
Uzbekistan,860,2022,1,3.937
Uzbekistan,860,2023,1,-0.755
Uzbekistan,860,2024,1,4.408
Uzbekistan,860,2025,1,3.321
Uzbekistan,860,2020,2,5.774
Uzbekistan,860,2021,2,5.207
Uzbekistan,860,2022,2,5.496
Uzbekistan,860,2023,2,3.8
Uzbekistan,860,2024,2,2.825
Uzbekistan,860,2025,2,2.113
Uzbekistan,860,2020,3,4.078
Uzbekistan,860,2021,3,1.05
Uzbekistan,860,2022,3,1.65
Uzbekistan,860,2023,3,7.808
Uzbekistan,860,2024,3,2.601
Uzbekistan,860,2025,3,3.679
Uzbekistan,860,2020,4,1.181
Uzbekistan,860,2021,4,2.493
Uzbekistan,860,2022,4,5.299
Uzbekistan,860,2023,4,2.926
Uzbekistan,860,2024,4,3.277
Uzbekistan,860,2025,4,5.162
Uzbekistan,860,2020,5,2.455
Uzbekistan,860,2021,5,3.974
Uzbekistan,860,2022,5,1.13
Uzbekistan,860,2023,5,1.684
Uzbekistan,860,2024,5,0.247
Uzbekistan,860,2025,5,4.446
Uzbekistan,860,2020,6,1.742
Uzbekistan,860,2021,6,3.163
Uzbekistan,860,2022,6,2.408
Uzbekistan,860,2023,6,2.823
Uzbekistan,860,2024,6,2.885
Uzbekistan,860,2025,6,2.337
Uzbekistan,860,2020,7,1.5
Uzbekistan,860,2021,7,2.473
Uzbekistan,860,2022,7,1.803
Uzbekistan,860,2023,7,2.442
Uzbekistan,860,2024,7,1.067
Uzbekistan,860,2025,7,2.863
Uzbekistan,860,2020,8,0.559
Uzbekistan,860,2021,8,2.374
Uzbekistan,860,2022,8,0.853
Uzbekistan,860,2023,8,1.473
Uzbekistan,860,2024,8,2.029
Uzbekistan,860,2025,8,2.371
Uzbekistan,860,2020,9,-0.718
Uzbekistan,860,2021,9,1.961
Uzbekistan,860,2022,9,2.663
Uzbekistan,860,2023,9,0.469
Uzbekistan,860,2024,9,0.198
Uzbekistan,860,2025,9,1.457
Uzbekistan,860,2020,10,-0.198
Uzbekistan,860,2021,10,-1.54
Uzbekistan,860,2022,10,1.517
Uzbekistan,860,2023,10,2.863
Uzbekistan,860,2024,10,1.635
Uzbekistan,860,2025,10,2.972
Uzbekistan,860,2020,11,-2.314
Uzbekistan,860,2021,11,-0.756
Uzbekistan,860,2022,11,1.686
Uzbekistan,860,2023,11,5.874
Uzbekistan,860,2024,11,2.153
Uzbekistan,860,2025,11,2.874
Uzbekistan,860,2020,12,-3.944
Uzbekistan,860,2021,12,3.078
Uzbekistan,860,2022,12,-2.213
Uzbekistan,860,2023,12,2.327
Uzbekistan,860,2024,12,-0.459
Uzbekistan,860,2025,12,2.427
Vanuatu,548,2020,1,0.678
Vanuatu,548,2021,1,0.53
Vanuatu,548,2022,1,0.775
Vanuatu,548,2023,1,0.513
Vanuatu,548,2024,1,0.892
Vanuatu,548,2025,1,1.129
Vanuatu,548,2020,2,1.255
Vanuatu,548,2021,2,0.738
Vanuatu,548,2022,2,0.426
Vanuatu,548,2023,2,0.628
Vanuatu,548,2024,2,1.325
Vanuatu,548,2025,2,0.934
Vanuatu,548,2020,3,1.197
Vanuatu,548,2021,3,-0.017
Vanuatu,548,2022,3,0.427
Vanuatu,548,2023,3,1.125
Vanuatu,548,2024,3,0.946
Vanuatu,548,2025,3,0.409
Vanuatu,548,2020,4,0.643
Vanuatu,548,2021,4,1.421
Vanuatu,548,2022,4,0.799
Vanuatu,548,2023,4,1.686
Vanuatu,548,2024,4,1.449
Vanuatu,548,2025,4,1.1
Vanuatu,548,2020,5,0.536
Vanuatu,548,2021,5,0.469
Vanuatu,548,2022,5,1.003
Vanuatu,548,2023,5,1.239
Vanuatu,548,2024,5,0.813
Vanuatu,548,2025,5,1.387
Vanuatu,548,2020,6,1.255
Vanuatu,548,2021,6,1.012
Vanuatu,548,2022,6,1.48
Vanuatu,548,2023,6,0.14
Vanuatu,548,2024,6,1.151
Vanuatu,548,2025,6,1.445
Vanuatu,548,2020,7,0.939
Vanuatu,548,2021,7,1.826
Vanuatu,548,2022,7,2.232
Vanuatu,548,2023,7,0.313
Vanuatu,548,2024,7,1.046
Vanuatu,548,2025,7,0.985
Vanuatu,548,2020,8,1.6
Vanuatu,548,2021,8,1.022
Vanuatu,548,2022,8,2.018
Vanuatu,548,2023,8,0.288
Vanuatu,548,2024,8,1.308
Vanuatu,548,2020,9,1.153
Vanuatu,548,2021,9,0.974
Vanuatu,548,2022,9,2.117
Vanuatu,548,2023,9,1.16
Vanuatu,548,2024,9,1.37
Vanuatu,548,2025,9,0.761
Vanuatu,548,2020,10,1.297
Vanuatu,548,2021,10,1.384
Vanuatu,548,2022,10,1.204
Vanuatu,548,2023,10,0.854
Vanuatu,548,2024,10,0.958
Vanuatu,548,2025,10,0.971
Vanuatu,548,2020,11,0.868
Vanuatu,548,2021,11,0.982
Vanuatu,548,2022,11,1.365
Vanuatu,548,2023,11,0.55
Vanuatu,548,2024,11,1.108
Vanuatu,548,2025,11,0.82
Vanuatu,548,2020,12,0.792
Vanuatu,548,2021,12,1.133
Vanuatu,548,2022,12,1.189
Vanuatu,548,2023,12,1.165
Vanuatu,548,2024,12,1.126
Vanuatu,548,2025,12,0.68
Venezuela (Bolivarian Republic of),862,2020,1,1.712
Venezuela (Bolivarian Republic of),862,2021,1,1.167
Venezuela (Bolivarian Republic of),862,2022,1,0.848
Venezuela (Bolivarian Republic of),862,2023,1,0.904
Venezuela (Bolivarian Republic of),862,2024,1,2.08
Venezuela (Bolivarian Republic of),862,2025,1,0.663
Venezuela (Bolivarian Republic of),862,2020,2,1.882
Venezuela (Bolivarian Republic of),862,2021,2,1.378
Venezuela (Bolivarian Republic of),862,2022,2,1.136
Venezuela (Bolivarian Republic of),862,2023,2,0.938
Venezuela (Bolivarian Republic of),862,2024,2,3.028
Venezuela (Bolivarian Republic of),862,2025,2,0.824
Venezuela (Bolivarian Republic of),862,2020,3,1.594
Venezuela (Bolivarian Republic of),862,2021,3,0.226
Venezuela (Bolivarian Republic of),862,2022,3,0.972
Venezuela (Bolivarian Republic of),862,2023,3,0.758
Venezuela (Bolivarian Republic of),862,2024,3,2.586
Venezuela (Bolivarian Republic of),862,2025,3,1.896
Venezuela (Bolivarian Republic of),862,2020,4,2.07
Venezuela (Bolivarian Republic of),862,2021,4,0.936
Venezuela (Bolivarian Republic of),862,2022,4,0.846
Venezuela (Bolivarian Republic of),862,2023,4,1.313
Venezuela (Bolivarian Republic of),862,2024,4,2.242
Venezuela (Bolivarian Republic of),862,2025,4,1.516
Venezuela (Bolivarian Republic of),862,2020,5,2.085
Venezuela (Bolivarian Republic of),862,2021,5,0.709
Venezuela (Bolivarian Republic of),862,2022,5,0.834
Venezuela (Bolivarian Republic of),862,2023,5,1.885
Venezuela (Bolivarian Republic of),862,2024,5,1.983
Venezuela (Bolivarian Republic of),862,2025,5,0.813
Venezuela (Bolivarian Republic of),862,2020,6,1.79
Venezuela (Bolivarian Republic of),862,2021,6,1.22
Venezuela (Bolivarian Republic of),862,2022,6,0.972
Venezuela (Bolivarian Republic of),862,2023,6,2.221
Venezuela (Bolivarian Republic of),862,2024,6,1.91
Venezuela (Bolivarian Republic of),862,2025,6,0.636
Venezuela (Bolivarian Republic of),862,2020,7,1.643
Venezuela (Bolivarian Republic of),862,2021,7,1.152
Venezuela (Bolivarian Republic of),862,2022,7,1.656
Venezuela (Bolivarian Republic of),862,2023,7,2.111
Venezuela (Bolivarian Republic of),862,2024,7,1.873
Venezuela (Bolivarian Republic of),862,2025,7,0.453
Venezuela (Bolivarian Republic of),862,2020,8,1.566
Venezuela (Bolivarian Republic of),862,2021,8,1.003
Venezuela (Bolivarian Republic of),862,2022,8,1.305
Venezuela (Bolivarian Republic of),862,2023,8,2.66
Venezuela (Bolivarian Republic of),862,2024,8,2.207
Venezuela (Bolivarian Republic of),862,2025,8,1.484
Venezuela (Bolivarian Republic of),862,2020,9,1.774
Venezuela (Bolivarian Republic of),862,2021,9,1.217
Venezuela (Bolivarian Republic of),862,2022,9,1.297
Venezuela (Bolivarian Republic of),862,2023,9,2.761
Venezuela (Bolivarian Republic of),862,2024,9,2.253
Venezuela (Bolivarian Republic of),862,2025,9,1.899
Venezuela (Bolivarian Republic of),862,2020,10,1.385
Venezuela (Bolivarian Republic of),862,2021,10,1.409
Venezuela (Bolivarian Republic of),862,2022,10,1.036
Venezuela (Bolivarian Republic of),862,2023,10,2.731
Venezuela (Bolivarian Republic of),862,2024,10,2.262
Venezuela (Bolivarian Republic of),862,2025,10,1.818
Venezuela (Bolivarian Republic of),862,2020,11,0.719
Venezuela (Bolivarian Republic of),862,2021,11,1.212
Venezuela (Bolivarian Republic of),862,2022,11,0.461
Venezuela (Bolivarian Republic of),862,2023,11,2.136
Venezuela (Bolivarian Republic of),862,2024,11,1.68
Venezuela (Bolivarian Republic of),862,2025,11,1.673
Venezuela (Bolivarian Republic of),862,2020,12,1.304
Venezuela (Bolivarian Republic of),862,2021,12,1.324
Venezuela (Bolivarian Republic of),862,2022,12,0.602
Venezuela (Bolivarian Republic of),862,2023,12,2.892
Venezuela (Bolivarian Republic of),862,2024,12,1.822
Venezuela (Bolivarian Republic of),862,2025,12,1.231
Viet Nam,704,2020,1,2.795
Viet Nam,704,2021,1,-0.096
Viet Nam,704,2022,1,2.109
Viet Nam,704,2023,1,0.732
Viet Nam,704,2024,1,2.165
Viet Nam,704,2025,1,0.757
Viet Nam,704,2020,2,1.896
Viet Nam,704,2021,2,1.464
Viet Nam,704,2022,2,-0.325
Viet Nam,704,2023,2,1.982
Viet Nam,704,2024,2,2.503
Viet Nam,704,2025,2,0.581
Viet Nam,704,2020,3,2.289
Viet Nam,704,2021,3,1.896
Viet Nam,704,2022,3,1.961
Viet Nam,704,2023,3,1.126
Viet Nam,704,2024,3,1.964
Viet Nam,704,2025,3,0.551
Viet Nam,704,2020,4,-0.19
Viet Nam,704,2021,4,1.199
Viet Nam,704,2022,4,0.017
Viet Nam,704,2023,4,1.878
Viet Nam,704,2024,4,3.573
Viet Nam,704,2025,4,0.979
Viet Nam,704,2020,5,1.917
Viet Nam,704,2021,5,1.479
Viet Nam,704,2022,5,0.429
Viet Nam,704,2023,5,1.66
Viet Nam,704,2024,5,1.527
Viet Nam,704,2025,5,0.597
Viet Nam,704,2020,6,1.919
Viet Nam,704,2021,6,1.344
Viet Nam,704,2022,6,1.27
Viet Nam,704,2023,6,1.493
Viet Nam,704,2024,6,1.626
Viet Nam,704,2025,6,0.877
Viet Nam,704,2020,7,1.57
Viet Nam,704,2021,7,1.161
Viet Nam,704,2022,7,1.001
Viet Nam,704,2023,7,1.519
Viet Nam,704,2024,7,0.961
Viet Nam,704,2025,7,0.838
Viet Nam,704,2020,8,1.219
Viet Nam,704,2021,8,1.804
Viet Nam,704,2022,8,0.994
Viet Nam,704,2023,8,1.626
Viet Nam,704,2024,8,1.872
Viet Nam,704,2025,8,0.915
Viet Nam,704,2020,9,1.726
Viet Nam,704,2021,9,1.089
Viet Nam,704,2022,9,1.041
Viet Nam,704,2023,9,1.468
Viet Nam,704,2024,9,1.174
Viet Nam,704,2025,9,1.298
Viet Nam,704,2020,10,0.126
Viet Nam,704,2021,10,0.552
Viet Nam,704,2022,10,0.605
Viet Nam,704,2023,10,1.728
Viet Nam,704,2024,10,1.532
Viet Nam,704,2025,10,1.232
Viet Nam,704,2020,11,1.624
Viet Nam,704,2021,11,1.079
Viet Nam,704,2022,11,2.715
Viet Nam,704,2023,11,2.044
Viet Nam,704,2024,11,2.106
Viet Nam,704,2025,11,0.323
Viet Nam,704,2020,12,0.47
Viet Nam,704,2021,12,0.611
Viet Nam,704,2022,12,0.055
Viet Nam,704,2023,12,1.961
Viet Nam,704,2024,12,0.853
Viet Nam,704,2025,12,1.865
Wake Island,872,2020,1,1.28
Wake Island,872,2021,1,2.53
Wake Island,872,2022,1,1.08
Wake Island,872,2023,1,0.73
Wake Island,872,2024,1,1.23
Wake Island,872,2025,1,3.41
Wake Island,872,2020,2,1.428
Wake Island,872,2021,2,1.678
Wake Island,872,2022,2,1.428
Wake Island,872,2023,2,1.778
Wake Island,872,2024,2,0.577
Wake Island,872,2025,2,2.928
Wake Island,872,2020,3,1.702
Wake Island,872,2021,3,1.702
Wake Island,872,2022,3,1.653
Wake Island,872,2023,3,0.402
Wake Island,872,2024,3,0.752
Wake Island,872,2025,3,2.162
Wake Island,872,2020,4,1.138
Wake Island,872,2021,4,0.538
Wake Island,872,2022,4,0.887
Wake Island,872,2023,4,0.538
Wake Island,872,2024,4,1.038
Wake Island,872,2025,4,2.307
Wake Island,872,2020,5,2.64
Wake Island,872,2021,5,1.04
Wake Island,872,2022,5,0.89
Wake Island,872,2023,5,0.44
Wake Island,872,2024,5,1.74
Wake Island,872,2025,5,1.5
Wake Island,872,2021,6,0.584
Wake Island,872,2022,6,1.234
Wake Island,872,2023,6,0.884
Wake Island,872,2024,6,1.284
Wake Island,872,2025,6,1.474
Wake Island,872,2021,7,0.112
Wake Island,872,2022,7,0.812
Wake Island,872,2023,7,0.612
Wake Island,872,2024,7,0.912
Wake Island,872,2025,7,1.202
Wake Island,872,2021,8,1.214
Wake Island,872,2023,8,0.764
Wake Island,872,2024,8,1.664
Wake Island,872,2025,8,2.484
Wake Island,872,2021,9,0.264
Wake Island,872,2023,9,0.764
Wake Island,872,2024,9,0.614
Wake Island,872,2025,9,1.624
Wake Island,872,2021,10,0.664
Wake Island,872,2023,10,1.014
Wake Island,872,2024,10,0.764
Wake Island,872,2025,10,1.714
Wake Island,872,2021,11,1.254
Wake Island,872,2022,11,0.904
Wake Island,872,2023,11,1.404
Wake Island,872,2024,11,2.054
Wake Island,872,2025,11,2.264
Wake Island,872,2021,12,0.542
Wake Island,872,2022,12,1.042
Wake Island,872,2023,12,1.442
Wake Island,872,2024,12,2.492
Wake Island,872,2025,12,1.302
Wallis and Futuna Islands,876,2020,1,0.596
Wallis and Futuna Islands,876,2021,1,0.867
Wallis and Futuna Islands,876,2022,1,0.796
Wallis and Futuna Islands,876,2023,1,0.87
Wallis and Futuna Islands,876,2024,1,1.522
Wallis and Futuna Islands,876,2025,1,1.221
Wallis and Futuna Islands,876,2020,2,1.259
Wallis and Futuna Islands,876,2021,2,0.141
Wallis and Futuna Islands,876,2022,2,0.277
Wallis and Futuna Islands,876,2023,2,0.665
Wallis and Futuna Islands,876,2024,2,1.428
Wallis and Futuna Islands,876,2025,2,1.351
Wallis and Futuna Islands,876,2020,3,1.117
Wallis and Futuna Islands,876,2021,3,0.966
Wallis and Futuna Islands,876,2022,3,0.952
Wallis and Futuna Islands,876,2023,3,0.567
Wallis and Futuna Islands,876,2024,3,1.502
Wallis and Futuna Islands,876,2025,3,1.525
Wallis and Futuna Islands,876,2020,4,1.361
Wallis and Futuna Islands,876,2021,4,0.832
Wallis and Futuna Islands,876,2022,4,1.086
Wallis and Futuna Islands,876,2023,4,0.803
Wallis and Futuna Islands,876,2024,4,1.986
Wallis and Futuna Islands,876,2025,4,1.935
Wallis and Futuna Islands,876,2020,5,1.614
Wallis and Futuna Islands,876,2021,5,1.157
Wallis and Futuna Islands,876,2022,5,0.971
Wallis and Futuna Islands,876,2023,5,1.171
Wallis and Futuna Islands,876,2024,5,1.889
Wallis and Futuna Islands,876,2025,5,1.513
Wallis and Futuna Islands,876,2020,6,1.11
Wallis and Futuna Islands,876,2021,6,0.9
Wallis and Futuna Islands,876,2022,6,0.789
Wallis and Futuna Islands,876,2023,6,0.539
Wallis and Futuna Islands,876,2024,6,1.085
Wallis and Futuna Islands,876,2025,6,1.409
Wallis and Futuna Islands,876,2020,7,1.273
Wallis and Futuna Islands,876,2021,7,1.514
Wallis and Futuna Islands,876,2022,7,1.447
Wallis and Futuna Islands,876,2023,7,1.146
Wallis and Futuna Islands,876,2024,7,1.448
Wallis and Futuna Islands,876,2025,7,1.372
Wallis and Futuna Islands,876,2020,8,1.976
Wallis and Futuna Islands,876,2021,8,0.787
Wallis and Futuna Islands,876,2022,8,0.974
Wallis and Futuna Islands,876,2023,8,1.076
Wallis and Futuna Islands,876,2024,8,0.975
Wallis and Futuna Islands,876,2025,8,0.925
Wallis and Futuna Islands,876,2020,9,1.081
Wallis and Futuna Islands,876,2021,9,1.691
Wallis and Futuna Islands,876,2022,9,0.476
Wallis and Futuna Islands,876,2023,9,1.426
Wallis and Futuna Islands,876,2024,9,0.776
Wallis and Futuna Islands,876,2025,9,0.752
Wallis and Futuna Islands,876,2020,10,1.099
Wallis and Futuna Islands,876,2021,10,1.483
Wallis and Futuna Islands,876,2022,10,0.353
Wallis and Futuna Islands,876,2023,10,1.003
Wallis and Futuna Islands,876,2024,10,1.509
Wallis and Futuna Islands,876,2025,10,0.453
Wallis and Futuna Islands,876,2020,11,1.319
Wallis and Futuna Islands,876,2021,11,1.498
Wallis and Futuna Islands,876,2022,11,1.156
Wallis and Futuna Islands,876,2023,11,2.007
Wallis and Futuna Islands,876,2024,11,1.606
Wallis and Futuna Islands,876,2025,11,0.733
Wallis and Futuna Islands,876,2020,12,0.871
Wallis and Futuna Islands,876,2021,12,0.762
Wallis and Futuna Islands,876,2022,12,1.228
Wallis and Futuna Islands,876,2023,12,1.604
Wallis and Futuna Islands,876,2024,12,1.603
Wallis and Futuna Islands,876,2025,12,1.228
Western Sahara,732,2020,1,0.485
Western Sahara,732,2021,1,1.208
Western Sahara,732,2022,1,1.317
Western Sahara,732,2023,1,1.802
Western Sahara,732,2024,1,2.651
Western Sahara,732,2025,1,1.421
Western Sahara,732,2020,2,2.937
Western Sahara,732,2021,2,0.862
Western Sahara,732,2022,2,2.394
Western Sahara,732,2023,2,-0.338
Western Sahara,732,2024,2,3.147
Western Sahara,732,2025,2,0.888
Western Sahara,732,2020,3,0.98
Western Sahara,732,2021,3,0.835
Western Sahara,732,2022,3,0.239
Western Sahara,732,2023,3,2.262
Western Sahara,732,2024,3,1.666
Western Sahara,732,2025,3,0.323
Western Sahara,732,2020,4,1.677
Western Sahara,732,2021,4,2.077
Western Sahara,732,2022,4,1.108
Western Sahara,732,2023,4,2.807
Western Sahara,732,2024,4,3.386
Western Sahara,732,2025,4,2.47
Western Sahara,732,2020,5,2.059
Western Sahara,732,2021,5,1.741
Western Sahara,732,2022,5,2.715
Western Sahara,732,2023,5,1.9
Western Sahara,732,2024,5,1.894
Western Sahara,732,2025,5,1.992
Western Sahara,732,2020,6,2.93
Western Sahara,732,2021,6,2.095
Western Sahara,732,2022,6,2.353
Western Sahara,732,2023,6,2.651
Western Sahara,732,2024,6,1.692
Western Sahara,732,2025,6,3.206
Western Sahara,732,2020,7,2.145
Western Sahara,732,2021,7,1.469
Western Sahara,732,2022,7,2.033
Western Sahara,732,2023,7,2.855
Western Sahara,732,2024,7,1.829
Western Sahara,732,2025,7,1.53
Western Sahara,732,2020,8,2.106
Western Sahara,732,2021,8,1.763
Western Sahara,732,2022,8,1.859
Western Sahara,732,2023,8,2.861
Western Sahara,732,2024,8,1.618
Western Sahara,732,2025,8,2.258
Western Sahara,732,2020,9,2.487
Western Sahara,732,2021,9,1.812
Western Sahara,732,2022,9,1.8
Western Sahara,732,2023,9,1.177
Western Sahara,732,2024,9,0.151
Western Sahara,732,2025,9,1.587
Western Sahara,732,2020,10,1.511
Western Sahara,732,2021,10,1.368
Western Sahara,732,2022,10,1.987
Western Sahara,732,2023,10,3.272
Western Sahara,732,2024,10,1.515
Western Sahara,732,2025,10,2.25
Western Sahara,732,2020,11,1.871
Western Sahara,732,2021,11,0.206
Western Sahara,732,2022,11,2.726
Western Sahara,732,2023,11,2.985
Western Sahara,732,2024,11,2.947
Western Sahara,732,2025,11,2.444
Western Sahara,732,2020,12,1.69
Western Sahara,732,2021,12,1.637
Western Sahara,732,2022,12,3.471
Western Sahara,732,2023,12,2.541
Western Sahara,732,2024,12,2.319
Western Sahara,732,2025,12,1.001
Zambia,894,2020,1,1.211
Zambia,894,2021,1,1.295
Zambia,894,2022,1,1.167
Zambia,894,2023,1,0.565
Zambia,894,2024,1,0.873
Zambia,894,2025,1,1.053
Zambia,894,2020,2,0.018
Zambia,894,2021,2,1.566
Zambia,894,2022,2,0.948
Zambia,894,2023,2,1.072
Zambia,894,2024,2,1.008
Zambia,894,2025,2,0.308
Zambia,894,2020,3,0.076
Zambia,894,2021,3,0.952
Zambia,894,2022,3,-0.484
Zambia,894,2023,3,0.382
Zambia,894,2024,3,1.768
Zambia,894,2025,3,1.044
Zambia,894,2020,4,0.253
Zambia,894,2021,4,0.358
Zambia,894,2022,4,0.537
Zambia,894,2023,4,0.592
Zambia,894,2024,4,1.452
Zambia,894,2025,4,0.821
Zambia,894,2020,5,-0.048
Zambia,894,2021,5,0.242
Zambia,894,2022,5,0.344
Zambia,894,2023,5,1.29
Zambia,894,2024,5,1.359
Zambia,894,2025,5,0.29
Zambia,894,2020,6,1.834
Zambia,894,2021,6,3.232
Zambia,894,2022,6,0.155
Zambia,894,2023,6,2.24
Zambia,894,2024,6,1.813
Zambia,894,2025,6,0.638
Zambia,894,2020,7,-0.2
Zambia,894,2021,7,0.999
Zambia,894,2022,7,1.38
Zambia,894,2023,7,1.476
Zambia,894,2024,7,3.74
Zambia,894,2025,7,0.966
Zambia,894,2020,8,2.792
Zambia,894,2021,8,1.159
Zambia,894,2022,8,0.889
Zambia,894,2023,8,1.296
Zambia,894,2024,8,2.02
Zambia,894,2025,8,2.073
Zambia,894,2020,9,0.584
Zambia,894,2021,9,1.452
Zambia,894,2022,9,0.174
Zambia,894,2023,9,2.15
Zambia,894,2024,9,1.96
Zambia,894,2025,9,2.854
Zambia,894,2020,10,1.795
Zambia,894,2021,10,0.872
Zambia,894,2022,10,0.452
Zambia,894,2023,10,2.448
Zambia,894,2024,10,0.46
Zambia,894,2025,10,0.564
Zambia,894,2020,11,1.725
Zambia,894,2021,11,2.405
Zambia,894,2022,11,1.696
Zambia,894,2023,11,1.447
Zambia,894,2024,11,1.67
Zambia,894,2020,12,0.045
Zambia,894,2021,12,2.648
Zambia,894,2022,12,0.526
Zambia,894,2023,12,1.829
Zambia,894,2024,12,0.963
Zambia,894,2025,12,-0.748
Zimbabwe,716,2020,1,0.941
Zimbabwe,716,2021,1,-0.225
Zimbabwe,716,2022,1,-0.056
Zimbabwe,716,2023,1,-0.341
Zimbabwe,716,2024,1,0.187
Zimbabwe,716,2025,1,0.473
Zimbabwe,716,2020,2,0.039
Zimbabwe,716,2021,2,-0.659
Zimbabwe,716,2022,2,0.209
Zimbabwe,716,2023,2,-0.066
Zimbabwe,716,2024,2,1.741
Zimbabwe,716,2025,2,2.358
Zimbabwe,716,2020,3,0.032
Zimbabwe,716,2021,3,-0.217
Zimbabwe,716,2022,3,0.138
Zimbabwe,716,2023,3,0.052
Zimbabwe,716,2024,3,2.26
Zimbabwe,716,2025,3,0.219
Zimbabwe,716,2020,4,0.713
Zimbabwe,716,2021,4,-0.255
Zimbabwe,716,2022,4,0.066
Zimbabwe,716,2023,4,0.868
Zimbabwe,716,2024,4,0.779
Zimbabwe,716,2025,4,1.204
Zimbabwe,716,2020,5,0.396
Zimbabwe,716,2021,5,-0.329
Zimbabwe,716,2022,5,-0.171
Zimbabwe,716,2023,5,1.676
Zimbabwe,716,2024,5,1.373
Zimbabwe,716,2025,5,-0.087
Zimbabwe,716,2020,6,0.273
Zimbabwe,716,2021,6,0.382
Zimbabwe,716,2022,6,-0.603
Zimbabwe,716,2023,6,2.491
Zimbabwe,716,2024,6,1.437
Zimbabwe,716,2025,6,1.045
Zimbabwe,716,2020,7,-0.188
Zimbabwe,716,2021,7,-0.1
Zimbabwe,716,2022,7,0.845
Zimbabwe,716,2023,7,0.259
Zimbabwe,716,2024,7,2.916
Zimbabwe,716,2025,7,0.663
Zimbabwe,716,2020,8,0.636
Zimbabwe,716,2021,8,0.976
Zimbabwe,716,2022,8,0.85
Zimbabwe,716,2023,8,0.939
Zimbabwe,716,2024,8,2.066
Zimbabwe,716,2025,8,1.71
Zimbabwe,716,2020,9,0.401
Zimbabwe,716,2021,9,1.038
Zimbabwe,716,2022,9,0.793
Zimbabwe,716,2023,9,2.363
Zimbabwe,716,2024,9,2.163
Zimbabwe,716,2025,9,2.505
Zimbabwe,716,2020,10,-0.219
Zimbabwe,716,2021,10,-0.391
Zimbabwe,716,2022,10,1.752
Zimbabwe,716,2023,10,1.183
Zimbabwe,716,2024,10,0.125
Zimbabwe,716,2025,10,-0.277
Zimbabwe,716,2020,11,1.162
Zimbabwe,716,2021,11,1.593
Zimbabwe,716,2022,11,-0.312
Zimbabwe,716,2023,11,1.447
Zimbabwe,716,2024,11,1.187
Zimbabwe,716,2025,11,-0.227
Zimbabwe,716,2020,12,-0.481
Zimbabwe,716,2021,12,1.07
Zimbabwe,716,2022,12,0.267
Zimbabwe,716,2023,12,1.519
Zimbabwe,716,2024,12,3.178
Zimbabwe,716,2025,12,0.034
World,001,2020,1,2.23
World,001,2021,1,1.733
World,001,2022,1,1.523
World,001,2023,1,1.686
World,001,2024,1,2.167
World,001,2025,1,2.6
World,001,2020,2,2.309
World,001,2021,2,1.015
World,001,2022,2,1.282
World,001,2023,2,1.544
World,001,2024,2,2.449
World,001,2025,2,1.837
World,001,2020,3,2.172
World,001,2021,3,1.621
World,001,2022,3,1.697
World,001,2023,3,2.124
World,001,2024,3,2.388
World,001,2025,3,2.405
World,001,2020,4,1.51
World,001,2021,4,1.442
World,001,2022,4,1.493
World,001,2023,4,1.14
World,001,2024,4,2.253
World,001,2025,4,2.112
World,001,2020,5,1.308
World,001,2021,5,1.296
World,001,2022,5,1.147
World,001,2023,5,1.423
World,001,2024,5,1.698
World,001,2025,5,1.545
World,001,2020,6,1.339
World,001,2021,6,1.596
World,001,2022,6,1.369
World,001,2023,6,1.542
World,001,2024,6,1.93
World,001,2025,6,1.378
World,001,2020,7,1.29
World,001,2021,7,1.427
World,001,2022,7,1.378
World,001,2023,7,1.788
World,001,2024,7,1.713
World,001,2025,7,1.37
World,001,2020,8,1.318
World,001,2021,8,1.417
World,001,2022,8,1.415
World,001,2023,8,1.98
World,001,2024,8,1.839
World,001,2025,8,1.44
World,001,2020,9,1.488
World,001,2021,9,1.44
World,001,2022,9,1.31
World,001,2023,9,2.17
World,001,2024,9,2.032
World,001,2025,9,1.812
World,001,2020,10,1.3
World,001,2021,10,1.64
World,001,2022,10,1.561
World,001,2023,10,2.314
World,001,2024,10,2.072
World,001,2025,10,1.723
World,001,2020,11,1.823
World,001,2021,11,1.623
World,001,2022,11,1.029
World,001,2023,11,2.422
World,001,2024,11,2.302
World,001,2025,11,2.152
World,001,2020,12,1.44
World,001,2021,12,1.372
World,001,2022,12,1.101
World,001,2023,12,2.448
World,001,2024,12,2.197
World,001,2025,12,1.503
Africa,002,2020,1,0.426
Africa,002,2021,1,1.45
Africa,002,2022,1,0.396
Africa,002,2023,1,0.768
Africa,002,2024,1,1.575
Africa,002,2025,1,1.157
Africa,002,2020,2,0.838
Africa,002,2021,2,0.669
Africa,002,2022,2,0.401
Africa,002,2023,2,0.664
Africa,002,2024,2,1.622
Africa,002,2025,2,0.865
Africa,002,2020,3,1.144
Africa,002,2021,3,0.877
Africa,002,2022,3,0.583
Africa,002,2023,3,1.3
Africa,002,2024,3,2.266
Africa,002,2025,3,1.79
Africa,002,2020,4,1.384
Africa,002,2021,4,1.411
Africa,002,2022,4,1.44
Africa,002,2023,4,1.27
Africa,002,2024,4,1.752
Africa,002,2025,4,1.441
Africa,002,2020,5,1.466
Africa,002,2021,5,1.524
Africa,002,2022,5,1.151
Africa,002,2023,5,1.318
Africa,002,2024,5,2.428
Africa,002,2025,5,1.341
Africa,002,2020,6,1.348
Africa,002,2021,6,1.673
Africa,002,2022,6,1.183
Africa,002,2023,6,1.354
Africa,002,2024,6,2.07
Africa,002,2025,6,1.327
Africa,002,2020,7,1.242
Africa,002,2021,7,1.369
Africa,002,2022,7,1.192
Africa,002,2023,7,1.884
Africa,002,2024,7,1.989
Africa,002,2025,7,1.399
Africa,002,2020,8,1.212
Africa,002,2021,8,1.393
Africa,002,2022,8,1.037
Africa,002,2023,8,1.725
Africa,002,2024,8,1.712
Africa,002,2025,8,1.145
Africa,002,2020,9,1.132
Africa,002,2021,9,1.475
Africa,002,2022,9,1.146
Africa,002,2023,9,1.766
Africa,002,2024,9,1.466
Africa,002,2025,9,1.488
Africa,002,2020,10,1.342
Africa,002,2021,10,1.235
Africa,002,2022,10,1.145
Africa,002,2023,10,1.946
Africa,002,2024,10,1.365
Africa,002,2025,10,1.373
Africa,002,2020,11,0.931
Africa,002,2021,11,1.787
Africa,002,2022,11,0.928
Africa,002,2023,11,1.905
Africa,002,2024,11,1.105
Africa,002,2025,11,1.474
Africa,002,2020,12,1.543
Africa,002,2021,12,1.253
Africa,002,2022,12,1.484
Africa,002,2023,12,1.448
Africa,002,2024,12,0.994
Africa,002,2025,12,1.263
Eastern Africa,014,2020,1,0.784
Eastern Africa,014,2021,1,1.039
Eastern Africa,014,2022,1,0.758
Eastern Africa,014,2023,1,0.766
Eastern Africa,014,2024,1,1.293
Eastern Africa,014,2025,1,1.13
Eastern Africa,014,2020,2,0.854
Eastern Africa,014,2021,2,0.787
Eastern Africa,014,2022,2,0.601
Eastern Africa,014,2023,2,1.116
Eastern Africa,014,2024,2,1.607
Eastern Africa,014,2025,2,1.462
Eastern Africa,014,2020,3,0.845
Eastern Africa,014,2021,3,0.971
Eastern Africa,014,2022,3,0.745
Eastern Africa,014,2023,3,0.371
Eastern Africa,014,2024,3,1.978
Eastern Africa,014,2025,3,1.201
Eastern Africa,014,2020,4,0.913
Eastern Africa,014,2021,4,0.771
Eastern Africa,014,2022,4,1.209
Eastern Africa,014,2023,4,0.636
Eastern Africa,014,2024,4,1.417
Eastern Africa,014,2025,4,1.268
Eastern Africa,014,2020,5,0.905
Eastern Africa,014,2021,5,0.534
Eastern Africa,014,2022,5,1.382
Eastern Africa,014,2023,5,0.938
Eastern Africa,014,2024,5,1.55
Eastern Africa,014,2025,5,1.1
Eastern Africa,014,2020,6,1.041
Eastern Africa,014,2021,6,1.274
Eastern Africa,014,2022,6,0.674
Eastern Africa,014,2023,6,1.768
Eastern Africa,014,2024,6,1.788
Eastern Africa,014,2025,6,1.335
Eastern Africa,014,2020,7,0.789
Eastern Africa,014,2021,7,0.834
Eastern Africa,014,2022,7,0.935
Eastern Africa,014,2023,7,1.387
Eastern Africa,014,2024,7,2.101
Eastern Africa,014,2025,7,1.082
Eastern Africa,014,2020,8,1.178
Eastern Africa,014,2021,8,1.12
Eastern Africa,014,2022,8,0.7
Eastern Africa,014,2023,8,1.55
Eastern Africa,014,2024,8,1.555
Eastern Africa,014,2025,8,1.165
Eastern Africa,014,2020,9,0.808
Eastern Africa,014,2021,9,1.088
Eastern Africa,014,2022,9,0.622
Eastern Africa,014,2023,9,1.963
Eastern Africa,014,2024,9,1.695
Eastern Africa,014,2025,9,1.763
Eastern Africa,014,2020,10,1.185
Eastern Africa,014,2021,10,1.123
Eastern Africa,014,2022,10,0.846
Eastern Africa,014,2023,10,1.741
Eastern Africa,014,2024,10,1.369
Eastern Africa,014,2025,10,0.935
Eastern Africa,014,2020,11,1.124
Eastern Africa,014,2021,11,1.652
Eastern Africa,014,2022,11,1.103
Eastern Africa,014,2023,11,1.095
Eastern Africa,014,2024,11,1.513
Eastern Africa,014,2025,11,0.859
Eastern Africa,014,2020,12,1.022
Eastern Africa,014,2021,12,1.583
Eastern Africa,014,2022,12,0.781
Eastern Africa,014,2023,12,1.503
Eastern Africa,014,2024,12,1.685
Eastern Africa,014,2025,12,0.253
Middle Africa,017,2020,1,0.866
Middle Africa,017,2021,1,1.141
Middle Africa,017,2022,1,0.727
Middle Africa,017,2023,1,0.757
Middle Africa,017,2024,1,1.44
Middle Africa,017,2025,1,0.763
Middle Africa,017,2020,2,0.755
Middle Africa,017,2021,2,0.565
Middle Africa,017,2022,2,0.584
Middle Africa,017,2023,2,1.052
Middle Africa,017,2024,2,1.88
Middle Africa,017,2025,2,0.647
Middle Africa,017,2020,3,1.259
Middle Africa,017,2021,3,0.747
Middle Africa,017,2022,3,0.76
Middle Africa,017,2023,3,1.078
Middle Africa,017,2024,3,2.098
Middle Africa,017,2025,3,1.25
Middle Africa,017,2020,4,1.275
Middle Africa,017,2021,4,1.121
Middle Africa,017,2022,4,1.026
Middle Africa,017,2023,4,1.315
Middle Africa,017,2024,4,0.699
Middle Africa,017,2025,4,1.356
Middle Africa,017,2020,5,1.166
Middle Africa,017,2021,5,1.468
Middle Africa,017,2022,5,0.748
Middle Africa,017,2023,5,1.77
Middle Africa,017,2024,5,2.622
Middle Africa,017,2025,5,1.332
Middle Africa,017,2020,6,1.382
Middle Africa,017,2021,6,1.818
Middle Africa,017,2022,6,1.326
Middle Africa,017,2023,6,1.082
Middle Africa,017,2024,6,1.553
Middle Africa,017,2025,6,1.813
Middle Africa,017,2020,7,1.466
Middle Africa,017,2021,7,1.463
Middle Africa,017,2022,7,1.14
Middle Africa,017,2023,7,1.843
Middle Africa,017,2024,7,2.401
Middle Africa,017,2025,7,1.384
Middle Africa,017,2020,8,1.334
Middle Africa,017,2021,8,1.347
Middle Africa,017,2022,8,0.855
Middle Africa,017,2023,8,1.494
Middle Africa,017,2024,8,1.452
Middle Africa,017,2025,8,0.801
Middle Africa,017,2020,9,0.802
Middle Africa,017,2021,9,1.235
Middle Africa,017,2022,9,0.623
Middle Africa,017,2023,9,1.305
Middle Africa,017,2024,9,1.225
Middle Africa,017,2025,9,1.333
Middle Africa,017,2020,10,0.999
Middle Africa,017,2021,10,1.045
Middle Africa,017,2022,10,0.99
Middle Africa,017,2023,10,1.367
Middle Africa,017,2024,10,0.676
Middle Africa,017,2025,10,1.094
Middle Africa,017,2020,11,0.991
Middle Africa,017,2021,11,1.564
Middle Africa,017,2022,11,1.131
Middle Africa,017,2023,11,1.33
Middle Africa,017,2024,11,0.345
Middle Africa,017,2025,11,1.44
Middle Africa,017,2020,12,1.39
Middle Africa,017,2021,12,1.371
Middle Africa,017,2022,12,0.872
Middle Africa,017,2023,12,1.212
Middle Africa,017,2024,12,0.307
Middle Africa,017,2025,12,1.858
Northern Africa,015,2020,1,-0.508
Northern Africa,015,2021,1,2.019
Northern Africa,015,2022,1,-0.386
Northern Africa,015,2023,1,0.71
Northern Africa,015,2024,1,2.001
Northern Africa,015,2025,1,1.81
Northern Africa,015,2020,2,0.723
Northern Africa,015,2021,2,1.1
Northern Africa,015,2022,2,0.032
Northern Africa,015,2023,2,-0.258
Northern Africa,015,2024,2,1.285
Northern Africa,015,2025,2,0.277
Northern Africa,015,2020,3,1.204
Northern Africa,015,2021,3,0.936
Northern Africa,015,2022,3,-0.067
Northern Africa,015,2023,3,2.094
Northern Africa,015,2024,3,2.274
Northern Africa,015,2025,3,2.476
Northern Africa,015,2020,4,1.542
Northern Africa,015,2021,4,2.096
Northern Africa,015,2022,4,2.397
Northern Africa,015,2023,4,1.678
Northern Africa,015,2024,4,2.079
Northern Africa,015,2025,4,1.641
Northern Africa,015,2020,5,2.082
Northern Africa,015,2021,5,2.791
Northern Africa,015,2022,5,1.3
Northern Africa,015,2023,5,0.9
Northern Africa,015,2024,5,2.47
Northern Africa,015,2025,5,1.591
Northern Africa,015,2020,6,1.51
Northern Africa,015,2021,6,2.081
Northern Africa,015,2022,6,1.97
Northern Africa,015,2023,6,1.095
Northern Africa,015,2024,6,3.062
Northern Africa,015,2025,6,1.293
Northern Africa,015,2020,7,1.727
Northern Africa,015,2021,7,2.298
Northern Africa,015,2022,7,1.434
Northern Africa,015,2023,7,2.857
Northern Africa,015,2024,7,2.535
Northern Africa,015,2025,7,2.231
Northern Africa,015,2020,8,1.79
Northern Africa,015,2021,8,2.116
Northern Africa,015,2022,8,1.731
Northern Africa,015,2023,8,2.19
Northern Africa,015,2024,8,2.542
Northern Africa,015,2025,8,1.511
Northern Africa,015,2020,9,1.974
Northern Africa,015,2021,9,1.926
Northern Africa,015,2022,9,2.246
Northern Africa,015,2023,9,2.317
Northern Africa,015,2024,9,2.239
Northern Africa,015,2025,9,1.606
Northern Africa,015,2020,10,1.829
Northern Africa,015,2021,10,1.459
Northern Africa,015,2022,10,1.378
Northern Africa,015,2023,10,2.754
Northern Africa,015,2024,10,2.293
Northern Africa,015,2025,10,2.13
Northern Africa,015,2020,11,0.787
Northern Africa,015,2021,11,1.926
Northern Africa,015,2022,11,1.191
Northern Africa,015,2023,11,2.733
Northern Africa,015,2024,11,1.783
Northern Africa,015,2025,11,1.815
Northern Africa,015,2020,12,1.808
Northern Africa,015,2021,12,0.971
Northern Africa,015,2022,12,2.952
Northern Africa,015,2023,12,1.966
Northern Africa,015,2024,12,0.945
Northern Africa,015,2025,12,1.042
Southern Africa,018,2020,1,0.959
Southern Africa,018,2021,1,-0.29
Southern Africa,018,2022,1,0.037
Southern Africa,018,2023,1,0.334
Southern Africa,018,2024,1,0.858
Southern Africa,018,2025,1,-0.075
Southern Africa,018,2020,2,0.813
Southern Africa,018,2021,2,-0.416
Southern Africa,018,2022,2,0.407
Southern Africa,018,2023,2,0.136
Southern Africa,018,2024,2,2.259
Southern Africa,018,2025,2,1.127
Southern Africa,018,2020,3,0.364
Southern Africa,018,2021,3,-0.074
Southern Africa,018,2022,3,-0.091
Southern Africa,018,2023,3,0.622
Southern Africa,018,2024,3,2.613
Southern Africa,018,2025,3,1.073
Southern Africa,018,2020,4,0.497
Southern Africa,018,2021,4,1.177
Southern Africa,018,2022,4,-0.112
Southern Africa,018,2023,4,1.126
Southern Africa,018,2024,4,1.538
Southern Africa,018,2025,4,0.521
Southern Africa,018,2020,5,1.057
Southern Africa,018,2021,5,0.548
Southern Africa,018,2022,5,0.23
Southern Africa,018,2023,5,1.308
Southern Africa,018,2024,5,3.4
Southern Africa,018,2025,5,0.319
Southern Africa,018,2020,6,0.709
Southern Africa,018,2021,6,1.146
Southern Africa,018,2022,6,0.216
Southern Africa,018,2023,6,1.258
Southern Africa,018,2024,6,1.014
Southern Africa,018,2025,6,-0.134
Southern Africa,018,2020,7,0.612
Southern Africa,018,2021,7,-0.541
Southern Africa,018,2022,7,1.408
Southern Africa,018,2023,7,0.141
Southern Africa,018,2024,7,0.577
Southern Africa,018,2025,7,0.829
Southern Africa,018,2020,8,-0.222
Southern Africa,018,2021,8,0.432
Southern Africa,018,2022,8,0.778
Southern Africa,018,2023,8,1.378
Southern Africa,018,2024,8,1.563
Southern Africa,018,2025,8,1.292
Southern Africa,018,2020,9,0.744
Southern Africa,018,2021,9,1.342
Southern Africa,018,2022,9,1.419
Southern Africa,018,2023,9,0.708
Southern Africa,018,2024,9,0.918
Southern Africa,018,2025,9,1.924
Southern Africa,018,2020,10,1.742
Southern Africa,018,2021,10,-0.288
Southern Africa,018,2022,10,2.41
Southern Africa,018,2023,10,1.462
Southern Africa,018,2024,10,1.227
Southern Africa,018,2025,10,1.012
Southern Africa,018,2020,11,0.728
Southern Africa,018,2021,11,0.737
Southern Africa,018,2022,11,0.142
Southern Africa,018,2023,11,2.234
Southern Africa,018,2024,11,1.198
Southern Africa,018,2025,11,0.867
Southern Africa,018,2020,12,0.333
Southern Africa,018,2021,12,-0.553
Southern Africa,018,2022,12,0.54
Southern Africa,018,2023,12,0.88
Southern Africa,018,2024,12,1.95
Southern Africa,018,2025,12,0.869
Western Africa,011,2020,1,0.515
Western Africa,011,2021,1,2.274
Western Africa,011,2022,1,0.791
Western Africa,011,2023,1,1.045
Western Africa,011,2024,1,1.797
Western Africa,011,2025,1,1.308
Western Africa,011,2020,2,1.069
Western Africa,011,2021,2,0.565
Western Africa,011,2022,2,0.445
Western Africa,011,2023,2,1.156
Western Africa,011,2024,2,1.514
Western Africa,011,2025,2,1.074
Western Africa,011,2020,3,1.62
Western Africa,011,2021,3,1.246
Western Africa,011,2022,3,1.34
Western Africa,011,2023,3,1.872
Western Africa,011,2024,3,2.605
Western Africa,011,2025,3,2.459
Western Africa,011,2020,4,2.21
Western Africa,011,2021,4,1.657
Western Africa,011,2022,4,1.592
Western Africa,011,2023,4,1.471
Western Africa,011,2024,4,2.934
Western Africa,011,2025,4,1.869
Western Africa,011,2020,5,1.802
Western Africa,011,2021,5,1.505
Western Africa,011,2022,5,1.529
Western Africa,011,2023,5,1.798
Western Africa,011,2024,5,2.726
Western Africa,011,2025,5,1.743
Western Africa,011,2020,6,1.725
Western Africa,011,2021,6,1.668
Western Africa,011,2022,6,1.007
Western Africa,011,2023,6,1.557
Western Africa,011,2024,6,2.124
Western Africa,011,2025,6,1.474
Western Africa,011,2020,7,1.161
Western Africa,011,2021,7,1.512
Western Africa,011,2022,7,1.137
Western Africa,011,2023,7,1.991
Western Africa,011,2024,7,1.335
Western Africa,011,2025,7,0.95
Western Africa,011,2020,8,1.001
Western Africa,011,2021,8,1.243
Western Africa,011,2022,8,0.836
Western Africa,011,2023,8,1.723
Western Africa,011,2024,8,1.164
Western Africa,011,2025,8,0.961
Western Africa,011,2020,9,0.944
Western Africa,011,2021,9,1.654
Western Africa,011,2022,9,0.774
Western Africa,011,2023,9,1.792
Western Africa,011,2024,9,0.712
Western Africa,011,2025,9,1.007
Western Africa,011,2020,10,1.091
Western Africa,011,2021,10,1.94
Western Africa,011,2022,10,0.803
Western Africa,011,2023,10,1.968
Western Africa,011,2024,10,0.97
Western Africa,011,2025,10,1.348
Western Africa,011,2020,11,0.917
Western Africa,011,2021,11,2.457
Western Africa,011,2022,11,0.515
Western Africa,011,2023,11,2.222
Western Africa,011,2024,11,0.556
Western Africa,011,2025,11,1.62
Western Africa,011,2020,12,2.489
Western Africa,011,2021,12,1.897
Western Africa,011,2022,12,1.47
Western Africa,011,2023,12,1.222
Western Africa,011,2024,12,0.608
Western Africa,011,2025,12,1.806
Sub-Saharan Africa,202,2020,1,0.755
Sub-Saharan Africa,202,2021,1,1.249
Sub-Saharan Africa,202,2022,1,0.672
Sub-Saharan Africa,202,2023,1,0.788
Sub-Saharan Africa,202,2024,1,1.424
Sub-Saharan Africa,202,2025,1,0.926
Sub-Saharan Africa,202,2020,2,0.879
Sub-Saharan Africa,202,2021,2,0.517
Sub-Saharan Africa,202,2022,2,0.53
Sub-Saharan Africa,202,2023,2,0.99
Sub-Saharan Africa,202,2024,2,1.741
Sub-Saharan Africa,202,2025,2,1.073
Sub-Saharan Africa,202,2020,3,1.122
Sub-Saharan Africa,202,2021,3,0.856
Sub-Saharan Africa,202,2022,3,0.813
Sub-Saharan Africa,202,2023,3,1.02
Sub-Saharan Africa,202,2024,3,2.262
Sub-Saharan Africa,202,2025,3,1.547
Sub-Saharan Africa,202,2020,4,1.328
Sub-Saharan Africa,202,2021,4,1.168
Sub-Saharan Africa,202,2022,4,1.102
Sub-Saharan Africa,202,2023,4,1.126
Sub-Saharan Africa,202,2024,4,1.637
Sub-Saharan Africa,202,2025,4,1.37
Sub-Saharan Africa,202,2020,5,1.247
Sub-Saharan Africa,202,2021,5,1.078
Sub-Saharan Africa,202,2022,5,1.098
Sub-Saharan Africa,202,2023,5,1.466
Sub-Saharan Africa,202,2024,5,2.413
Sub-Saharan Africa,202,2025,5,1.252
Sub-Saharan Africa,202,2020,6,1.291
Sub-Saharan Africa,202,2021,6,1.529
Sub-Saharan Africa,202,2022,6,0.904
Sub-Saharan Africa,202,2023,6,1.445
Sub-Saharan Africa,202,2024,6,1.718
Sub-Saharan Africa,202,2025,6,1.339
Sub-Saharan Africa,202,2020,7,1.071
Sub-Saharan Africa,202,2021,7,1.042
Sub-Saharan Africa,202,2022,7,1.107
Sub-Saharan Africa,202,2023,7,1.539
Sub-Saharan Africa,202,2024,7,1.796
Sub-Saharan Africa,202,2025,7,1.105
Sub-Saharan Africa,202,2020,8,1.008
Sub-Saharan Africa,202,2021,8,1.138
Sub-Saharan Africa,202,2022,8,0.792
Sub-Saharan Africa,202,2023,8,1.56
Sub-Saharan Africa,202,2024,8,1.417
Sub-Saharan Africa,202,2025,8,1.01
Sub-Saharan Africa,202,2020,9,0.836
Sub-Saharan Africa,202,2021,9,1.317
Sub-Saharan Africa,202,2022,9,0.759
Sub-Saharan Africa,202,2023,9,1.571
Sub-Saharan Africa,202,2024,9,1.191
Sub-Saharan Africa,202,2025,9,1.447
Sub-Saharan Africa,202,2020,10,1.171
Sub-Saharan Africa,202,2021,10,1.156
Sub-Saharan Africa,202,2022,10,1.063
Sub-Saharan Africa,202,2023,10,1.659
Sub-Saharan Africa,202,2024,10,1.037
Sub-Saharan Africa,202,2025,10,1.105
Sub-Saharan Africa,202,2020,11,0.981
Sub-Saharan Africa,202,2021,11,1.738
Sub-Saharan Africa,202,2022,11,0.836
Sub-Saharan Africa,202,2023,11,1.612
Sub-Saharan Africa,202,2024,11,0.865
Sub-Saharan Africa,202,2025,11,1.326
Sub-Saharan Africa,202,2020,12,1.45
Sub-Saharan Africa,202,2021,12,1.352
Sub-Saharan Africa,202,2022,12,0.968
Sub-Saharan Africa,202,2023,12,1.265
Sub-Saharan Africa,202,2024,12,1.012
Sub-Saharan Africa,202,2025,12,1.35
Americas,019,2020,1,1.977
Americas,019,2021,1,3.417
Americas,019,2022,1,1.021
Americas,019,2023,1,2.903
Americas,019,2024,1,2.404
Americas,019,2025,1,2.733
Americas,019,2020,2,1.17
Americas,019,2021,2,0.101
Americas,019,2022,2,0.19
Americas,019,2023,2,0.487
Americas,019,2024,2,3.149
Americas,019,2025,2,1.636
Americas,019,2020,3,1.576
Americas,019,2021,3,1.613
Americas,019,2022,3,1.486
Americas,019,2023,3,1.116
Americas,019,2024,3,2.418
Americas,019,2025,3,2.214
Americas,019,2020,4,0.748
Americas,019,2021,4,1.343
Americas,019,2022,4,0.45
Americas,019,2023,4,1.054
Americas,019,2024,4,2.385
Americas,019,2025,4,1.56
Americas,019,2020,5,0.645
Americas,019,2021,5,0.55
Americas,019,2022,5,0.576
Americas,019,2023,5,2.06
Americas,019,2024,5,1.371
Americas,019,2025,5,1.46
Americas,019,2020,6,1.217
Americas,019,2021,6,1.501
Americas,019,2022,6,1.044
Americas,019,2023,6,1.64
Americas,019,2024,6,1.856
Americas,019,2025,6,1.193
Americas,019,2020,7,1.299
Americas,019,2021,7,0.988
Americas,019,2022,7,1.58
Americas,019,2023,7,1.915
Americas,019,2024,7,1.413
Americas,019,2025,7,1.013
Americas,019,2020,8,1.455
Americas,019,2021,8,1.234
Americas,019,2022,8,1.4
Americas,019,2023,8,1.996
Americas,019,2024,8,1.581
Americas,019,2025,8,1.426
Americas,019,2020,9,1.228
Americas,019,2021,9,1.86
Americas,019,2022,9,1.611
Americas,019,2023,9,2.494
Americas,019,2024,9,2.725
Americas,019,2025,9,2.329
Americas,019,2020,10,0.891
Americas,019,2021,10,2.322
Americas,019,2022,10,1.543
Americas,019,2023,10,2.282
Americas,019,2024,10,2.555
Americas,019,2025,10,2.338
Americas,019,2020,11,1.406
Americas,019,2021,11,1.557
Americas,019,2022,11,0.435
Americas,019,2023,11,2.479
Americas,019,2024,11,2.266
Americas,019,2025,11,2.686
Americas,019,2020,12,2.478
Americas,019,2021,12,1.554
Americas,019,2022,12,1.095
Americas,019,2023,12,4.211
Americas,019,2024,12,2.797
Americas,019,2025,12,1.036
Northern America,021,2020,1,2.453
Northern America,021,2021,1,5.454
Northern America,021,2022,1,0.87
Northern America,021,2023,1,4.438
Northern America,021,2024,1,2.885
Northern America,021,2025,1,3.913
Northern America,021,2020,2,1.19
Northern America,021,2021,2,-0.455
Northern America,021,2022,2,-0.368
Northern America,021,2023,2,0.076
Northern America,021,2024,2,4.067
Northern America,021,2025,2,1.507
Northern America,021,2020,3,1.398
Northern America,021,2021,3,2.253
Northern America,021,2022,3,2.216
Northern America,021,2023,3,0.896
Northern America,021,2024,3,2.66
Northern America,021,2025,3,2.845
Northern America,021,2020,4,0.148
Northern America,021,2021,4,1.428
Northern America,021,2022,4,0.015
Northern America,021,2023,4,0.921
Northern America,021,2024,4,2.644
Northern America,021,2025,4,1.934
Northern America,021,2020,5,0.318
Northern America,021,2021,5,0.401
Northern America,021,2022,5,0.778
Northern America,021,2023,5,2.533
Northern America,021,2024,5,1.613
Northern America,021,2025,5,1.422
Northern America,021,2020,6,1.048
Northern America,021,2021,6,2.03
Northern America,021,2022,6,1.561
Northern America,021,2023,6,1.584
Northern America,021,2024,6,1.56
Northern America,021,2025,6,1.492
Northern America,021,2020,7,1.501
Northern America,021,2021,7,1.083
Northern America,021,2022,7,1.538
Northern America,021,2023,7,1.783
Northern America,021,2024,7,1.669
Northern America,021,2025,7,1.09
Northern America,021,2020,8,1.462
Northern America,021,2021,8,1.181
Northern America,021,2022,8,1.851
Northern America,021,2023,8,1.679
Northern America,021,2024,8,1.622
Northern America,021,2025,8,1.626
Northern America,021,2020,9,0.944
Northern America,021,2021,9,1.8
Northern America,021,2022,9,2.318
Northern America,021,2023,9,2.512
Northern America,021,2024,9,3.085
Northern America,021,2025,9,2.892
Northern America,021,2020,10,0.24
Northern America,021,2021,10,3.084
Northern America,021,2022,10,2.076
Northern America,021,2023,10,2.296
Northern America,021,2024,10,2.786
Northern America,021,2025,10,3.274
Northern America,021,2020,11,1.406
Northern America,021,2021,11,2.066
Northern America,021,2022,11,0.263
Northern America,021,2023,11,2.846
Northern America,021,2024,11,2.897
Northern America,021,2025,11,3.794
Northern America,021,2020,12,3.633
Northern America,021,2021,12,1.735
Northern America,021,2022,12,1.128
Northern America,021,2023,12,6.047
Northern America,021,2024,12,4.064
Northern America,021,2025,12,0.731
Central America,013,2020,1,1.626
Central America,013,2021,1,1.067
Central America,013,2022,1,1.146
Central America,013,2023,1,1.674
Central America,013,2024,1,1.475
Central America,013,2025,1,0.722
Central America,013,2020,2,1.426
Central America,013,2021,2,1.322
Central America,013,2022,2,0.581
Central America,013,2023,2,1.369
Central America,013,2024,2,1.766
Central America,013,2025,2,2.616
Central America,013,2020,3,2.185
Central America,013,2021,3,1.252
Central America,013,2022,3,0.864
Central America,013,2023,3,1.506
Central America,013,2024,3,1.825
Central America,013,2025,3,1.937
Central America,013,2020,4,2.1
Central America,013,2021,4,1.312
Central America,013,2022,4,1.665
Central America,013,2023,4,1.221
Central America,013,2024,4,1.958
Central America,013,2025,4,1.112
Central America,013,2020,5,1.536
Central America,013,2021,5,1.145
Central America,013,2022,5,1.685
Central America,013,2023,5,0.978
Central America,013,2024,5,3.159
Central America,013,2025,5,1.791
Central America,013,2020,6,1.127
Central America,013,2021,6,0.964
Central America,013,2022,6,0.865
Central America,013,2023,6,2.194
Central America,013,2024,6,1.937
Central America,013,2025,6,1.049
Central America,013,2020,7,1.654
Central America,013,2021,7,0.562
Central America,013,2022,7,1.308
Central America,013,2023,7,2.228
Central America,013,2024,7,1.221
Central America,013,2025,7,0.916
Central America,013,2020,8,1.674
Central America,013,2021,8,0.797
Central America,013,2022,8,0.844
Central America,013,2023,8,2.153
Central America,013,2024,8,1.822
Central America,013,2025,8,1.549
Central America,013,2020,9,1.204
Central America,013,2021,9,1.051
Central America,013,2022,9,0.492
Central America,013,2023,9,2.722
Central America,013,2024,9,1.407
Central America,013,2025,9,1.294
Central America,013,2020,10,1.595
Central America,013,2021,10,1.594
Central America,013,2022,10,0.646
Central America,013,2023,10,1.728
Central America,013,2024,10,1.804
Central America,013,2025,10,1.729
Central America,013,2020,11,1.874
Central America,013,2021,11,1.375
Central America,013,2022,11,0.65
Central America,013,2023,11,1.539
Central America,013,2024,11,1.758
Central America,013,2025,11,2.112
Central America,013,2020,12,0.482
Central America,013,2021,12,2.578
Central America,013,2022,12,1.21
Central America,013,2023,12,1.415
Central America,013,2024,12,2.14
Central America,013,2025,12,2.847
Caribbean,029,2020,1,1.515
Caribbean,029,2021,1,0.891
Caribbean,029,2022,1,0.888
Caribbean,029,2023,1,1.389
Caribbean,029,2024,1,1.845
Caribbean,029,2025,1,1.002
Caribbean,029,2020,2,1.925
Caribbean,029,2021,2,1.9
Caribbean,029,2022,2,1.343
Caribbean,029,2023,2,1.562
Caribbean,029,2024,2,0.721
Caribbean,029,2025,2,1.949
Caribbean,029,2020,3,1.04
Caribbean,029,2021,3,1.04
Caribbean,029,2022,3,1.282
Caribbean,029,2023,3,1.117
Caribbean,029,2024,3,1.579
Caribbean,029,2025,3,0.999
Caribbean,029,2020,4,2.074
Caribbean,029,2021,4,0.776
Caribbean,029,2022,4,0.524
Caribbean,029,2023,4,1.046
Caribbean,029,2024,4,1.248
Caribbean,029,2025,4,1.065
Caribbean,029,2020,5,1.757
Caribbean,029,2021,5,1.001
Caribbean,029,2022,5,0.742
Caribbean,029,2023,5,1.146
Caribbean,029,2024,5,1.888
Caribbean,029,2025,5,1.506
Caribbean,029,2020,6,1.588
Caribbean,029,2021,6,0.695
Caribbean,029,2022,6,0.806
Caribbean,029,2023,6,1.657
Caribbean,029,2024,6,1.634
Caribbean,029,2025,6,1.426
Caribbean,029,2020,7,1.343
Caribbean,029,2021,7,0.831
Caribbean,029,2022,7,0.876
Caribbean,029,2023,7,1.849
Caribbean,029,2024,7,1.263
Caribbean,029,2025,7,1.181
Caribbean,029,2020,8,1.227
Caribbean,029,2021,8,0.792
Caribbean,029,2022,8,1.015
Caribbean,029,2023,8,1.799
Caribbean,029,2024,8,1.531
Caribbean,029,2025,8,1.568
Caribbean,029,2020,9,1.171
Caribbean,029,2021,9,1.179
Caribbean,029,2022,9,1.184
Caribbean,029,2023,9,1.913
Caribbean,029,2024,9,2.011
Caribbean,029,2025,9,1.258
Caribbean,029,2020,10,1.278
Caribbean,029,2021,10,1.182
Caribbean,029,2022,10,0.855
Caribbean,029,2023,10,1.78
Caribbean,029,2024,10,2.025
Caribbean,029,2025,10,1.244
Caribbean,029,2020,11,0.878
Caribbean,029,2021,11,1.035
Caribbean,029,2022,11,1.474
Caribbean,029,2023,11,1.583
Caribbean,029,2024,11,1.008
Caribbean,029,2025,11,0.947
Caribbean,029,2020,12,0.901
Caribbean,029,2021,12,1.741
Caribbean,029,2022,12,0.885
Caribbean,029,2023,12,1.228
Caribbean,029,2024,12,1.316
Caribbean,029,2025,12,1.258
South America,005,2020,1,1.343
South America,005,2021,1,0.829
South America,005,2022,1,1.225
South America,005,2023,1,0.869
South America,005,2024,1,1.845
South America,005,2025,1,1.328
South America,005,2020,2,1.091
South America,005,2021,2,0.706
South America,005,2022,2,0.927
South America,005,2023,2,0.94
South America,005,2024,2,2.052
South America,005,2025,2,1.683
South America,005,2020,3,1.76
South America,005,2021,3,0.743
South America,005,2022,3,0.515
South America,005,2023,3,1.382
South America,005,2024,3,2.165
South America,005,2025,3,1.358
South America,005,2020,4,1.407
South America,005,2021,4,1.235
South America,005,2022,4,0.912
South America,005,2023,4,1.224
South America,005,2024,4,2.09
South America,005,2025,4,1.088
South America,005,2020,5,0.976
South America,005,2021,5,0.675
South America,005,2022,5,0.125
South America,005,2023,5,1.539
South America,005,2024,5,0.761
South America,005,2025,5,1.467
South America,005,2020,6,1.467
South America,005,2021,6,0.822
South America,005,2022,6,0.322
South America,005,2023,6,1.644
South America,005,2024,6,2.281
South America,005,2025,6,0.774
South America,005,2020,7,0.957
South America,005,2021,7,0.913
South America,005,2022,7,1.692
South America,005,2023,7,2.065
South America,005,2024,7,1.071
South America,005,2025,7,0.912
South America,005,2020,8,1.419
South America,005,2021,8,1.38
South America,005,2022,8,0.828
South America,005,2023,8,2.439
South America,005,2024,8,1.487
South America,005,2025,8,1.116
South America,005,2020,9,1.647
South America,005,2021,9,2.072
South America,005,2022,9,0.747
South America,005,2023,9,2.446
South America,005,2024,9,2.4
South America,005,2025,9,1.672
South America,005,2020,10,1.733
South America,005,2021,10,1.336
South America,005,2022,10,0.904
South America,005,2023,10,2.348
South America,005,2024,10,2.332
South America,005,2025,10,1.078
South America,005,2020,11,1.352
South America,005,2021,11,0.851
South America,005,2022,11,0.635
South America,005,2023,11,2.093
South America,005,2024,11,1.443
South America,005,2025,11,1.184
South America,005,2020,12,1.104
South America,005,2021,12,1.144
South America,005,2022,12,1.034
South America,005,2023,12,1.986
South America,005,2024,12,1.074
South America,005,2025,12,1.229
Latin America and the Caribbean,419,2020,1,1.38
Latin America and the Caribbean,419,2021,1,0.859
Latin America and the Caribbean,419,2022,1,1.21
Latin America and the Caribbean,419,2023,1,0.974
Latin America and the Caribbean,419,2024,1,1.801
Latin America and the Caribbean,419,2025,1,1.25
Latin America and the Caribbean,419,2020,2,1.145
Latin America and the Caribbean,419,2021,2,0.799
Latin America and the Caribbean,419,2022,2,0.892
Latin America and the Caribbean,419,2023,2,1.002
Latin America and the Caribbean,419,2024,2,1.996
Latin America and the Caribbean,419,2025,2,1.799
Latin America and the Caribbean,419,2020,3,1.799
Latin America and the Caribbean,419,2021,3,0.809
Latin America and the Caribbean,419,2022,3,0.569
Latin America and the Caribbean,419,2023,3,1.392
Latin America and the Caribbean,419,2024,3,2.115
Latin America and the Caribbean,419,2025,3,1.422
Latin America and the Caribbean,419,2020,4,1.501
Latin America and the Caribbean,419,2021,4,1.237
Latin America and the Caribbean,419,2022,4,0.997
Latin America and the Caribbean,419,2023,4,1.221
Latin America and the Caribbean,419,2024,4,2.06
Latin America and the Caribbean,419,2025,4,1.09
Latin America and the Caribbean,419,2020,5,1.056
Latin America and the Caribbean,419,2021,5,0.737
Latin America and the Caribbean,419,2022,5,0.323
Latin America and the Caribbean,419,2023,5,1.465
Latin America and the Caribbean,419,2024,5,1.068
Latin America and the Caribbean,419,2025,5,1.507
Latin America and the Caribbean,419,2020,6,1.428
Latin America and the Caribbean,419,2021,6,0.837
Latin America and the Caribbean,419,2022,6,0.395
Latin America and the Caribbean,419,2023,6,1.71
Latin America and the Caribbean,419,2024,6,2.229
Latin America and the Caribbean,419,2025,6,0.818
Latin America and the Caribbean,419,2020,7,1.047
Latin America and the Caribbean,419,2021,7,0.869
Latin America and the Caribbean,419,2022,7,1.632
Latin America and the Caribbean,419,2023,7,2.081
Latin America and the Caribbean,419,2024,7,1.092
Latin America and the Caribbean,419,2025,7,0.917
Latin America and the Caribbean,419,2020,8,1.447
Latin America and the Caribbean,419,2021,8,1.3
Latin America and the Caribbean,419,2022,8,0.833
Latin America and the Caribbean,419,2023,8,2.394
Latin America and the Caribbean,419,2024,8,1.528
Latin America and the Caribbean,419,2025,8,1.174
Latin America and the Caribbean,419,2020,9,1.586
Latin America and the Caribbean,419,2021,9,1.935
Latin America and the Caribbean,419,2022,9,0.723
Latin America and the Caribbean,419,2023,9,2.47
Latin America and the Caribbean,419,2024,9,2.274
Latin America and the Caribbean,419,2025,9,1.62
Latin America and the Caribbean,419,2020,10,1.709
Latin America and the Caribbean,419,2021,10,1.364
Latin America and the Caribbean,419,2022,10,0.872
Latin America and the Caribbean,419,2023,10,2.265
Latin America and the Caribbean,419,2024,10,2.263
Latin America and the Caribbean,419,2025,10,1.158
Latin America and the Caribbean,419,2020,11,1.407
Latin America and the Caribbean,419,2021,11,0.917
Latin America and the Caribbean,419,2022,11,0.65
Latin America and the Caribbean,419,2023,11,2.018
Latin America and the Caribbean,419,2024,11,1.474
Latin America and the Caribbean,419,2025,11,1.29
Latin America and the Caribbean,419,2020,12,1.026
Latin America and the Caribbean,419,2021,12,1.326
Latin America and the Caribbean,419,2022,12,1.053
Latin America and the Caribbean,419,2023,12,1.905
Latin America and the Caribbean,419,2024,12,1.206
Latin America and the Caribbean,419,2025,12,1.421
Asia,142,2020,1,2.048
Asia,142,2021,1,1.355
Asia,142,2022,1,1.948
Asia,142,2023,1,1.084
Asia,142,2024,1,2.634
Asia,142,2025,1,2.432
Asia,142,2020,2,2.808
Asia,142,2021,2,3.177
Asia,142,2022,2,1.279
Asia,142,2023,2,2.588
Asia,142,2024,2,1.644
Asia,142,2025,2,1.551
Asia,142,2020,3,2.248
Asia,142,2021,3,2.553
Asia,142,2022,3,2.424
Asia,142,2023,3,3.236
Asia,142,2024,3,1.951
Asia,142,2025,3,2.264
Asia,142,2020,4,1.247
Asia,142,2021,4,1.54
Asia,142,2022,4,2.546
Asia,142,2023,4,1.167
Asia,142,2024,4,2.637
Asia,142,2025,4,2.807
Asia,142,2020,5,1.651
Asia,142,2021,5,1.694
Asia,142,2022,5,1.159
Asia,142,2023,5,0.85
Asia,142,2024,5,1.666
Asia,142,2025,5,1.862
Asia,142,2020,6,1.226
Asia,142,2021,6,1.437
Asia,142,2022,6,1.725
Asia,142,2023,6,1.682
Asia,142,2024,6,2.11
Asia,142,2025,6,1.656
Asia,142,2020,7,1.365
Asia,142,2021,7,1.833
Asia,142,2022,7,1.386
Asia,142,2023,7,1.789
Asia,142,2024,7,1.879
Asia,142,2025,7,1.882
Asia,142,2020,8,1.182
Asia,142,2021,8,1.409
Asia,142,2022,8,1.469
Asia,142,2023,8,1.847
Asia,142,2024,8,2.03
Asia,142,2025,8,1.633
Asia,142,2020,9,1.321
Asia,142,2021,9,1.648
Asia,142,2022,9,1.894
Asia,142,2023,9,1.894
Asia,142,2024,9,1.731
Asia,142,2025,9,1.617
Asia,142,2020,10,0.819
Asia,142,2021,10,0.982
Asia,142,2022,10,1.225
Asia,142,2023,10,2.379
Asia,142,2024,10,1.835
Asia,142,2025,10,1.281
Asia,142,2020,11,1.103
Asia,142,2021,11,1.112
Asia,142,2022,11,1.993
Asia,142,2023,11,2.55
Asia,142,2024,11,2.529
Asia,142,2025,11,1.944
Asia,142,2020,12,-0.001
Asia,142,2021,12,1.853
Asia,142,2022,12,0.423
Asia,142,2023,12,2.025
Asia,142,2024,12,1.088
Asia,142,2025,12,1.996
Central Asia,143,2020,1,5.089
Central Asia,143,2021,1,1.272
Central Asia,143,2022,1,4.62
Central Asia,143,2023,1,0.932
Central Asia,143,2024,1,4.327
Central Asia,143,2025,1,5.06
Central Asia,143,2020,2,6.931
Central Asia,143,2021,2,4.389
Central Asia,143,2022,2,5.463
Central Asia,143,2023,2,3.831
Central Asia,143,2024,2,2.401
Central Asia,143,2025,2,3.455
Central Asia,143,2020,3,5.014
Central Asia,143,2021,3,1.433
Central Asia,143,2022,3,1.909
Central Asia,143,2023,3,7.333
Central Asia,143,2024,3,2.62
Central Asia,143,2025,3,4.517
Central Asia,143,2020,4,2.438
Central Asia,143,2021,4,2.166
Central Asia,143,2022,4,4.686
Central Asia,143,2023,4,2.365
Central Asia,143,2024,4,4.064
Central Asia,143,2025,4,4.969
Central Asia,143,2020,5,2.881
Central Asia,143,2021,5,4.1
Central Asia,143,2022,5,1.276
Central Asia,143,2023,5,1.419
Central Asia,143,2024,5,0.05
Central Asia,143,2025,5,3.575
Central Asia,143,2020,6,1.361
Central Asia,143,2021,6,2.341
Central Asia,143,2022,6,2.136
Central Asia,143,2023,6,2.248
Central Asia,143,2024,6,2.867
Central Asia,143,2025,6,2.401
Central Asia,143,2020,7,1.66
Central Asia,143,2021,7,2.25
Central Asia,143,2022,7,1.41
Central Asia,143,2023,7,2.637
Central Asia,143,2024,7,1.089
Central Asia,143,2025,7,2.197
Central Asia,143,2020,8,0.895
Central Asia,143,2021,8,2.858
Central Asia,143,2022,8,1.253
Central Asia,143,2023,8,1.75
Central Asia,143,2024,8,1.746
Central Asia,143,2025,8,1.866
Central Asia,143,2020,9,-0.245
Central Asia,143,2021,9,0.797
Central Asia,143,2022,9,2.541
Central Asia,143,2023,9,0.66
Central Asia,143,2024,9,-0.084
Central Asia,143,2025,9,1.174
Central Asia,143,2020,10,0.7
Central Asia,143,2021,10,-0.433
Central Asia,143,2022,10,1.848
Central Asia,143,2023,10,3.067
Central Asia,143,2024,10,1.837
Central Asia,143,2025,10,2.125
Central Asia,143,2020,11,-1.083
Central Asia,143,2021,11,-0.075
Central Asia,143,2022,11,1.292
Central Asia,143,2023,11,6.112
Central Asia,143,2024,11,2.323
Central Asia,143,2025,11,4.093
Central Asia,143,2020,12,-3.509
Central Asia,143,2021,12,3.357
Central Asia,143,2022,12,-1.99
Central Asia,143,2023,12,2.683
Central Asia,143,2024,12,1.214
Central Asia,143,2025,12,2.96
Eastern Asia,030,2020,1,2.686
Eastern Asia,030,2021,1,1.452
Eastern Asia,030,2022,1,2.347
Eastern Asia,030,2023,1,1.699
Eastern Asia,030,2024,1,2.483
Eastern Asia,030,2025,1,3.117
Eastern Asia,030,2020,2,3.427
Eastern Asia,030,2021,2,4.557
Eastern Asia,030,2022,2,0.09
Eastern Asia,030,2023,2,3.611
Eastern Asia,030,2024,2,1.335
Eastern Asia,030,2025,2,1.7
Eastern Asia,030,2020,3,2.93
Eastern Asia,030,2021,3,3.794
Eastern Asia,030,2022,3,3.815
Eastern Asia,030,2023,3,3.944
Eastern Asia,030,2024,3,2.711
Eastern Asia,030,2025,3,2.353
Eastern Asia,030,2020,4,1.402
Eastern Asia,030,2021,4,1.163
Eastern Asia,030,2022,4,2.149
Eastern Asia,030,2023,4,1.124
Eastern Asia,030,2024,4,3.231
Eastern Asia,030,2025,4,2.978
Eastern Asia,030,2020,5,1.844
Eastern Asia,030,2021,5,1.287
Eastern Asia,030,2022,5,1.407
Eastern Asia,030,2023,5,0.763
Eastern Asia,030,2024,5,2.594
Eastern Asia,030,2025,5,1.726
Eastern Asia,030,2020,6,1.391
Eastern Asia,030,2021,6,1.3
Eastern Asia,030,2022,6,1.939
Eastern Asia,030,2023,6,1.834
Eastern Asia,030,2024,6,1.774
Eastern Asia,030,2025,6,2.049
Eastern Asia,030,2020,7,0.923
Eastern Asia,030,2021,7,1.902
Eastern Asia,030,2022,7,1.775
Eastern Asia,030,2023,7,1.8
Eastern Asia,030,2024,7,2.207
Eastern Asia,030,2025,7,2.331
Eastern Asia,030,2020,8,1.234
Eastern Asia,030,2021,8,0.696
Eastern Asia,030,2022,8,1.713
Eastern Asia,030,2023,8,1.867
Eastern Asia,030,2024,8,2.495
Eastern Asia,030,2025,8,1.464
Eastern Asia,030,2020,9,1.375
Eastern Asia,030,2021,9,2.331
Eastern Asia,030,2022,9,2.207
Eastern Asia,030,2023,9,2.401
Eastern Asia,030,2024,9,2.39
Eastern Asia,030,2025,9,1.995
Eastern Asia,030,2020,10,0.616
Eastern Asia,030,2021,10,1.168
Eastern Asia,030,2022,10,0.959
Eastern Asia,030,2023,10,2.797
Eastern Asia,030,2024,10,2.083
Eastern Asia,030,2025,10,0.854
Eastern Asia,030,2020,11,1.918
Eastern Asia,030,2021,11,1.247
Eastern Asia,030,2022,11,2.647
Eastern Asia,030,2023,11,1.599
Eastern Asia,030,2024,11,3.409
Eastern Asia,030,2025,11,2.023
Eastern Asia,030,2020,12,-0.083
Eastern Asia,030,2021,12,2.027
Eastern Asia,030,2022,12,-0.251
Eastern Asia,030,2023,12,1.157
Eastern Asia,030,2024,12,1.191
Eastern Asia,030,2025,12,2.509
Southern Asia,034,2020,1,0.303
Southern Asia,034,2021,1,1.003
Southern Asia,034,2022,1,0.905
Southern Asia,034,2023,1,-0.083
Southern Asia,034,2024,1,2.049
Southern Asia,034,2025,1,1.302
Southern Asia,034,2020,2,1.342
Southern Asia,034,2021,2,2.232
Southern Asia,034,2022,2,1.16
Southern Asia,034,2023,2,2.293
Southern Asia,034,2024,2,1.323
Southern Asia,034,2025,2,1.667
Southern Asia,034,2020,3,0.233
Southern Asia,034,2021,3,2.254
Southern Asia,034,2022,3,2.627
Southern Asia,034,2023,3,1.799
Southern Asia,034,2024,3,0.767
Southern Asia,034,2025,3,1.763
Southern Asia,034,2020,4,0.409
Southern Asia,034,2021,4,1.73
Southern Asia,034,2022,4,2.929
Southern Asia,034,2023,4,0.697
Southern Asia,034,2024,4,1.023
Southern Asia,034,2025,4,2.75
Southern Asia,034,2020,5,0.812
Southern Asia,034,2021,5,0.589
Southern Asia,034,2022,5,1.047
Southern Asia,034,2023,5,0.313
Southern Asia,034,2024,5,1.291
Southern Asia,034,2025,5,1.501
Southern Asia,034,2020,6,0.652
Southern Asia,034,2021,6,0.905
Southern Asia,034,2022,6,1.272
Southern Asia,034,2023,6,1.418
Southern Asia,034,2024,6,1.667
Southern Asia,034,2025,6,0.832
Southern Asia,034,2020,7,1.263
Southern Asia,034,2021,7,1.432
Southern Asia,034,2022,7,0.798
Southern Asia,034,2023,7,1.232
Southern Asia,034,2024,7,1.803
Southern Asia,034,2025,7,1.263
Southern Asia,034,2020,8,1.121
Southern Asia,034,2021,8,1.2
Southern Asia,034,2022,8,0.73
Southern Asia,034,2023,8,1.461
Southern Asia,034,2024,8,1.511
Southern Asia,034,2025,8,1.442
Southern Asia,034,2020,9,1.009
Southern Asia,034,2021,9,1.523
Southern Asia,034,2022,9,1.429
Southern Asia,034,2023,9,1.643
Southern Asia,034,2024,9,1.542
Southern Asia,034,2025,9,1.494
Southern Asia,034,2020,10,0.6
Southern Asia,034,2021,10,0.914
Southern Asia,034,2022,10,1.182
Southern Asia,034,2023,10,1.804
Southern Asia,034,2024,10,1.987
Southern Asia,034,2025,10,1.583
Southern Asia,034,2020,11,0.601
Southern Asia,034,2021,11,0.898
Southern Asia,034,2022,11,1.45
Southern Asia,034,2023,11,2.425
Southern Asia,034,2024,11,2.434
Southern Asia,034,2025,11,1.115
Southern Asia,034,2020,12,0.296
Southern Asia,034,2021,12,1.249
Southern Asia,034,2022,12,1.384
Southern Asia,034,2023,12,2.271
Southern Asia,034,2024,12,0.531
Southern Asia,034,2025,12,1.39
South-eastern Asia,035,2020,1,1.922
South-eastern Asia,035,2021,1,0.841
South-eastern Asia,035,2022,1,1.452
South-eastern Asia,035,2023,1,0.871
South-eastern Asia,035,2024,1,1.836
South-eastern Asia,035,2025,1,0.932
South-eastern Asia,035,2020,2,1.469
South-eastern Asia,035,2021,2,1.072
South-eastern Asia,035,2022,2,0.689
South-eastern Asia,035,2023,2,1.22
South-eastern Asia,035,2024,2,1.976
South-eastern Asia,035,2025,2,1.138
South-eastern Asia,035,2020,3,1.684
South-eastern Asia,035,2021,3,1.379
South-eastern Asia,035,2022,3,1.391
South-eastern Asia,035,2023,3,0.999
South-eastern Asia,035,2024,3,1.622
South-eastern Asia,035,2025,3,1.109
South-eastern Asia,035,2020,4,1.064
South-eastern Asia,035,2021,4,0.73
South-eastern Asia,035,2022,4,0.585
South-eastern Asia,035,2023,4,1.493
South-eastern Asia,035,2024,4,2.274
South-eastern Asia,035,2025,4,0.87
South-eastern Asia,035,2020,5,1.533
South-eastern Asia,035,2021,5,1.163
South-eastern Asia,035,2022,5,0.634
South-eastern Asia,035,2023,5,1.481
South-eastern Asia,035,2024,5,1.791
South-eastern Asia,035,2025,5,0.872
South-eastern Asia,035,2020,6,1.33
South-eastern Asia,035,2021,6,1.209
South-eastern Asia,035,2022,6,1.083
South-eastern Asia,035,2023,6,1.397
South-eastern Asia,035,2024,6,1.444
South-eastern Asia,035,2025,6,1.118
South-eastern Asia,035,2020,7,1.38
South-eastern Asia,035,2021,7,1.256
South-eastern Asia,035,2022,7,1.243
South-eastern Asia,035,2023,7,1.506
South-eastern Asia,035,2024,7,1.338
South-eastern Asia,035,2025,7,1.292
South-eastern Asia,035,2020,8,1.261
South-eastern Asia,035,2021,8,1.359
South-eastern Asia,035,2022,8,1.158
South-eastern Asia,035,2023,8,1.456
South-eastern Asia,035,2024,8,1.475
South-eastern Asia,035,2025,8,1.183
South-eastern Asia,035,2020,9,1.381
South-eastern Asia,035,2021,9,1.033
South-eastern Asia,035,2022,9,1.075
South-eastern Asia,035,2023,9,1.256
South-eastern Asia,035,2024,9,1.426
South-eastern Asia,035,2025,9,1.166
South-eastern Asia,035,2020,10,0.835
South-eastern Asia,035,2021,10,1.219
South-eastern Asia,035,2022,10,0.756
South-eastern Asia,035,2023,10,1.511
South-eastern Asia,035,2024,10,1.531
South-eastern Asia,035,2025,10,1.291
South-eastern Asia,035,2020,11,1.337
South-eastern Asia,035,2021,11,1.24
South-eastern Asia,035,2022,11,1.41
South-eastern Asia,035,2023,11,1.741
South-eastern Asia,035,2024,11,1.517
South-eastern Asia,035,2025,11,0.892
South-eastern Asia,035,2020,12,1.127
South-eastern Asia,035,2021,12,1.091
South-eastern Asia,035,2022,12,1.012
South-eastern Asia,035,2023,12,2.123
South-eastern Asia,035,2024,12,1.393
South-eastern Asia,035,2025,12,1.406
Western Asia,145,2020,1,0.404
Western Asia,145,2021,1,2.265
Western Asia,145,2022,1,0.56
Western Asia,145,2023,1,1.636
Western Asia,145,2024,1,3.237
Western Asia,145,2025,1,1.494
Western Asia,145,2020,2,1.03
Western Asia,145,2021,2,1.992
Western Asia,145,2022,2,1.439
Western Asia,145,2023,2,0.544
Western Asia,145,2024,2,1.951
Western Asia,145,2025,2,-0.372
Western Asia,145,2020,3,1.621
Western Asia,145,2021,3,1.913
Western Asia,145,2022,3,-0.132
Western Asia,145,2023,3,2.128
Western Asia,145,2024,3,1.491
Western Asia,145,2025,3,1.932
Western Asia,145,2020,4,1.242
Western Asia,145,2021,4,2.533
Western Asia,145,2022,4,3.078
Western Asia,145,2023,4,0.579
Western Asia,145,2024,4,2.644
Western Asia,145,2025,4,2.449
Western Asia,145,2020,5,1.439
Western Asia,145,2021,5,2.885
Western Asia,145,2022,5,1.098
Western Asia,145,2023,5,0.755
Western Asia,145,2024,5,1.107
Western Asia,145,2025,5,2.251
Western Asia,145,2020,6,1.458
Western Asia,145,2021,6,2.059
Western Asia,145,2022,6,2.157
Western Asia,145,2023,6,1.461
Western Asia,145,2024,6,3.729
Western Asia,145,2025,6,1.766
Western Asia,145,2020,7,2.447
Western Asia,145,2021,7,2.502
Western Asia,145,2022,7,1.39
Western Asia,145,2023,7,2.158
Western Asia,145,2024,7,2.405
Western Asia,145,2025,7,1.97
Western Asia,145,2020,8,1.325
Western Asia,145,2021,8,2.391
Western Asia,145,2022,8,2.507
Western Asia,145,2023,8,2.908
Western Asia,145,2024,8,2.431
Western Asia,145,2025,8,2.651
Western Asia,145,2020,9,3.061
Western Asia,145,2021,9,1.417
Western Asia,145,2022,9,2.037
Western Asia,145,2023,9,2.722
Western Asia,145,2024,9,2.242
Western Asia,145,2025,9,1.666
Western Asia,145,2020,10,1.816
Western Asia,145,2021,10,1.647
Western Asia,145,2022,10,1.929
Western Asia,145,2023,10,2.424
Western Asia,145,2024,10,1.235
Western Asia,145,2025,10,1.168
Western Asia,145,2020,11,1.471
Western Asia,145,2021,11,2.058
Western Asia,145,2022,11,2.337
Western Asia,145,2023,11,2.884
Western Asia,145,2024,11,1.529
Western Asia,145,2025,11,2.156
Western Asia,145,2020,12,1.828
Western Asia,145,2021,12,1.744
Western Asia,145,2022,12,2.349
Western Asia,145,2023,12,3.286
Western Asia,145,2024,12,1.263
Western Asia,145,2025,12,1.284
Europe,150,2020,1,5.583
Europe,150,2021,1,-0.268
Europe,150,2022,1,3.507
Europe,150,2023,1,1.77
Europe,150,2024,1,2.04
Europe,150,2025,1,4.627
Europe,150,2020,2,6.24
Europe,150,2021,2,0.731
Europe,150,2022,2,4.904
Europe,150,2023,2,3.698
Europe,150,2024,2,3.458
Europe,150,2025,2,3.915
Europe,150,2020,3,5.168
Europe,150,2021,3,1.843
Europe,150,2022,3,2.659
Europe,150,2023,3,4.12
Europe,150,2024,3,3.542
Europe,150,2025,3,3.852
Europe,150,2020,4,3.531
Europe,150,2021,4,1.935
Europe,150,2022,4,2.211
Europe,150,2023,4,1.442
Europe,150,2024,4,2.981
Europe,150,2025,4,3.509
Europe,150,2020,5,2.48
Europe,150,2021,5,2.116
Europe,150,2022,5,2.189
Europe,150,2023,5,1.745
Europe,150,2024,5,1.593
Europe,150,2025,5,1.688
Europe,150,2020,6,1.839
Europe,150,2021,6,2.307
Europe,150,2022,6,2.043
Europe,150,2023,6,1.59
Europe,150,2024,6,2.102
Europe,150,2025,6,1.798
Europe,150,2020,7,1.342
Europe,150,2021,7,1.754
Europe,150,2022,7,1.681
Europe,150,2023,7,1.623
Europe,150,2024,7,2.083
Europe,150,2025,7,1.587
Europe,150,2020,8,1.359
Europe,150,2021,8,1.793
Europe,150,2022,8,2.024
Europe,150,2023,8,2.402
Europe,150,2024,8,1.908
Europe,150,2025,8,1.847
Europe,150,2020,9,2.354
Europe,150,2021,9,0.38
Europe,150,2022,9,0.29
Europe,150,2023,9,2.343
Europe,150,2024,9,1.836
Europe,150,2025,9,1.645
Europe,150,2020,10,2.757
Europe,150,2021,10,1.924
Europe,150,2022,10,2.974
Europe,150,2023,10,3.192
Europe,150,2024,10,2.248
Europe,150,2025,10,1.309
Europe,150,2020,11,4.597
Europe,150,2021,11,2.918
Europe,150,2022,11,1.654
Europe,150,2023,11,3.153
Europe,150,2024,11,3.796
Europe,150,2025,11,2.625
Europe,150,2020,12,1.576
Europe,150,2021,12,0.618
Europe,150,2022,12,1.932
Europe,150,2023,12,1.122
Europe,150,2024,12,4.171
Europe,150,2025,12,2.216
Eastern Europe,151,2020,1,5.968
Eastern Europe,151,2021,1,-0.505
Eastern Europe,151,2022,1,3.787
Eastern Europe,151,2023,1,1.441
Eastern Europe,151,2024,1,2.212
Eastern Europe,151,2025,1,5.097
Eastern Europe,151,2020,2,6.72
Eastern Europe,151,2021,2,0.456
Eastern Europe,151,2022,2,5.368
Eastern Europe,151,2023,2,3.89
Eastern Europe,151,2024,2,3.334
Eastern Europe,151,2025,2,4.17
Eastern Europe,151,2020,3,5.888
Eastern Europe,151,2021,3,1.818
Eastern Europe,151,2022,3,2.768
Eastern Europe,151,2023,3,4.799
Eastern Europe,151,2024,3,3.622
Eastern Europe,151,2025,3,4.026
Eastern Europe,151,2020,4,3.882
Eastern Europe,151,2021,4,2.295
Eastern Europe,151,2022,4,2.509
Eastern Europe,151,2023,4,1.402
Eastern Europe,151,2024,4,3.249
Eastern Europe,151,2025,4,3.679
Eastern Europe,151,2020,5,2.855
Eastern Europe,151,2021,5,2.574
Eastern Europe,151,2022,5,2.168
Eastern Europe,151,2023,5,1.785
Eastern Europe,151,2024,5,1.279
Eastern Europe,151,2025,5,1.761
Eastern Europe,151,2020,6,1.818
Eastern Europe,151,2021,6,2.242
Eastern Europe,151,2022,6,1.866
Eastern Europe,151,2023,6,1.332
Eastern Europe,151,2024,6,2.132
Eastern Europe,151,2025,6,1.608
Eastern Europe,151,2020,7,1.431
Eastern Europe,151,2021,7,1.604
Eastern Europe,151,2022,7,1.502
Eastern Europe,151,2023,7,1.563
Eastern Europe,151,2024,7,2.007
Eastern Europe,151,2025,7,1.294
Eastern Europe,151,2020,8,1.151
Eastern Europe,151,2021,8,1.979
Eastern Europe,151,2022,8,1.814
Eastern Europe,151,2023,8,2.427
Eastern Europe,151,2024,8,1.647
Eastern Europe,151,2025,8,1.8
Eastern Europe,151,2020,9,2.494
Eastern Europe,151,2021,9,0.117
Eastern Europe,151,2022,9,0.137
Eastern Europe,151,2023,9,2.111
Eastern Europe,151,2024,9,1.849
Eastern Europe,151,2025,9,1.503
Eastern Europe,151,2020,10,3.132
Eastern Europe,151,2021,10,2.072
Eastern Europe,151,2022,10,2.957
Eastern Europe,151,2023,10,3.538
Eastern Europe,151,2024,10,2.263
Eastern Europe,151,2025,10,1.211
Eastern Europe,151,2020,11,4.981
Eastern Europe,151,2021,11,3.392
Eastern Europe,151,2022,11,1.401
Eastern Europe,151,2023,11,3.765
Eastern Europe,151,2024,11,4.215
Eastern Europe,151,2025,11,2.885
Eastern Europe,151,2020,12,1.277
Eastern Europe,151,2021,12,0.572
Eastern Europe,151,2022,12,2.124
Eastern Europe,151,2023,12,1.1
Eastern Europe,151,2024,12,4.663
Eastern Europe,151,2025,12,2.008
Northern Europe,154,2020,1,5.926
Northern Europe,154,2021,1,0.415
Northern Europe,154,2022,1,3.366
Northern Europe,154,2023,1,3.89
Northern Europe,154,2024,1,-0.01
Northern Europe,154,2025,1,2.949
Northern Europe,154,2020,2,4.854
Northern Europe,154,2021,2,0.861
Northern Europe,154,2022,2,3.36
Northern Europe,154,2023,2,4.494
Northern Europe,154,2024,2,3.276
Northern Europe,154,2025,2,4.202
Northern Europe,154,2020,3,2.89
Northern Europe,154,2021,3,2.911
Northern Europe,154,2022,3,3.54
Northern Europe,154,2023,3,-0.023
Northern Europe,154,2024,3,3.299
Northern Europe,154,2025,3,4.112
Northern Europe,154,2020,4,1.627
Northern Europe,154,2021,4,0.955
Northern Europe,154,2022,4,1.136
Northern Europe,154,2023,4,1.838
Northern Europe,154,2024,4,0.937
Northern Europe,154,2025,4,2.965
Northern Europe,154,2020,5,-0.118
Northern Europe,154,2021,5,0.228
Northern Europe,154,2022,5,1.252
Northern Europe,154,2023,5,1.643
Northern Europe,154,2024,5,3.92
Northern Europe,154,2025,5,1.237
Northern Europe,154,2020,6,2.779
Northern Europe,154,2021,6,2.439
Northern Europe,154,2022,6,1.857
Northern Europe,154,2023,6,2.218
Northern Europe,154,2024,6,1.666
Northern Europe,154,2025,6,0.509
Northern Europe,154,2020,7,-0.193
Northern Europe,154,2021,7,2.926
Northern Europe,154,2022,7,1.319
Northern Europe,154,2023,7,0.793
Northern Europe,154,2024,7,1.744
Northern Europe,154,2025,7,3.166
Northern Europe,154,2020,8,1.481
Northern Europe,154,2021,8,0.463
Northern Europe,154,2022,8,2.285
Northern Europe,154,2023,8,1.884
Northern Europe,154,2024,8,2.108
Northern Europe,154,2025,8,1.253
Northern Europe,154,2020,9,1.597
Northern Europe,154,2021,9,0.904
Northern Europe,154,2022,9,0.695
Northern Europe,154,2023,9,3.26
Northern Europe,154,2024,9,2.597
Northern Europe,154,2025,9,3.042
Northern Europe,154,2020,10,1.871
Northern Europe,154,2021,10,1.844
Northern Europe,154,2022,10,2.236
Northern Europe,154,2023,10,-0.549
Northern Europe,154,2024,10,1.911
Northern Europe,154,2025,10,2.035
Northern Europe,154,2020,11,3.99
Northern Europe,154,2021,11,1.237
Northern Europe,154,2022,11,2.767
Northern Europe,154,2023,11,-1.06
Northern Europe,154,2024,11,2.3
Northern Europe,154,2025,11,1.49
Northern Europe,154,2020,12,3.846
Northern Europe,154,2021,12,-0.325
Northern Europe,154,2022,12,-0.391
Northern Europe,154,2023,12,-0.388
Northern Europe,154,2024,12,2.829
Northern Europe,154,2025,12,4.127
Southern Europe,039,2020,1,1.461
Southern Europe,039,2021,1,0.916
Southern Europe,039,2022,1,0.943
Southern Europe,039,2023,1,1.97
Southern Europe,039,2024,1,2.68
Southern Europe,039,2025,1,2.664
Southern Europe,039,2020,2,3.203
Southern Europe,039,2021,2,2.704
Southern Europe,039,2022,2,2.092
Southern Europe,039,2023,2,0.785
Southern Europe,039,2024,2,3.918
Southern Europe,039,2025,2,1.568
Southern Europe,039,2020,3,1.614
Southern Europe,039,2021,3,0.851
Southern Europe,039,2022,3,0.194
Southern Europe,039,2023,3,2.563
Southern Europe,039,2024,3,2.794
Southern Europe,039,2025,3,2.09
Southern Europe,039,2020,4,1.715
Southern Europe,039,2021,4,0.515
Southern Europe,039,2022,4,0.736
Southern Europe,039,2023,4,1.821
Southern Europe,039,2024,4,2.907
Southern Europe,039,2025,4,2.228
Southern Europe,039,2020,5,2.188
Southern Europe,039,2021,5,1.008
Southern Europe,039,2022,5,3.032
Southern Europe,039,2023,5,1.387
Southern Europe,039,2024,5,1.682
Southern Europe,039,2025,5,1.431
Southern Europe,039,2020,6,0.963
Southern Europe,039,2021,6,2.203
Southern Europe,039,2022,6,3.552
Southern Europe,039,2023,6,2.402
Southern Europe,039,2024,6,2.758
Southern Europe,039,2025,6,4.449
Southern Europe,039,2020,7,2.245
Southern Europe,039,2021,7,2.174
Southern Europe,039,2022,7,3.429
Southern Europe,039,2023,7,3.125
Southern Europe,039,2024,7,3.395
Southern Europe,039,2025,7,2.682
Southern Europe,039,2020,8,2.281
Southern Europe,039,2021,8,2.218
Southern Europe,039,2022,8,2.759
Southern Europe,039,2023,8,2.771
Southern Europe,039,2024,8,3.799
Southern Europe,039,2025,8,2.743
Southern Europe,039,2020,9,1.936
Southern Europe,039,2021,9,1.601
Southern Europe,039,2022,9,1.241
Southern Europe,039,2023,9,2.486
Southern Europe,039,2024,9,1.042
Southern Europe,039,2025,9,1.864
Southern Europe,039,2020,10,0.656
Southern Europe,039,2021,10,0.808
Southern Europe,039,2022,10,3.265
Southern Europe,039,2023,10,3.906
Southern Europe,039,2024,10,2.358
Southern Europe,039,2025,10,1.586
Southern Europe,039,2020,11,1.818
Southern Europe,039,2021,11,0.905
Southern Europe,039,2022,11,2.376
Southern Europe,039,2023,11,2.34
Southern Europe,039,2024,11,1.953
Southern Europe,039,2025,11,1.589
Southern Europe,039,2020,12,1.785
Southern Europe,039,2021,12,1.659
Southern Europe,039,2022,12,3.29
Southern Europe,039,2023,12,2.159
Southern Europe,039,2024,12,1.388
Southern Europe,039,2025,12,1.785
Western Europe,155,2020,1,3.5
Western Europe,155,2021,1,0.947
Western Europe,155,2022,1,2.196
Western Europe,155,2023,1,2.972
Western Europe,155,2024,1,2.274
Western Europe,155,2025,1,2.364
Western Europe,155,2020,2,4.531
Western Europe,155,2021,2,2.668
Western Europe,155,2022,2,3.492
Western Europe,155,2023,2,2.49
Western Europe,155,2024,2,5.265
Western Europe,155,2025,2,1.961
Western Europe,155,2020,3,1.806
Western Europe,155,2021,3,1.433
Western Europe,155,2022,3,2.134
Western Europe,155,2023,3,2.531
Western Europe,155,2024,3,3.551
Western Europe,155,2025,3,2.591
Western Europe,155,2020,4,3.455
Western Europe,155,2021,4,-0.455
Western Europe,155,2022,4,1.069
Western Europe,155,2023,4,0.915
Western Europe,155,2024,4,2.491
Western Europe,155,2025,4,3.23
Western Europe,155,2020,5,1.523
Western Europe,155,2021,5,-0.538
Western Europe,155,2022,5,3.277
Western Europe,155,2023,5,1.699
Western Europe,155,2024,5,2.29
Western Europe,155,2025,5,1.629
Western Europe,155,2020,6,1.467
Western Europe,155,2021,6,3.239
Western Europe,155,2022,6,3.511
Western Europe,155,2023,6,3.678
Western Europe,155,2024,6,1.658
Western Europe,155,2025,6,4.177
Western Europe,155,2020,7,1.681
Western Europe,155,2021,7,1.541
Western Europe,155,2022,7,3.225
Western Europe,155,2023,7,2.373
Western Europe,155,2024,7,2.414
Western Europe,155,2025,7,2.16
Western Europe,155,2020,8,3.435
Western Europe,155,2021,8,0.748
Western Europe,155,2022,8,4.094
Western Europe,155,2023,8,2.525
Western Europe,155,2024,8,3.59
Western Europe,155,2025,8,2.664
Western Europe,155,2020,9,1.963
Western Europe,155,2021,9,2.267
Western Europe,155,2022,9,0.934
Western Europe,155,2023,9,4.255
Western Europe,155,2024,9,1.138
Western Europe,155,2025,9,1.12
Western Europe,155,2020,10,0.731
Western Europe,155,2021,10,0.973
Western Europe,155,2022,10,4.283
Western Europe,155,2023,10,3.646
Western Europe,155,2024,10,2.489
Western Europe,155,2025,10,1.243
Western Europe,155,2020,11,2.689
Western Europe,155,2021,11,0.664
Western Europe,155,2022,11,2.874
Western Europe,155,2023,11,1.919
Western Europe,155,2024,11,1.891
Western Europe,155,2025,11,1.697
Western Europe,155,2020,12,1.994
Western Europe,155,2021,12,1.893
Western Europe,155,2022,12,1.521
Western Europe,155,2023,12,3.065
Western Europe,155,2024,12,1.889
Western Europe,155,2025,12,2.573
Oceania,009,2020,1,1.46
Oceania,009,2021,1,0.47
Oceania,009,2022,1,1.234
Oceania,009,2023,1,0.299
Oceania,009,2024,1,1.595
Oceania,009,2025,1,2.028
Oceania,009,2020,2,1.076
Oceania,009,2021,2,0.04
Oceania,009,2022,2,0.403
Oceania,009,2023,2,0.639
Oceania,009,2024,2,1.758
Oceania,009,2025,2,1.701
Oceania,009,2020,3,0.54
Oceania,009,2021,3,0.26
Oceania,009,2022,3,1.46
Oceania,009,2023,3,0.944
Oceania,009,2024,3,1.085
Oceania,009,2025,3,2.162
Oceania,009,2020,4,1.504
Oceania,009,2021,4,0.368
Oceania,009,2022,4,1.491
Oceania,009,2023,4,0.217
Oceania,009,2024,4,-0.115
Oceania,009,2025,4,1.089
Oceania,009,2020,5,-0.124
Oceania,009,2021,5,0.828
Oceania,009,2022,5,1.334
Oceania,009,2023,5,-0.445
Oceania,009,2024,5,1.291
Oceania,009,2025,5,1.169
Oceania,009,2020,6,1.02
Oceania,009,2021,6,0.476
Oceania,009,2022,6,0.631
Oceania,009,2023,6,1.028
Oceania,009,2024,6,0.699
Oceania,009,2025,6,0.385
Oceania,009,2020,7,0.979
Oceania,009,2021,7,1.622
Oceania,009,2022,7,0.087
Oceania,009,2023,7,1.21
Oceania,009,2024,7,0.737
Oceania,009,2025,7,0.727
Oceania,009,2020,8,1.335
Oceania,009,2021,8,1.491
Oceania,009,2022,8,0.958
Oceania,009,2023,8,2.116
Oceania,009,2024,8,2.804
Oceania,009,2025,8,0.689
Oceania,009,2020,9,2.397
Oceania,009,2021,9,1.178
Oceania,009,2022,9,0.9
Oceania,009,2023,9,2.384
Oceania,009,2024,9,1.913
Oceania,009,2025,9,1.321
Oceania,009,2020,10,1.137
Oceania,009,2021,10,1.015
Oceania,009,2022,10,0.487
Oceania,009,2023,10,1.137
Oceania,009,2024,10,2.338
Oceania,009,2025,10,2.395
Oceania,009,2020,11,2.274
Oceania,009,2021,11,-0.271
Oceania,009,2022,11,-0.646
Oceania,009,2023,11,1.461
Oceania,009,2024,11,1.779
Oceania,009,2025,11,0.791
Oceania,009,2020,12,0.365
Oceania,009,2021,12,1.112
Oceania,009,2022,12,-0.01
Oceania,009,2023,12,1.601
Oceania,009,2024,12,1.845
Oceania,009,2025,12,1.051
Australia and New Zealand,053,2020,1,1.496
Australia and New Zealand,053,2021,1,0.449
Australia and New Zealand,053,2022,1,1.308
Australia and New Zealand,053,2023,1,0.291
Australia and New Zealand,053,2024,1,1.634
Australia and New Zealand,053,2025,1,2.114
Australia and New Zealand,053,2020,2,1.081
Australia and New Zealand,053,2021,2,0.011
Australia and New Zealand,053,2022,2,0.408
Australia and New Zealand,053,2023,2,0.65
Australia and New Zealand,053,2024,2,1.78
Australia and New Zealand,053,2025,2,1.769
Australia and New Zealand,053,2020,3,0.532
Australia and New Zealand,053,2021,3,0.247
Australia and New Zealand,053,2022,3,1.527
Australia and New Zealand,053,2023,3,0.96
Australia and New Zealand,053,2024,3,1.108
Australia and New Zealand,053,2025,3,2.258
Australia and New Zealand,053,2020,4,1.558
Australia and New Zealand,053,2021,4,0.361
Australia and New Zealand,053,2022,4,1.544
Australia and New Zealand,053,2023,4,0.188
Australia and New Zealand,053,2024,4,-0.203
Australia and New Zealand,053,2025,4,1.118
Australia and New Zealand,053,2020,5,-0.192
Australia and New Zealand,053,2021,5,0.825
Australia and New Zealand,053,2022,5,1.362
Australia and New Zealand,053,2023,5,-0.519
Australia and New Zealand,053,2024,5,1.302
Australia and New Zealand,053,2025,5,1.183
Australia and New Zealand,053,2020,6,1.027
Australia and New Zealand,053,2021,6,0.433
Australia and New Zealand,053,2022,6,0.594
Australia and New Zealand,053,2023,6,1.046
Australia and New Zealand,053,2024,6,0.698
Australia and New Zealand,053,2025,6,0.34
Australia and New Zealand,053,2020,7,0.982
Australia and New Zealand,053,2021,7,1.635
Australia and New Zealand,053,2022,7,-0.018
Australia and New Zealand,053,2023,7,1.231
Australia and New Zealand,053,2024,7,0.736
Australia and New Zealand,053,2025,7,0.684
Australia and New Zealand,053,2020,8,1.384
Australia and New Zealand,053,2021,8,1.482
Australia and New Zealand,053,2022,8,0.926
Australia and New Zealand,053,2023,8,2.225
Australia and New Zealand,053,2024,8,2.909
Australia and New Zealand,053,2025,8,0.688
Australia and New Zealand,053,2020,9,2.505
Australia and New Zealand,053,2021,9,1.147
Australia and New Zealand,053,2022,9,0.852
Australia and New Zealand,053,2023,9,2.504
Australia and New Zealand,053,2024,9,1.949
Australia and New Zealand,053,2025,9,1.342
Australia and New Zealand,053,2020,10,1.15
Australia and New Zealand,053,2021,10,1.025
Australia and New Zealand,053,2022,10,0.418
Australia and New Zealand,053,2023,10,1.21
Australia and New Zealand,053,2024,10,2.428
Australia and New Zealand,053,2025,10,2.48
Australia and New Zealand,053,2020,11,2.376
Australia and New Zealand,053,2021,11,-0.333
Australia and New Zealand,053,2022,11,-0.786
Australia and New Zealand,053,2023,11,1.511
Australia and New Zealand,053,2024,11,1.825
Australia and New Zealand,053,2025,11,0.798
Australia and New Zealand,053,2020,12,0.344
Australia and New Zealand,053,2021,12,1.152
Australia and New Zealand,053,2022,12,-0.022
Australia and New Zealand,053,2023,12,1.655
Australia and New Zealand,053,2024,12,1.926
Australia and New Zealand,053,2025,12,1.068
Melanesia,054,2020,1,0.942
Melanesia,054,2021,1,0.769
Melanesia,054,2022,1,0.152
Melanesia,054,2023,1,0.401
Melanesia,054,2024,1,1.022
Melanesia,054,2025,1,0.774
Melanesia,054,2020,2,1.011
Melanesia,054,2021,2,0.471
Melanesia,054,2022,2,0.33
Melanesia,054,2023,2,0.48
Melanesia,054,2024,2,1.438
Melanesia,054,2025,2,0.698
Melanesia,054,2020,3,0.645
Melanesia,054,2021,3,0.447
Melanesia,054,2022,3,0.484
Melanesia,054,2023,3,0.712
Melanesia,054,2024,3,0.735
Melanesia,054,2025,3,0.771
Melanesia,054,2020,4,0.711
Melanesia,054,2021,4,0.46
Melanesia,054,2022,4,0.708
Melanesia,054,2023,4,0.635
Melanesia,054,2024,4,1.168
Melanesia,054,2025,4,0.656
Melanesia,054,2020,5,0.852
Melanesia,054,2021,5,0.88
Melanesia,054,2022,5,0.936
Melanesia,054,2023,5,0.619
Melanesia,054,2024,5,1.132
Melanesia,054,2025,5,0.968
Melanesia,054,2020,6,0.93
Melanesia,054,2021,6,1.106
Melanesia,054,2022,6,1.179
Melanesia,054,2023,6,0.77
Melanesia,054,2024,6,0.697
Melanesia,054,2025,6,1.036
Melanesia,054,2020,7,0.922
Melanesia,054,2021,7,1.436
Melanesia,054,2022,7,1.634
Melanesia,054,2023,7,0.897
Melanesia,054,2024,7,0.734
Melanesia,054,2025,7,1.357
Melanesia,054,2020,8,0.61
Melanesia,054,2021,8,1.634
Melanesia,054,2022,8,1.438
Melanesia,054,2023,8,0.508
Melanesia,054,2024,8,1.274
Melanesia,054,2025,8,0.71
Melanesia,054,2020,9,0.813
Melanesia,054,2021,9,1.642
Melanesia,054,2022,9,1.614
Melanesia,054,2023,9,0.639
Melanesia,054,2024,9,1.383
Melanesia,054,2025,9,0.999
Melanesia,054,2020,10,0.95
Melanesia,054,2021,10,0.864
Melanesia,054,2022,10,1.506
Melanesia,054,2023,10,0.05
Melanesia,054,2024,10,1.028
Melanesia,054,2025,10,1.087
Melanesia,054,2020,11,0.794
Melanesia,054,2021,11,0.635
Melanesia,054,2022,11,1.411
Melanesia,054,2023,11,0.723
Melanesia,054,2024,11,1.101
Melanesia,054,2025,11,0.679
Melanesia,054,2020,12,0.664
Melanesia,054,2021,12,0.519
Melanesia,054,2022,12,0.149
Melanesia,054,2023,12,0.795
Melanesia,054,2024,12,0.658
Melanesia,054,2025,12,0.78
Micronesia,057,2020,1,1.413
Micronesia,057,2021,1,0.705
Micronesia,057,2022,1,1.224
Micronesia,057,2023,1,0.911
Micronesia,057,2024,1,1.491
Micronesia,057,2025,1,1.265
Micronesia,057,2020,2,1.268
Micronesia,057,2021,2,0.969
Micronesia,057,2022,2,1.286
Micronesia,057,2023,2,0.953
Micronesia,057,2024,2,1.512
Micronesia,057,2025,2,1.018
Micronesia,057,2020,3,1.486
Micronesia,057,2021,3,0.787
Micronesia,057,2022,3,0.8
Micronesia,057,2023,3,1.327
Micronesia,057,2024,3,1.388
Micronesia,057,2025,3,1.082
Micronesia,057,2020,4,1.553
Micronesia,057,2021,4,0.932
Micronesia,057,2022,4,0.49
Micronesia,057,2023,4,1.088
Micronesia,057,2024,4,1.416
Micronesia,057,2025,4,1.049
Micronesia,057,2020,5,1.289
Micronesia,057,2021,5,0.987
Micronesia,057,2022,5,0.518
Micronesia,057,2023,5,0.935
Micronesia,057,2024,5,1.544
Micronesia,057,2025,5,0.972
Micronesia,057,2020,6,1.212
Micronesia,057,2021,6,0.896
Micronesia,057,2022,6,0.884
Micronesia,057,2023,6,1.008
Micronesia,057,2024,6,1.519
Micronesia,057,2025,6,1.204
Micronesia,057,2020,7,1.423
Micronesia,057,2021,7,1.226
Micronesia,057,2022,7,0.736
Micronesia,057,2023,7,0.976
Micronesia,057,2024,7,1.332
Micronesia,057,2025,7,1.187
Micronesia,057,2020,8,1.239
Micronesia,057,2021,8,1.269
Micronesia,057,2022,8,1.034
Micronesia,057,2023,8,1.197
Micronesia,057,2024,8,1.805
Micronesia,057,2025,8,0.943
Micronesia,057,2020,9,1.34
Micronesia,057,2021,9,1.092
Micronesia,057,2022,9,1.007
Micronesia,057,2023,9,1.372
Micronesia,057,2024,9,1.425
Micronesia,057,2025,9,0.843
Micronesia,057,2020,10,0.801
Micronesia,057,2021,10,0.823
Micronesia,057,2022,10,0.77
Micronesia,057,2023,10,1.215
Micronesia,057,2024,10,1.441
Micronesia,057,2025,10,0.953
Micronesia,057,2020,11,0.868
Micronesia,057,2021,11,0.929
Micronesia,057,2022,11,0.773
Micronesia,057,2023,11,1.18
Micronesia,057,2024,11,1.426
Micronesia,057,2025,11,0.909
Micronesia,057,2020,12,0.736
Micronesia,057,2021,12,0.88
Micronesia,057,2022,12,1.168
Micronesia,057,2023,12,1.093
Micronesia,057,2024,12,1.23
Micronesia,057,2025,12,1.044
Polynesia,061,2020,1,0.834
Polynesia,061,2021,1,0.772
Polynesia,061,2022,1,0.458
Polynesia,061,2023,1,0.602
Polynesia,061,2024,1,1.74
Polynesia,061,2025,1,0.891
Polynesia,061,2020,2,0.586
Polynesia,061,2021,2,0.489
Polynesia,061,2022,2,0.407
Polynesia,061,2023,2,0.199
Polynesia,061,2024,2,1.454
Polynesia,061,2025,2,1.156
Polynesia,061,2020,3,1.16
Polynesia,061,2021,3,0.801
Polynesia,061,2022,3,0.987
Polynesia,061,2023,3,0.856
Polynesia,061,2024,3,1.677
Polynesia,061,2025,3,1.09
Polynesia,061,2020,4,1.099
Polynesia,061,2021,4,0.626
Polynesia,061,2022,4,0.752
Polynesia,061,2023,4,0.84
Polynesia,061,2024,4,1.509
Polynesia,061,2025,4,1.025
Polynesia,061,2020,5,1.388
Polynesia,061,2021,5,0.86
Polynesia,061,2022,5,0.718
Polynesia,061,2023,5,1.001
Polynesia,061,2024,5,1.499
Polynesia,061,2025,5,0.908
Polynesia,061,2020,6,0.725
Polynesia,061,2021,6,0.743
Polynesia,061,2022,6,0.631
Polynesia,061,2023,6,0.984
Polynesia,061,2024,6,1.105
Polynesia,061,2025,6,0.874
Polynesia,061,2020,7,0.912
Polynesia,061,2021,7,1.156
Polynesia,061,2022,7,0.567
Polynesia,061,2023,7,1.182
Polynesia,061,2024,7,1.048
Polynesia,061,2025,7,0.677
Polynesia,061,2020,8,1.204
Polynesia,061,2021,8,0.826
Polynesia,061,2022,8,0.4
Polynesia,061,2023,8,1.385
Polynesia,061,2024,8,0.654
Polynesia,061,2025,8,1.217
Polynesia,061,2020,9,1.068
Polynesia,061,2021,9,1.173
Polynesia,061,2022,9,0.722
Polynesia,061,2023,9,0.831
Polynesia,061,2024,9,0.974
Polynesia,061,2025,9,0.5
Polynesia,061,2020,10,0.846
Polynesia,061,2021,10,1.174
Polynesia,061,2022,10,0.53
Polynesia,061,2023,10,1.082
Polynesia,061,2024,10,1.109
Polynesia,061,2025,10,0.883
Polynesia,061,2020,11,0.642
Polynesia,061,2021,11,0.728
Polynesia,061,2022,11,0.24
Polynesia,061,2023,11,1.542
Polynesia,061,2024,11,1.019
Polynesia,061,2025,11,0.441
Polynesia,061,2020,12,0.679
Polynesia,061,2021,12,0.752
Polynesia,061,2022,12,0.595
Polynesia,061,2023,12,1.214
Polynesia,061,2024,12,1.057
Polynesia,061,2025,12,0.841
European Union (27),097,2020,1,3.994
European Union (27),097,2021,1,1.306
European Union (27),097,2022,1,2.5
European Union (27),097,2023,1,3.726
European Union (27),097,2024,1,1.824
European Union (27),097,2025,1,3.383
European Union (27),097,2020,2,4.748
European Union (27),097,2021,2,2.0
European Union (27),097,2022,2,3.503
European Union (27),097,2023,2,2.744
European Union (27),097,2024,2,4.914
European Union (27),097,2025,2,2.313
European Union (27),097,2020,3,2.522
European Union (27),097,2021,3,1.699
European Union (27),097,2022,3,1.811
European Union (27),097,2023,3,2.148
European Union (27),097,2024,3,3.612
European Union (27),097,2025,3,3.373
European Union (27),097,2020,4,2.064
European Union (27),097,2021,4,0.232
European Union (27),097,2022,4,0.733
European Union (27),097,2023,4,1.313
European Union (27),097,2024,4,2.392
European Union (27),097,2025,4,2.736
European Union (27),097,2020,5,0.881
European Union (27),097,2021,5,0.255
European Union (27),097,2022,5,2.312
European Union (27),097,2023,5,1.428
European Union (27),097,2024,5,2.578
European Union (27),097,2025,5,0.915
European Union (27),097,2020,6,1.804
European Union (27),097,2021,6,2.728
European Union (27),097,2022,6,2.95
European Union (27),097,2023,6,2.472
European Union (27),097,2024,6,2.293
European Union (27),097,2025,6,2.841
European Union (27),097,2020,7,1.256
European Union (27),097,2021,7,2.537
European Union (27),097,2022,7,2.595
European Union (27),097,2023,7,2.124
European Union (27),097,2024,7,2.771
European Union (27),097,2025,7,2.569
European Union (27),097,2020,8,2.508
European Union (27),097,2021,8,1.052
European Union (27),097,2022,8,3.249
European Union (27),097,2023,8,2.583
European Union (27),097,2024,8,3.353
European Union (27),097,2025,8,2.034
European Union (27),097,2020,9,2.048
European Union (27),097,2021,9,1.282
European Union (27),097,2022,9,0.682
European Union (27),097,2023,9,3.596
European Union (27),097,2024,9,2.058
European Union (27),097,2025,9,2.137
European Union (27),097,2020,10,1.46
European Union (27),097,2021,10,1.104
European Union (27),097,2022,10,3.259
European Union (27),097,2023,10,2.515
European Union (27),097,2024,10,2.233
European Union (27),097,2025,10,1.433
European Union (27),097,2020,11,2.639
European Union (27),097,2021,11,1.045
European Union (27),097,2022,11,2.412
European Union (27),097,2023,11,1.109
European Union (27),097,2024,11,1.753
European Union (27),097,2025,11,1.693
European Union (27),097,2020,12,2.796
European Union (27),097,2021,12,0.961
European Union (27),097,2022,12,1.7
European Union (27),097,2023,12,1.85
European Union (27),097,2024,12,2.251
European Union (27),097,2025,12,2.929
Least Developed Countries (LDCs),199,2020,1,0.525
Least Developed Countries (LDCs),199,2021,1,1.44
Least Developed Countries (LDCs),199,2022,1,0.826
Least Developed Countries (LDCs),199,2023,1,0.805
Least Developed Countries (LDCs),199,2024,1,1.56
Least Developed Countries (LDCs),199,2025,1,1.133
Least Developed Countries (LDCs),199,2020,2,0.848
Least Developed Countries (LDCs),199,2021,2,0.77
Least Developed Countries (LDCs),199,2022,2,0.424
Least Developed Countries (LDCs),199,2023,2,1.109
Least Developed Countries (LDCs),199,2024,2,1.541
Least Developed Countries (LDCs),199,2025,2,1.005
Least Developed Countries (LDCs),199,2020,3,1.21
Least Developed Countries (LDCs),199,2021,3,1.2
Least Developed Countries (LDCs),199,2022,3,0.99
Least Developed Countries (LDCs),199,2023,3,1.129
Least Developed Countries (LDCs),199,2024,3,2.096
Least Developed Countries (LDCs),199,2025,3,1.632
Least Developed Countries (LDCs),199,2020,4,1.335
Least Developed Countries (LDCs),199,2021,4,1.257
Least Developed Countries (LDCs),199,2022,4,1.628
Least Developed Countries (LDCs),199,2023,4,1.136
Least Developed Countries (LDCs),199,2024,4,1.601
Least Developed Countries (LDCs),199,2025,4,1.53
Least Developed Countries (LDCs),199,2020,5,1.256
Least Developed Countries (LDCs),199,2021,5,1.18
Least Developed Countries (LDCs),199,2022,5,1.275
Least Developed Countries (LDCs),199,2023,5,1.384
Least Developed Countries (LDCs),199,2024,5,2.212
Least Developed Countries (LDCs),199,2025,5,1.382
Least Developed Countries (LDCs),199,2020,6,1.391
Least Developed Countries (LDCs),199,2021,6,1.644
Least Developed Countries (LDCs),199,2022,6,1.072
Least Developed Countries (LDCs),199,2023,6,1.437
Least Developed Countries (LDCs),199,2024,6,1.888
Least Developed Countries (LDCs),199,2025,6,1.415
Least Developed Countries (LDCs),199,2020,7,1.245
Least Developed Countries (LDCs),199,2021,7,1.281
Least Developed Countries (LDCs),199,2022,7,1.083
Least Developed Countries (LDCs),199,2023,7,1.747
Least Developed Countries (LDCs),199,2024,7,1.877
Least Developed Countries (LDCs),199,2025,7,1.248
Least Developed Countries (LDCs),199,2020,8,1.134
Least Developed Countries (LDCs),199,2021,8,1.236
Least Developed Countries (LDCs),199,2022,8,0.791
Least Developed Countries (LDCs),199,2023,8,1.614
Least Developed Countries (LDCs),199,2024,8,1.434
Least Developed Countries (LDCs),199,2025,8,0.97
Least Developed Countries (LDCs),199,2020,9,0.895
Least Developed Countries (LDCs),199,2021,9,1.29
Least Developed Countries (LDCs),199,2022,9,0.778
Least Developed Countries (LDCs),199,2023,9,1.819
Least Developed Countries (LDCs),199,2024,9,1.271
Least Developed Countries (LDCs),199,2025,9,1.449
Least Developed Countries (LDCs),199,2020,10,1.069
Least Developed Countries (LDCs),199,2021,10,1.314
Least Developed Countries (LDCs),199,2022,10,0.862
Least Developed Countries (LDCs),199,2023,10,1.877
Least Developed Countries (LDCs),199,2024,10,1.152
Least Developed Countries (LDCs),199,2025,10,1.338
Least Developed Countries (LDCs),199,2020,11,0.872
Least Developed Countries (LDCs),199,2021,11,1.815
Least Developed Countries (LDCs),199,2022,11,1.016
Least Developed Countries (LDCs),199,2023,11,1.719
Least Developed Countries (LDCs),199,2024,11,0.959
Least Developed Countries (LDCs),199,2025,11,1.432
Least Developed Countries (LDCs),199,2020,12,1.53
Least Developed Countries (LDCs),199,2021,12,1.62
Least Developed Countries (LDCs),199,2022,12,1.09
Least Developed Countries (LDCs),199,2023,12,1.548
Least Developed Countries (LDCs),199,2024,12,0.906
Least Developed Countries (LDCs),199,2025,12,1.42
Land Locked Developing Countries (LLDCs),432,2020,1,1.786
Land Locked Developing Countries (LLDCs),432,2021,1,1.213
Land Locked Developing Countries (LLDCs),432,2022,1,1.797
Land Locked Developing Countries (LLDCs),432,2023,1,0.821
Land Locked Developing Countries (LLDCs),432,2024,1,2.279
Land Locked Developing Countries (LLDCs),432,2025,1,2.365
Land Locked Developing Countries (LLDCs),432,2020,2,2.499
Land Locked Developing Countries (LLDCs),432,2021,2,1.923
Land Locked Developing Countries (LLDCs),432,2022,2,1.503
Land Locked Developing Countries (LLDCs),432,2023,2,2.073
Land Locked Developing Countries (LLDCs),432,2024,2,1.606
Land Locked Developing Countries (LLDCs),432,2025,2,2.011
Land Locked Developing Countries (LLDCs),432,2020,3,2.4
Land Locked Developing Countries (LLDCs),432,2021,3,1.591
Land Locked Developing Countries (LLDCs),432,2022,3,1.4
Land Locked Developing Countries (LLDCs),432,2023,3,3.108
Land Locked Developing Countries (LLDCs),432,2024,3,2.57
Land Locked Developing Countries (LLDCs),432,2025,3,2.62
Land Locked Developing Countries (LLDCs),432,2020,4,1.852
Land Locked Developing Countries (LLDCs),432,2021,4,1.396
Land Locked Developing Countries (LLDCs),432,2022,4,2.398
Land Locked Developing Countries (LLDCs),432,2023,4,1.348
Land Locked Developing Countries (LLDCs),432,2024,4,2.838
Land Locked Developing Countries (LLDCs),432,2025,4,2.562
Land Locked Developing Countries (LLDCs),432,2020,5,1.616
Land Locked Developing Countries (LLDCs),432,2021,5,1.638
Land Locked Developing Countries (LLDCs),432,2022,5,1.179
Land Locked Developing Countries (LLDCs),432,2023,5,1.243
Land Locked Developing Countries (LLDCs),432,2024,5,1.849
Land Locked Developing Countries (LLDCs),432,2025,5,1.923
Land Locked Developing Countries (LLDCs),432,2020,6,1.272
Land Locked Developing Countries (LLDCs),432,2021,6,1.376
Land Locked Developing Countries (LLDCs),432,2022,6,1.124
Land Locked Developing Countries (LLDCs),432,2023,6,1.692
Land Locked Developing Countries (LLDCs),432,2024,6,2.307
Land Locked Developing Countries (LLDCs),432,2025,6,1.518
Land Locked Developing Countries (LLDCs),432,2020,7,1.06
Land Locked Developing Countries (LLDCs),432,2021,7,1.269
Land Locked Developing Countries (LLDCs),432,2022,7,1.212
Land Locked Developing Countries (LLDCs),432,2023,7,1.92
Land Locked Developing Countries (LLDCs),432,2024,7,1.546
Land Locked Developing Countries (LLDCs),432,2025,7,1.4
Land Locked Developing Countries (LLDCs),432,2020,8,0.914
Land Locked Developing Countries (LLDCs),432,2021,8,1.396
Land Locked Developing Countries (LLDCs),432,2022,8,0.716
Land Locked Developing Countries (LLDCs),432,2023,8,1.731
Land Locked Developing Countries (LLDCs),432,2024,8,1.538
Land Locked Developing Countries (LLDCs),432,2025,8,1.189
Land Locked Developing Countries (LLDCs),432,2020,9,0.6
Land Locked Developing Countries (LLDCs),432,2021,9,1.399
Land Locked Developing Countries (LLDCs),432,2022,9,1.301
Land Locked Developing Countries (LLDCs),432,2023,9,1.647
Land Locked Developing Countries (LLDCs),432,2024,9,1.039
Land Locked Developing Countries (LLDCs),432,2025,9,1.368
Land Locked Developing Countries (LLDCs),432,2020,10,0.821
Land Locked Developing Countries (LLDCs),432,2021,10,0.774
Land Locked Developing Countries (LLDCs),432,2022,10,0.989
Land Locked Developing Countries (LLDCs),432,2023,10,2.494
Land Locked Developing Countries (LLDCs),432,2024,10,1.523
Land Locked Developing Countries (LLDCs),432,2025,10,0.985
Land Locked Developing Countries (LLDCs),432,2020,11,0.491
Land Locked Developing Countries (LLDCs),432,2021,11,1.385
Land Locked Developing Countries (LLDCs),432,2022,11,0.914
Land Locked Developing Countries (LLDCs),432,2023,11,2.98
Land Locked Developing Countries (LLDCs),432,2024,11,1.707
Land Locked Developing Countries (LLDCs),432,2025,11,1.978
Land Locked Developing Countries (LLDCs),432,2020,12,-0.158
Land Locked Developing Countries (LLDCs),432,2021,12,2.07
Land Locked Developing Countries (LLDCs),432,2022,12,0.045
Land Locked Developing Countries (LLDCs),432,2023,12,1.723
Land Locked Developing Countries (LLDCs),432,2024,12,1.035
Land Locked Developing Countries (LLDCs),432,2025,12,1.837
Small Island Developing States (SIDS),722,2020,1,1.31
Small Island Developing States (SIDS),722,2021,1,1.028
Small Island Developing States (SIDS),722,2022,1,0.676
Small Island Developing States (SIDS),722,2023,1,0.836
Small Island Developing States (SIDS),722,2024,1,1.774
Small Island Developing States (SIDS),722,2025,1,1.219
Small Island Developing States (SIDS),722,2020,2,1.525
Small Island Developing States (SIDS),722,2021,2,1.127
Small Island Developing States (SIDS),722,2022,2,1.004
Small Island Developing States (SIDS),722,2023,2,0.964
Small Island Developing States (SIDS),722,2024,2,1.803
Small Island Developing States (SIDS),722,2025,2,1.485
Small Island Developing States (SIDS),722,2020,3,1.158
Small Island Developing States (SIDS),722,2021,3,0.776
Small Island Developing States (SIDS),722,2022,3,0.843
Small Island Developing States (SIDS),722,2023,3,0.95
Small Island Developing States (SIDS),722,2024,3,1.749
Small Island Developing States (SIDS),722,2025,3,1.163
Small Island Developing States (SIDS),722,2020,4,1.474
Small Island Developing States (SIDS),722,2021,4,0.779
Small Island Developing States (SIDS),722,2022,4,0.843
Small Island Developing States (SIDS),722,2023,4,0.992
Small Island Developing States (SIDS),722,2024,4,1.789
Small Island Developing States (SIDS),722,2025,4,1.156
Small Island Developing States (SIDS),722,2020,5,1.31
Small Island Developing States (SIDS),722,2021,5,0.961
Small Island Developing States (SIDS),722,2022,5,0.988
Small Island Developing States (SIDS),722,2023,5,1.187
Small Island Developing States (SIDS),722,2024,5,1.756
Small Island Developing States (SIDS),722,2025,5,1.266
Small Island Developing States (SIDS),722,2020,6,1.377
Small Island Developing States (SIDS),722,2021,6,1.175
Small Island Developing States (SIDS),722,2022,6,1.065
Small Island Developing States (SIDS),722,2023,6,1.439
Small Island Developing States (SIDS),722,2024,6,1.45
Small Island Developing States (SIDS),722,2025,6,1.249
Small Island Developing States (SIDS),722,2020,7,1.353
Small Island Developing States (SIDS),722,2021,7,1.256
Small Island Developing States (SIDS),722,2022,7,1.521
Small Island Developing States (SIDS),722,2023,7,1.684
Small Island Developing States (SIDS),722,2024,7,1.426
Small Island Developing States (SIDS),722,2025,7,1.377
Small Island Developing States (SIDS),722,2020,8,1.226
Small Island Developing States (SIDS),722,2021,8,1.424
Small Island Developing States (SIDS),722,2022,8,1.378
Small Island Developing States (SIDS),722,2023,8,1.593
Small Island Developing States (SIDS),722,2024,8,1.745
Small Island Developing States (SIDS),722,2025,8,0.993
Small Island Developing States (SIDS),722,2020,9,1.332
Small Island Developing States (SIDS),722,2021,9,1.382
Small Island Developing States (SIDS),722,2022,9,1.589
Small Island Developing States (SIDS),722,2023,9,1.714
Small Island Developing States (SIDS),722,2024,9,1.983
Small Island Developing States (SIDS),722,2025,9,1.226
Small Island Developing States (SIDS),722,2020,10,1.352
Small Island Developing States (SIDS),722,2021,10,1.238
Small Island Developing States (SIDS),722,2022,10,1.289
Small Island Developing States (SIDS),722,2023,10,1.538
Small Island Developing States (SIDS),722,2024,10,1.701
Small Island Developing States (SIDS),722,2025,10,1.264
Small Island Developing States (SIDS),722,2020,11,0.834
Small Island Developing States (SIDS),722,2021,11,0.964
Small Island Developing States (SIDS),722,2022,11,1.184
Small Island Developing States (SIDS),722,2023,11,1.617
Small Island Developing States (SIDS),722,2024,11,1.451
Small Island Developing States (SIDS),722,2025,11,0.97
Small Island Developing States (SIDS),722,2020,12,1.032
Small Island Developing States (SIDS),722,2021,12,1.135
Small Island Developing States (SIDS),722,2022,12,0.666
Small Island Developing States (SIDS),722,2023,12,1.474
Small Island Developing States (SIDS),722,2024,12,1.237
Small Island Developing States (SIDS),722,2025,12,1.246
Low Income Food Deficit Countries (LIFDCs),901,2020,1,0.387
Low Income Food Deficit Countries (LIFDCs),901,2021,1,1.512
Low Income Food Deficit Countries (LIFDCs),901,2022,1,0.774
Low Income Food Deficit Countries (LIFDCs),901,2023,1,0.786
Low Income Food Deficit Countries (LIFDCs),901,2024,1,1.731
Low Income Food Deficit Countries (LIFDCs),901,2025,1,1.207
Low Income Food Deficit Countries (LIFDCs),901,2020,2,0.943
Low Income Food Deficit Countries (LIFDCs),901,2021,2,0.793
Low Income Food Deficit Countries (LIFDCs),901,2022,2,0.457
Low Income Food Deficit Countries (LIFDCs),901,2023,2,1.105
Low Income Food Deficit Countries (LIFDCs),901,2024,2,1.577
Low Income Food Deficit Countries (LIFDCs),901,2025,2,1.095
Low Income Food Deficit Countries (LIFDCs),901,2020,3,1.396
Low Income Food Deficit Countries (LIFDCs),901,2021,3,1.194
Low Income Food Deficit Countries (LIFDCs),901,2022,3,1.115
Low Income Food Deficit Countries (LIFDCs),901,2023,3,1.308
Low Income Food Deficit Countries (LIFDCs),901,2024,3,2.153
Low Income Food Deficit Countries (LIFDCs),901,2025,3,1.764
Low Income Food Deficit Countries (LIFDCs),901,2020,4,1.54
Low Income Food Deficit Countries (LIFDCs),901,2021,4,1.314
Low Income Food Deficit Countries (LIFDCs),901,2022,4,1.87
Low Income Food Deficit Countries (LIFDCs),901,2023,4,1.099
Low Income Food Deficit Countries (LIFDCs),901,2024,4,1.702
Low Income Food Deficit Countries (LIFDCs),901,2025,4,1.709
Low Income Food Deficit Countries (LIFDCs),901,2020,5,1.483
Low Income Food Deficit Countries (LIFDCs),901,2021,5,1.255
Low Income Food Deficit Countries (LIFDCs),901,2022,5,1.481
Low Income Food Deficit Countries (LIFDCs),901,2023,5,1.362
Low Income Food Deficit Countries (LIFDCs),901,2024,5,2.292
Low Income Food Deficit Countries (LIFDCs),901,2025,5,1.634
Low Income Food Deficit Countries (LIFDCs),901,2020,6,1.328
Low Income Food Deficit Countries (LIFDCs),901,2021,6,1.543
Low Income Food Deficit Countries (LIFDCs),901,2022,6,1.133
Low Income Food Deficit Countries (LIFDCs),901,2023,6,1.399
Low Income Food Deficit Countries (LIFDCs),901,2024,6,1.941
Low Income Food Deficit Countries (LIFDCs),901,2025,6,1.592
Low Income Food Deficit Countries (LIFDCs),901,2020,7,1.199
Low Income Food Deficit Countries (LIFDCs),901,2021,7,1.237
Low Income Food Deficit Countries (LIFDCs),901,2022,7,1.028
Low Income Food Deficit Countries (LIFDCs),901,2023,7,1.736
Low Income Food Deficit Countries (LIFDCs),901,2024,7,1.713
Low Income Food Deficit Countries (LIFDCs),901,2025,7,1.354
Low Income Food Deficit Countries (LIFDCs),901,2020,8,1.02
Low Income Food Deficit Countries (LIFDCs),901,2021,8,1.168
Low Income Food Deficit Countries (LIFDCs),901,2022,8,0.72
Low Income Food Deficit Countries (LIFDCs),901,2023,8,1.606
Low Income Food Deficit Countries (LIFDCs),901,2024,8,1.427
Low Income Food Deficit Countries (LIFDCs),901,2025,8,0.928
Low Income Food Deficit Countries (LIFDCs),901,2020,9,0.867
Low Income Food Deficit Countries (LIFDCs),901,2021,9,1.292
Low Income Food Deficit Countries (LIFDCs),901,2022,9,0.863
Low Income Food Deficit Countries (LIFDCs),901,2023,9,1.805
Low Income Food Deficit Countries (LIFDCs),901,2024,9,1.199
Low Income Food Deficit Countries (LIFDCs),901,2025,9,1.346
Low Income Food Deficit Countries (LIFDCs),901,2020,10,0.987
Low Income Food Deficit Countries (LIFDCs),901,2021,10,1.292
Low Income Food Deficit Countries (LIFDCs),901,2022,10,0.907
Low Income Food Deficit Countries (LIFDCs),901,2023,10,1.871
Low Income Food Deficit Countries (LIFDCs),901,2024,10,1.211
Low Income Food Deficit Countries (LIFDCs),901,2025,10,1.375
Low Income Food Deficit Countries (LIFDCs),901,2020,11,0.768
Low Income Food Deficit Countries (LIFDCs),901,2021,11,1.806
Low Income Food Deficit Countries (LIFDCs),901,2022,11,0.975
Low Income Food Deficit Countries (LIFDCs),901,2023,11,1.772
Low Income Food Deficit Countries (LIFDCs),901,2024,11,0.896
Low Income Food Deficit Countries (LIFDCs),901,2025,11,1.52
Low Income Food Deficit Countries (LIFDCs),901,2020,12,1.607
Low Income Food Deficit Countries (LIFDCs),901,2021,12,1.601
Low Income Food Deficit Countries (LIFDCs),901,2022,12,1.044
Low Income Food Deficit Countries (LIFDCs),901,2023,12,1.508
Low Income Food Deficit Countries (LIFDCs),901,2024,12,0.834
Low Income Food Deficit Countries (LIFDCs),901,2025,12,1.618
Net Food Importing Developing Countries (NFIDCs),902,2020,1,0.727
Net Food Importing Developing Countries (NFIDCs),902,2021,1,1.262
Net Food Importing Developing Countries (NFIDCs),902,2022,1,0.855
Net Food Importing Developing Countries (NFIDCs),902,2023,1,0.83
Net Food Importing Developing Countries (NFIDCs),902,2024,1,1.7
Net Food Importing Developing Countries (NFIDCs),902,2025,1,1.273
Net Food Importing Developing Countries (NFIDCs),902,2020,2,1.154
Net Food Importing Developing Countries (NFIDCs),902,2021,2,1.136
Net Food Importing Developing Countries (NFIDCs),902,2022,2,0.46
Net Food Importing Developing Countries (NFIDCs),902,2023,2,1.247
Net Food Importing Developing Countries (NFIDCs),902,2024,2,1.592
Net Food Importing Developing Countries (NFIDCs),902,2025,2,1.118
Net Food Importing Developing Countries (NFIDCs),902,2020,3,1.262
Net Food Importing Developing Countries (NFIDCs),902,2021,3,1.329
Net Food Importing Developing Countries (NFIDCs),902,2022,3,1.008
Net Food Importing Developing Countries (NFIDCs),902,2023,3,1.436
Net Food Importing Developing Countries (NFIDCs),902,2024,3,2.124
Net Food Importing Developing Countries (NFIDCs),902,2025,3,1.686
Net Food Importing Developing Countries (NFIDCs),902,2020,4,1.432
Net Food Importing Developing Countries (NFIDCs),902,2021,4,1.242
Net Food Importing Developing Countries (NFIDCs),902,2022,4,1.604
Net Food Importing Developing Countries (NFIDCs),902,2023,4,1.147
Net Food Importing Developing Countries (NFIDCs),902,2024,4,1.737
Net Food Importing Developing Countries (NFIDCs),902,2025,4,1.668
Net Food Importing Developing Countries (NFIDCs),902,2020,5,1.349
Net Food Importing Developing Countries (NFIDCs),902,2021,5,1.156
Net Food Importing Developing Countries (NFIDCs),902,2022,5,1.216
Net Food Importing Developing Countries (NFIDCs),902,2023,5,1.303
Net Food Importing Developing Countries (NFIDCs),902,2024,5,2.283
Net Food Importing Developing Countries (NFIDCs),902,2025,5,1.341
Net Food Importing Developing Countries (NFIDCs),902,2020,6,1.319
Net Food Importing Developing Countries (NFIDCs),902,2021,6,1.413
Net Food Importing Developing Countries (NFIDCs),902,2022,6,1.031
Net Food Importing Developing Countries (NFIDCs),902,2023,6,1.508
Net Food Importing Developing Countries (NFIDCs),902,2024,6,1.845
Net Food Importing Developing Countries (NFIDCs),902,2025,6,1.346
Net Food Importing Developing Countries (NFIDCs),902,2020,7,1.285
Net Food Importing Developing Countries (NFIDCs),902,2021,7,1.277
Net Food Importing Developing Countries (NFIDCs),902,2022,7,1.078
Net Food Importing Developing Countries (NFIDCs),902,2023,7,1.762
Net Food Importing Developing Countries (NFIDCs),902,2024,7,1.935
Net Food Importing Developing Countries (NFIDCs),902,2025,7,1.335
Net Food Importing Developing Countries (NFIDCs),902,2020,8,1.14
Net Food Importing Developing Countries (NFIDCs),902,2021,8,1.165
Net Food Importing Developing Countries (NFIDCs),902,2022,8,0.819
Net Food Importing Developing Countries (NFIDCs),902,2023,8,1.789
Net Food Importing Developing Countries (NFIDCs),902,2024,8,1.626
Net Food Importing Developing Countries (NFIDCs),902,2025,8,1.096
Net Food Importing Developing Countries (NFIDCs),902,2020,9,1.096
Net Food Importing Developing Countries (NFIDCs),902,2021,9,1.371
Net Food Importing Developing Countries (NFIDCs),902,2022,9,1.043
Net Food Importing Developing Countries (NFIDCs),902,2023,9,1.916
Net Food Importing Developing Countries (NFIDCs),902,2024,9,1.409
Net Food Importing Developing Countries (NFIDCs),902,2025,9,1.487
Net Food Importing Developing Countries (NFIDCs),902,2020,10,1.132
Net Food Importing Developing Countries (NFIDCs),902,2021,10,1.202
Net Food Importing Developing Countries (NFIDCs),902,2022,10,0.909
Net Food Importing Developing Countries (NFIDCs),902,2023,10,2.112
Net Food Importing Developing Countries (NFIDCs),902,2024,10,1.361
Net Food Importing Developing Countries (NFIDCs),902,2025,10,1.179
Net Food Importing Developing Countries (NFIDCs),902,2020,11,0.971
Net Food Importing Developing Countries (NFIDCs),902,2021,11,1.718
Net Food Importing Developing Countries (NFIDCs),902,2022,11,1.029
Net Food Importing Developing Countries (NFIDCs),902,2023,11,1.768
Net Food Importing Developing Countries (NFIDCs),902,2024,11,1.368
Net Food Importing Developing Countries (NFIDCs),902,2025,11,1.476
Net Food Importing Developing Countries (NFIDCs),902,2020,12,1.215
Net Food Importing Developing Countries (NFIDCs),902,2021,12,1.541
Net Food Importing Developing Countries (NFIDCs),902,2022,12,1.031
Net Food Importing Developing Countries (NFIDCs),902,2023,12,1.584
Net Food Importing Developing Countries (NFIDCs),902,2024,12,1.089
Net Food Importing Developing Countries (NFIDCs),902,2025,12,1.414
Annex I countries,907,2020,1,3.561
Annex I countries,907,2021,1,2.403
Annex I countries,907,2022,1,1.969
Annex I countries,907,2023,1,2.748
Annex I countries,907,2024,1,2.37
Annex I countries,907,2025,1,3.925
Annex I countries,907,2020,2,3.201
Annex I countries,907,2021,2,0.134
Annex I countries,907,2022,2,1.881
Annex I countries,907,2023,2,1.612
Annex I countries,907,2024,2,3.486
Annex I countries,907,2025,2,2.468
Annex I countries,907,2020,3,2.818
Annex I countries,907,2021,3,1.799
Annex I countries,907,2022,3,2.243
Annex I countries,907,2023,3,2.24
Annex I countries,907,2024,3,2.781
Annex I countries,907,2025,3,3.171
Annex I countries,907,2020,4,1.698
Annex I countries,907,2021,4,1.497
Annex I countries,907,2022,4,1.156
Annex I countries,907,2023,4,1.038
Annex I countries,907,2024,4,2.418
Annex I countries,907,2025,4,2.431
Annex I countries,907,2020,5,1.135
Annex I countries,907,2021,5,1.187
Annex I countries,907,2022,5,1.415
Annex I countries,907,2023,5,1.762
Annex I countries,907,2024,5,1.545
Annex I countries,907,2025,5,1.504
Annex I countries,907,2020,6,1.372
Annex I countries,907,2021,6,1.905
Annex I countries,907,2022,6,1.618
Annex I countries,907,2023,6,1.505
Annex I countries,907,2024,6,1.691
Annex I countries,907,2025,6,1.469
Annex I countries,907,2020,7,1.364
Annex I countries,907,2021,7,1.442
Annex I countries,907,2022,7,1.372
Annex I countries,907,2023,7,1.64
Annex I countries,907,2024,7,1.718
Annex I countries,907,2025,7,1.269
Annex I countries,907,2020,8,1.407
Annex I countries,907,2021,8,1.474
Annex I countries,907,2022,8,1.797
Annex I countries,907,2023,8,2.069
Annex I countries,907,2024,8,1.922
Annex I countries,907,2025,8,1.605
Annex I countries,907,2020,9,1.766
Annex I countries,907,2021,9,1.122
Annex I countries,907,2022,9,1.303
Annex I countries,907,2023,9,2.444
Annex I countries,907,2024,9,2.421
Annex I countries,907,2025,9,2.161
Annex I countries,907,2020,10,1.427
Annex I countries,907,2021,10,2.302
Annex I countries,907,2022,10,2.196
Annex I countries,907,2023,10,2.495
Annex I countries,907,2024,10,2.501
Annex I countries,907,2025,10,2.35
Annex I countries,907,2020,11,2.814
Annex I countries,907,2021,11,2.074
Annex I countries,907,2022,11,0.71
Annex I countries,907,2023,11,2.783
Annex I countries,907,2024,11,3.077
Annex I countries,907,2025,11,2.89
Annex I countries,907,2020,12,2.316
Annex I countries,907,2021,12,1.194
Annex I countries,907,2022,12,1.305
Annex I countries,907,2023,12,3.406
Annex I countries,907,2024,12,3.759
Annex I countries,907,2025,12,1.389
Non-Annex I countries,908,2020,1,1.283
Non-Annex I countries,908,2021,1,1.254
Non-Annex I countries,908,2022,1,1.204
Non-Annex I countries,908,2023,1,0.924
Non-Annex I countries,908,2024,1,2.019
Non-Annex I countries,908,2025,1,1.654
Non-Annex I countries,908,2020,2,1.668
Non-Annex I countries,908,2021,2,1.647
Non-Annex I countries,908,2022,2,0.85
Non-Annex I countries,908,2023,2,1.502
Non-Annex I countries,908,2024,2,1.704
Non-Annex I countries,908,2025,2,1.388
Non-Annex I countries,908,2020,3,1.713
Non-Annex I countries,908,2021,3,1.495
Non-Annex I countries,908,2022,3,1.311
Non-Annex I countries,908,2023,3,2.04
Non-Annex I countries,908,2024,3,2.108
Non-Annex I countries,908,2025,3,1.863
Non-Annex I countries,908,2020,4,1.374
Non-Annex I countries,908,2021,4,1.4
Non-Annex I countries,908,2022,4,1.735
Non-Annex I countries,908,2023,4,1.208
Non-Annex I countries,908,2024,4,2.13
Non-Annex I countries,908,2025,4,1.883
Non-Annex I countries,908,2020,5,1.429
Non-Annex I countries,908,2021,5,1.373
Non-Annex I countries,908,2022,5,0.95
Non-Annex I countries,908,2023,5,1.178
Non-Annex I countries,908,2024,5,1.806
Non-Annex I countries,908,2025,5,1.573
Non-Annex I countries,908,2020,6,1.311
Non-Annex I countries,908,2021,6,1.374
Non-Annex I countries,908,2022,6,1.188
Non-Annex I countries,908,2023,6,1.565
Non-Annex I countries,908,2024,6,2.101
Non-Annex I countries,908,2025,6,1.306
Non-Annex I countries,908,2020,7,1.233
Non-Annex I countries,908,2021,7,1.416
Non-Annex I countries,908,2022,7,1.381
Non-Annex I countries,908,2023,7,1.891
Non-Annex I countries,908,2024,7,1.709
Non-Annex I countries,908,2025,7,1.442
Non-Annex I countries,908,2020,8,1.252
Non-Annex I countries,908,2021,8,1.375
Non-Annex I countries,908,2022,8,1.139
Non-Annex I countries,908,2023,8,1.913
Non-Annex I countries,908,2024,8,1.781
Non-Annex I countries,908,2025,8,1.317
Non-Annex I countries,908,2020,9,1.286
Non-Annex I countries,908,2021,9,1.666
Non-Annex I countries,908,2022,9,1.313
Non-Annex I countries,908,2023,9,1.977
Non-Annex I countries,908,2024,9,1.759
Non-Annex I countries,908,2025,9,1.562
Non-Annex I countries,908,2020,10,1.208
Non-Annex I countries,908,2021,10,1.167
Non-Annex I countries,908,2022,10,1.105
Non-Annex I countries,908,2023,10,2.182
Non-Annex I countries,908,2024,10,1.767
Non-Annex I countries,908,2025,10,1.271
Non-Annex I countries,908,2020,11,1.113
Non-Annex I countries,908,2021,11,1.305
Non-Annex I countries,908,2022,11,1.252
Non-Annex I countries,908,2023,11,2.162
Non-Annex I countries,908,2024,11,1.744
Non-Annex I countries,908,2025,11,1.593
Non-Annex I countries,908,2020,12,0.812
Non-Annex I countries,908,2021,12,1.499
Non-Annex I countries,908,2022,12,0.948
Non-Annex I countries,908,2023,12,1.761
Non-Annex I countries,908,2024,12,1.078
Non-Annex I countries,908,2025,12,1.59
OECD,198,2020,1,2.398
OECD,198,2021,1,3.583
OECD,198,2022,1,1.107
OECD,198,2023,1,3.319
OECD,198,2024,1,2.387
OECD,198,2025,1,3.225
OECD,198,2020,2,1.573
OECD,198,2021,2,0.031
OECD,198,2022,2,0.287
OECD,198,2023,2,0.614
OECD,198,2024,2,3.517
OECD,198,2025,2,1.652
OECD,198,2020,3,1.443
OECD,198,2021,3,1.757
OECD,198,2022,3,1.893
OECD,198,2023,3,1.067
OECD,198,2024,3,2.342
OECD,198,2025,3,2.698
OECD,198,2020,4,0.7
OECD,198,2021,4,1.097
OECD,198,2022,4,0.546
OECD,198,2023,4,0.86
OECD,198,2024,4,1.998
OECD,198,2025,4,1.792
OECD,198,2020,5,0.356
OECD,198,2021,5,0.537
OECD,198,2022,5,1.1
OECD,198,2023,5,1.699
OECD,198,2024,5,1.717
OECD,198,2025,5,1.355
OECD,198,2020,6,1.153
OECD,198,2021,6,1.701
OECD,198,2022,6,1.477
OECD,198,2023,6,1.632
OECD,198,2024,6,1.508
OECD,198,2025,6,1.396
OECD,198,2020,7,1.308
OECD,198,2021,7,1.331
OECD,198,2022,7,1.307
OECD,198,2023,7,1.708
OECD,198,2024,7,1.553
OECD,198,2025,7,1.241
OECD,198,2020,8,1.539
OECD,198,2021,8,1.183
OECD,198,2022,8,1.753
OECD,198,2023,8,1.916
OECD,198,2024,8,2.049
OECD,198,2025,8,1.516
OECD,198,2020,9,1.413
OECD,198,2021,9,1.564
OECD,198,2022,9,1.732
OECD,198,2023,9,2.608
OECD,198,2024,9,2.618
OECD,198,2025,9,2.405
OECD,198,2020,10,0.656
OECD,198,2021,10,2.322
OECD,198,2022,10,1.75
OECD,198,2023,10,1.967
OECD,198,2024,10,2.555
OECD,198,2025,10,2.783
OECD,198,2020,11,1.781
OECD,198,2021,11,1.422
OECD,198,2022,11,0.4
OECD,198,2023,11,2.208
OECD,198,2024,11,2.439
OECD,198,2025,11,2.805
OECD,198,2020,12,2.644
OECD,198,2021,12,1.504
OECD,198,2022,12,0.918
OECD,198,2023,12,4.288
OECD,198,2024,12,3.239
OECD,198,2025,12,1.155
