country,year,iso_code,population,gdp,primary_energy_consumption,energy_per_capita,energy_per_gdp,electricity_generation,electricity_demand,fossil_fuel_consumption,fossil_share_energy,renewables_consumption,renewables_share_energy,renewables_electricity,solar_electricity,wind_electricity,hydro_electricity,nuclear_electricity,coal_electricity,gas_electricity,oil_electricity,carbon_intensity_elec,greenhouse_gas_emissions,low_carbon_share_energy,low_carbon_electricity
Afghanistan,2020,AFG,39068977,71417706295,46.912,1200.742,0.657,1.180,6.330,,,,,1.060,0.070,0.000,0.990,0.000,0.020,0.000,0.100,93.220,0.110,,1.060
Afghanistan,2021,AFG,40000410,56638852656,47.569,1189.220,0.840,1.060,6.760,,,,,0.930,0.080,0.000,0.850,0.000,0.030,0.000,0.100,113.210,0.120,,0.930
Afghanistan,2022,AFG,40578847,53303471617,45.106,1111.573,0.846,0.960,6.840,,,,,0.830,0.090,0.000,0.740,0.000,0.030,0.000,0.100,125.000,0.120,,0.830
Afghanistan,2023,AFG,41454762,,41.060,990.470,,0.970,7.190,,,,,0.840,0.090,0.000,0.750,0.000,0.030,0.000,0.100,123.710,0.120,,0.840
Afghanistan,2024,AFG,42647502,,,,,0.990,6.820,,,,,0.860,0.110,0.000,0.750,0.000,0.030,0.000,0.100,131.310,0.130,,0.860
Albania,2020,ALB,2871950,32130726850,21.117,7352.821,0.657,5.310,7.590,,,,,5.310,0.030,0.000,5.280,0.000,0.000,0.000,0.000,24.480,0.130,,5.310
Albania,2021,ALB,2849641,34866976278,25.490,8944.888,0.731,8.940,8.390,,,,,8.940,0.040,0.000,8.900,0.000,0.000,0.000,0.000,23.490,0.210,,8.940
Albania,2022,ALB,2827614,36171005594,25.865,9147.205,0.715,6.970,7.890,,,,,6.970,0.160,0.000,6.810,0.000,0.000,0.000,0.000,24.390,0.170,,6.970
Albania,2023,ALB,2811660,,22.583,8032.070,,9.010,8.090,,,,,9.010,0.300,0.000,8.710,0.000,0.000,0.000,0.000,24.420,0.220,,9.010
Albania,2024,ALB,2791756,,,,,8.340,8.670,,,,,8.340,0.340,0.000,8.000,0.000,0.000,0.000,0.000,25.180,0.210,,8.340
Algeria,2020,DZA,44042094,559819958223,648.899,14733.604,1.159,79.370,79.310,646.949,99.717,1.833,0.283,0.880,0.820,0.010,0.050,0.000,0.000,78.130,0.360,632.610,50.210,0.283,0.880
Algeria,2021,DZA,44761099,578853830170,707.627,15808.980,1.222,85.600,84.450,705.838,99.762,1.684,0.238,0.810,0.790,0.010,0.010,0.000,0.000,84.420,0.370,633.530,54.230,0.238,0.810
Algeria,2022,DZA,45477391,595820067103,734.248,16145.337,1.232,91.470,88.900,732.472,99.772,1.673,0.228,0.860,0.830,0.010,0.020,0.000,0.000,90.220,0.390,633.650,57.960,0.228,0.860
Algeria,2023,DZA,46164222,,784.532,16994.377,,95.880,93.440,782.639,99.773,1.778,0.227,0.910,0.870,0.020,0.020,0.000,0.000,94.640,0.330,633.610,60.750,0.227,0.910
Algeria,2024,DZA,46814302,,760.133,16237.188,,96.360,93.840,758.183,99.758,1.837,0.242,1.030,0.990,0.020,0.020,0.000,0.000,95.000,0.330,632.940,60.990,0.242,1.030
American Samoa,2020,ASM,49779,,1.376,27645.541,,0.170,0.170,,,,,0.000,0.000,0.000,0.000,0.000,0.000,0.000,0.170,647.060,0.110,,0.000
American Samoa,2021,ASM,49249,,1.588,32251.004,,0.170,0.170,,,,,0.000,0.000,0.000,0.000,0.000,0.000,0.000,0.170,647.060,0.110,,0.000
American Samoa,2022,ASM,48365,,1.588,32839.422,,0.180,0.180,,,,,0.010,0.010,0.000,0.000,0.000,0.000,0.000,0.170,611.110,0.110,,0.010
American Samoa,2023,ASM,47544,,1.579,33220.289,,0.170,0.170,,,,,0.000,0.000,0.000,0.000,0.000,0.000,0.000,0.170,647.060,0.110,,0.000
American Samoa,2024,ASM,46792,,,,,0.180,0.180,,,,,0.010,0.010,0.000,0.000,0.000,0.000,0.000,0.170,611.110,0.110,,0.010
Angola,2020,AGO,33451139,152308692850,76.322,2281.591,0.501,16.810,16.810,,,,,12.710,0.020,0.000,12.640,0.000,0.000,1.650,2.450,171.330,2.880,,12.710
Angola,2021,AGO,34532427,153971902307,86.051,2491.884,0.559,16.850,16.850,,,,,12.710,0.020,0.000,12.640,0.000,0.000,1.660,2.480,172.700,2.910,,12.710
Angola,2022,AGO,35635028,158346237030,96.707,2713.824,0.611,17.310,17.310,,,,,13.080,0.390,0.000,12.640,0.000,0.000,1.670,2.560,172.160,2.980,,13.080
Angola,2023,AGO,36749909,,98.502,2680.342,,15.750,15.750,,,,,11.660,0.390,0.000,11.220,0.000,0.000,1.390,2.700,183.490,2.890,,11.660
Angola,2024,AGO,37885854,,,,,15.590,15.590,,,,,11.490,0.440,0.000,11.000,0.000,0.000,1.400,2.700,185.380,2.890,,11.490
Antarctica,2020,ATA,,,0.046,,,,,,,,,,,,,,,,,,,,
Antarctica,2021,ATA,,,0.049,,,,,,,,,,,,,,,,,,,,
Antarctica,2022,ATA,,,0.052,,,,,,,,,,,,,,,,,,,,
Antarctica,2023,ATA,,,0.057,,,,,,,,,,,,,,,,,,,,
Antigua and Barbuda,2020,ATG,91864,,2.924,31833.912,,0.350,0.350,,,,,0.020,0.020,0.000,0.000,0.000,0.000,0.000,0.330,628.570,0.220,,0.020
Antigua and Barbuda,2021,ATG,92358,,3.041,32921.891,,0.350,0.350,,,,,0.020,0.020,0.000,0.000,0.000,0.000,0.000,0.330,628.570,0.220,,0.020
Antigua and Barbuda,2022,ATG,92850,,3.054,32896.395,,0.360,0.360,,,,,0.020,0.020,0.000,0.000,0.000,0.000,0.000,0.340,611.110,0.220,,0.020
Antigua and Barbuda,2023,ATG,93331,,3.011,32266.113,,0.360,0.360,,,,,0.020,0.020,0.000,0.000,0.000,0.000,0.000,0.340,611.110,0.220,,0.020
Antigua and Barbuda,2024,ATG,93782,,,,,0.370,0.370,,,,,0.030,0.030,0.000,0.000,0.000,0.000,0.000,0.340,594.600,0.220,,0.030
Argentina,2020,ARG,45191960,735814250460,863.972,19117.824,1.174,144.640,149.350,731.666,85.285,101.519,11.833,36.620,1.340,9.410,23.670,10.010,1.640,88.720,7.650,394.700,57.090,14.715,46.630
Argentina,2021,ARG,45312282,812324184006,948.187,20925.615,1.167,153.150,155.650,814.009,86.394,103.147,10.947,37.040,2.200,12.940,19.650,10.170,2.380,89.930,13.630,406.990,62.330,13.606,47.210
Argentina,2022,ARG,45407904,854914363923,1001.241,22049.938,1.171,145.610,158.490,856.942,86.146,119.466,12.010,42.270,2.940,14.160,22.770,7.470,2.340,76.600,16.930,392.690,57.180,13.854,49.740
Argentina,2023,ARG,45538402,,1004.261,22053.053,,148.560,163.900,833.535,83.705,140.409,14.100,51.650,3.280,14.480,31.490,8.960,1.830,76.320,9.800,350.900,52.130,16.295,60.610
Argentina,2024,ARG,45696153,,983.105,21513.947,,152.510,161.680,805.210,82.583,144.333,14.803,52.440,3.970,16.170,29.670,10.450,1.310,81.950,6.360,344.830,52.590,17.417,62.890
Argentina,2025,ARG,45851379,,,,,153.150,162.450,,,,,52.960,5.140,18.620,26.250,10.760,2.820,80.690,5.920,346.000,52.990,,63.720
Armenia,2020,ARM,2890893,33378378959,44.737,15475.302,1.340,7.640,6.630,,,,,1.920,0.140,0.000,1.780,2.550,0.000,3.170,0.000,251.310,1.920,,4.470
Armenia,2021,ARM,2870339,35275596129,45.858,15976.376,1.300,7.720,7.090,,,,,2.490,0.290,0.000,2.200,1.850,0.000,3.380,0.000,265.540,2.050,,4.340
Armenia,2022,ARM,2880880,39721734780,51.056,17722.293,1.285,9.880,8.430,,,,,3.370,0.520,0.000,2.850,2.630,0.000,3.880,0.000,240.890,2.380,,6.000
Armenia,2023,ARM,2943398,,47.176,16027.844,,8.650,7.510,,,,,2.420,0.770,0.000,1.650,2.510,0.000,3.720,0.000,262.430,2.270,,4.930
Armenia,2024,ARM,2973843,,,,,9.030,7.640,,,,,2.880,0.880,0.000,2.000,2.630,0.000,3.520,0.000,240.310,2.170,,5.510
Armenia,2025,ARM,2952355,,,,,9.720,8.140,,,,,3.790,1.070,0.000,2.720,2.620,0.000,3.310,0.000,211.930,2.060,,6.410
Aruba,2020,ABW,107411,,4.568,42530.234,,0.990,0.990,,,,,0.170,0.030,0.140,0.000,0.000,0.000,0.000,0.820,545.460,0.540,,0.170
Aruba,2021,ABW,107565,,4.828,44880.773,,1.000,1.000,,,,,0.170,0.030,0.140,0.000,0.000,0.000,0.000,0.830,550.000,0.550,,0.170
Aruba,2022,ABW,107792,,4.940,45827.121,,1.000,1.000,,,,,0.170,0.030,0.140,0.000,0.000,0.000,0.000,0.830,550.000,0.550,,0.170
Aruba,2023,ABW,107946,,4.870,45116.078,,1.000,1.000,,,,,0.170,0.030,0.140,0.000,0.000,0.000,0.000,0.830,550.000,0.550,,0.170
Aruba,2024,ABW,108076,,,,,1.000,1.000,,,,,0.170,0.030,0.140,0.000,0.000,0.000,0.000,0.830,550.000,0.550,,0.170
Australia,2020,AUS,25743787,1232259790388,1585.412,61584.258,1.287,265.150,265.150,1413.450,89.708,162.166,10.292,64.280,23.840,22.610,14.420,0.000,142.930,53.050,4.890,642.320,170.310,10.292,64.280
Australia,2021,AUS,25956417,1296705194119,1589.323,61230.445,1.226,267.450,267.450,1383.953,87.717,193.787,12.283,77.270,31.190,26.800,15.940,0.000,137.400,47.630,5.150,605.910,162.050,12.283,77.270
Australia,2022,AUS,26200987,1344251444393,1660.790,63386.535,1.235,272.920,272.920,1429.625,86.753,218.301,13.247,87.440,37.540,30.050,16.660,0.000,129.210,50.820,5.450,577.860,157.710,13.247,87.440
Australia,2023,AUS,26451126,,1657.377,62658.078,,273.110,273.110,1407.307,85.677,235.274,14.323,95.070,44.990,31.870,15.080,0.000,125.610,46.670,5.760,556.700,152.040,14.323,95.070
Australia,2024,AUS,26713206,,1672.114,62595.039,,281.640,281.640,1413.397,85.267,244.220,14.733,98.790,50.210,32.740,12.850,0.000,127.330,49.100,6.420,553.830,155.980,14.733,98.790
Australia,2025,AUS,26974024,,,,,286.340,286.340,,,,,110.580,56.090,39.230,12.220,,122.350,47.050,6.360,525.180,150.380,,110.580
Austria,2020,AUT,8921402,363281092036,400.144,44852.156,1.101,69.030,71.230,247.334,63.120,144.513,36.880,55.420,2.040,6.790,42.000,0.000,0.560,9.950,3.100,133.280,9.200,36.880,55.420
Austria,2021,AUT,8967053,379835198584,406.335,45314.195,1.070,66.670,74.210,260.531,65.362,138.067,34.638,52.750,2.780,6.740,38.750,0.000,0.000,10.620,3.300,135.290,9.020,34.638,52.750
Austria,2022,AUT,9064678,398815419150,381.823,42122.105,0.957,64.470,73.170,243.020,64.866,131.630,35.134,50.410,3.790,7.240,34.630,0.000,0.000,10.850,3.210,140.840,9.080,35.134,50.410
Austria,2023,AUT,9130434,,393.960,43148.035,,70.980,70.910,230.862,59.978,154.050,40.022,60.160,6.890,8.040,40.670,0.000,0.000,7.500,3.320,111.720,7.930,40.022,60.160
Austria,2024,AUT,9120815,,412.337,45208.309,,78.470,71.690,228.060,56.653,174.499,43.347,67.660,8.140,9.140,45.710,0.000,0.000,7.540,3.270,103.480,8.120,43.347,67.660
Austria,2025,AUT,9113578,,,,,73.220,75.840,,,,,61.210,10.310,8.310,37.930,0.000,0.000,8.740,3.270,116.910,8.560,,61.210
Azerbaijan,2020,AZE,10181736,158697520949,184.929,18162.768,1.165,25.750,24.740,181.424,98.210,3.308,1.790,1.320,0.050,0.100,1.070,0.000,0.000,24.380,0.050,680.000,17.510,1.790,1.320
Azerbaijan,2021,AZE,10234372,167584576527,197.549,19302.547,1.179,27.790,26.270,193.515,98.070,3.809,1.930,1.520,0.050,0.090,1.280,0.000,0.000,25.640,0.630,676.140,18.790,1.930,1.520
Azerbaijan,2022,AZE,10295307,175370552026,210.286,20425.451,1.199,28.940,26.080,205.422,97.812,4.596,2.188,1.840,0.060,0.080,1.600,0.000,0.000,27.010,0.090,671.390,19.430,2.188,1.840
Azerbaijan,2023,AZE,10318209,,217.433,21072.756,,29.090,26.060,212.143,97.706,4.981,2.294,1.900,0.070,0.080,1.640,0.000,0.000,27.080,0.110,669.990,19.490,2.294,1.900
Azerbaijan,2024,AZE,10336577,,208.152,20137.387,,27.840,26.610,198.685,95.697,8.934,4.303,3.270,0.080,0.090,3.000,0.000,0.000,24.500,0.070,634.340,17.660,4.303,3.270
Azerbaijan,2025,AZE,10397712,,,,,28.090,27.170,,,,,3.410,0.000,0.090,3.220,0.000,0.000,24.610,0.070,631.900,17.750,,3.410
Bahamas,2020,BHS,395874,,10.480,26472.564,,2.030,2.030,,,,,0.010,0.010,0.000,0.000,0.000,0.000,0.000,2.020,655.170,1.330,,0.010
Bahamas,2021,BHS,396381,,13.324,33613.324,,2.040,2.040,,,,,0.010,0.010,0.000,0.000,0.000,0.000,0.000,2.030,656.860,1.340,,0.010
Bahamas,2022,BHS,397542,,12.397,31185.008,,2.050,2.050,,,,,0.020,0.020,0.000,0.000,0.000,0.000,0.000,2.030,653.660,1.340,,0.020
Bahamas,2023,BHS,399452,,12.223,30598.396,,2.210,2.210,,,,,0.020,0.020,0.000,0.000,0.000,0.000,0.000,2.190,651.580,1.440,,0.020
Bahamas,2024,BHS,401282,,,,,2.250,2.250,,,,,0.020,0.020,0.000,0.000,0.000,0.000,0.000,2.230,653.330,1.470,,0.020
Bahrain,2020,BHR,1483081,54937336615,225.549,152081.188,4.106,33.380,33.160,,,,,0.020,0.020,0.000,0.000,0.000,0.000,33.360,0.000,904.130,30.180,,0.020
Bahrain,2021,BHR,1501762,56404169544,234.819,156362.641,4.163,33.910,33.930,,,,,0.040,0.040,0.000,0.000,0.000,0.000,33.870,0.000,903.570,30.640,,0.040
Bahrain,2022,BHR,1533460,58769760175,248.088,161782.953,4.221,35.680,35.710,,,,,0.080,0.080,0.000,0.000,0.000,0.000,35.600,0.000,902.750,32.210,,0.080
Bahrain,2023,BHR,1569674,,258.890,164932.516,,37.470,37.950,,,,,0.090,0.090,0.000,0.000,0.000,0.000,37.380,0.000,902.590,33.820,,0.090
Bahrain,2024,BHR,1607059,,,,,37.950,38.440,,,,,0.100,0.100,0.000,0.000,0.000,0.000,37.850,0.000,902.240,34.240,,0.100
Bangladesh,2020,BGD,166298024,754358367084,457.447,2750.767,0.606,85.460,92.130,454.276,99.347,2.985,0.653,1.250,0.460,0.010,0.780,0.000,3.150,70.880,10.180,678.910,58.020,0.653,1.250
Bangladesh,2021,BGD,167658855,807308397444,492.470,2937.336,0.610,95.650,103.750,488.968,99.329,3.301,0.671,1.350,0.610,0.010,0.730,0.000,5.300,69.810,19.190,679.040,64.950,0.671,1.350
Bangladesh,2022,BGD,169384891,858143907016,512.174,3023.729,0.597,102.250,109.960,508.413,99.307,3.546,0.693,1.590,0.870,0.010,0.710,0.000,5.660,69.190,25.810,676.480,69.170,0.693,1.590
Bangladesh,2023,BGD,171466986,,506.659,2954.849,,100.730,111.160,502.400,99.210,4.001,0.790,1.720,1.070,0.000,0.650,0.000,10.690,66.430,21.890,682.720,68.770,0.790,1.720
Bangladesh,2024,BGD,173562366,,529.073,3048.313,,101.740,111.740,522.928,98.905,5.791,1.095,1.920,1.220,0.000,0.700,0.000,20.290,67.030,12.500,695.700,70.780,1.095,1.920
Bangladesh,2025,BGD,175686904,,,,,103.400,118.060,,,,,2.210,1.560,0.000,0.650,0.000,22.240,66.480,12.470,696.130,71.980,,2.210
Barbados,2020,BRB,281706,3085224475,5.635,20003.318,1.826,1.060,1.060,,,,,0.070,0.070,0.000,0.000,0.000,0.000,0.020,0.970,613.210,0.650,,0.070
Barbados,2021,BRB,282157,3061072053,5.390,19102.555,1.761,1.060,1.060,,,,,0.080,0.080,0.000,0.000,0.000,0.000,0.020,0.960,603.770,0.640,,0.080
Barbados,2022,BRB,282324,3408005977,5.607,19859.146,1.645,1.090,1.090,,,,,0.080,0.080,0.000,0.000,0.000,0.000,0.030,0.980,605.510,0.660,,0.080
Barbados,2023,BRB,282347,,5.651,20013.902,,1.100,1.100,,,,,0.090,0.090,0.000,0.000,0.000,0.000,0.030,0.980,600.000,0.660,,0.090
Barbados,2024,BRB,282476,,,,,1.110,1.110,,,,,0.100,0.100,0.000,0.000,0.000,0.000,0.030,0.980,594.600,0.660,,0.100
Belarus,2020,BLR,9350943,180420997693,286.544,30643.369,1.588,38.540,38.040,282.854,98.765,2.702,0.943,1.350,0.180,0.190,0.390,0.340,0.030,34.690,2.130,498.700,19.220,1.235,1.690
Belarus,2021,BLR,9251368,184521985376,312.725,33803.074,1.695,41.250,40.950,294.609,94.335,3.455,1.106,1.270,0.180,0.170,0.370,5.780,0.030,32.190,1.980,433.210,17.870,5.665,7.050
Belarus,2022,BLR,9173240,175773799265,303.514,33086.910,1.727,37.180,36.480,288.166,95.055,3.479,1.147,1.260,0.210,0.180,0.370,4.680,0.030,29.400,1.810,439.220,16.330,4.945,5.940
Belarus,2023,BLR,9115679,,303.532,33297.785,,41.740,41.430,271.037,89.519,3.110,1.027,1.340,0.230,0.190,0.390,11.730,0.020,26.990,1.660,359.850,15.020,10.481,13.070
Belarus,2024,BLR,9056696,,313.657,34632.566,,45.820,45.220,271.510,86.791,3.031,0.969,1.410,0.260,0.200,0.400,15.690,0.020,27.000,1.700,329.550,15.100,13.209,17.100
Belarus,2025,BLR,8997601,,,,,46.370,45.470,,,,,2.240,0.370,0.480,0.930,16.970,0.020,25.270,1.870,309.250,14.340,,19.210
Belgium,2020,BEL,11540102,447544069854,663.906,57530.324,1.483,88.290,87.960,505.008,76.640,68.902,10.457,23.450,5.110,12.810,0.270,34.430,0.000,26.780,3.630,166.610,14.710,23.360,57.880
Belgium,2021,BEL,11570843,474995824355,738.285,63805.598,1.554,99.400,91.520,541.398,73.882,67.433,9.202,22.750,5.620,12.000,0.420,50.330,0.000,22.520,3.800,131.790,13.100,26.118,73.080
Belgium,2022,BEL,11641814,489678394377,694.453,59651.605,1.418,94.330,86.800,509.489,73.922,71.928,10.436,24.430,6.880,12.350,0.270,43.880,0.000,21.950,4.070,139.400,13.150,26.078,68.310
Belgium,2023,BEL,11712891,,650.558,55542.023,,82.130,83.770,486.130,75.395,78.337,12.149,27.460,7.830,15.440,0.400,32.930,0.000,18.300,3.440,134.670,11.060,24.605,60.390
Belgium,2024,BEL,11738761,,644.116,54870.879,,76.010,86.350,489.870,76.640,73.214,11.454,26.780,8.560,14.060,0.550,31.250,0.000,14.170,3.810,126.960,9.650,23.360,58.030
Belgium,2025,BEL,11758601,,,,,72.890,86.560,,,,,28.380,10.450,13.720,0.440,24.110,0.000,15.700,4.700,149.820,10.920,,52.490
Belize,2020,BLZ,390819,,3.460,8852.267,,0.440,0.710,,,,,0.390,0.010,0.000,0.240,0.000,0.000,0.000,0.050,159.090,0.070,,0.390
Belize,2021,BLZ,395355,,3.594,9089.780,,0.360,0.640,,,,,0.310,0.010,0.000,0.160,0.000,0.000,0.000,0.050,166.670,0.060,,0.310
Belize,2022,BLZ,402741,,3.766,9349.882,,0.470,0.750,,,,,0.410,0.010,0.000,0.240,0.000,0.000,0.000,0.060,170.210,0.080,,0.410
Belize,2023,BLZ,411112,,3.705,9012.318,,0.450,0.730,,,,,0.400,0.010,0.000,0.240,0.000,0.000,0.000,0.050,155.560,0.070,,0.400
Belize,2024,BLZ,417077,,,,,0.470,0.850,,,,,0.410,0.010,0.000,0.240,0.000,0.000,0.000,0.060,170.210,0.080,,0.410
Benin,2020,BEN,13070169,29239039610,31.724,2427.168,1.085,0.990,1.630,,,,,0.010,0.010,0.000,0.000,0.000,0.000,0.750,0.230,595.960,0.590,,0.010
Benin,2021,BEN,13413423,31331235336,24.642,1837.102,0.786,1.130,1.820,,,,,0.020,0.020,0.000,0.000,0.000,0.000,0.890,0.220,584.070,0.660,,0.020
Benin,2022,BEN,13759507,33290362034,25.336,1841.329,0.761,0.990,1.820,,,,,0.020,0.020,0.000,0.000,0.000,0.000,0.730,0.240,595.960,0.590,,0.020
Benin,2023,BEN,14111035,,26.763,1896.627,,1.000,2.290,,,,,0.030,0.030,0.000,0.000,0.000,0.000,0.730,0.240,590.000,0.590,,0.030
Benin,2024,BEN,14462721,,,,,1.010,2.310,,,,,0.040,0.040,0.000,0.000,0.000,0.000,0.730,0.240,584.160,0.590,,0.040
Bermuda,2020,BMU,64404,,1.977,30691.555,,0.590,0.590,,,,,0.010,0.000,0.000,0.000,0.000,0.000,0.000,0.580,644.070,0.380,,0.010
Bermuda,2021,BMU,64672,,2.312,35751.664,,0.590,0.590,,,,,0.010,0.000,0.000,0.000,0.000,0.000,0.000,0.580,644.070,0.380,,0.010
Bermuda,2022,BMU,64772,,2.361,36450.684,,0.630,0.630,,,,,0.010,0.000,0.000,0.000,0.000,0.000,0.000,0.620,650.790,0.410,,0.010
Bermuda,2023,BMU,64721,,2.327,35958.020,,0.640,0.640,,,,,0.010,0.000,0.000,0.000,0.000,0.000,0.000,0.630,640.630,0.410,,0.010
Bermuda,2024,BMU,64660,,,,,0.610,0.610,,,,,0.010,0.000,0.000,0.000,0.000,0.000,0.000,0.600,639.340,0.390,,0.010
Bhutan,2020,BTN,770013,,9.085,11798.361,,11.370,6.190,,,,,11.370,0.000,0.000,11.370,0.000,0.000,0.000,0.000,23.750,0.270,,11.370
Bhutan,2021,BTN,775450,,14.648,18890.199,,10.820,11.650,,,,,10.820,0.000,0.000,10.820,0.000,0.000,0.000,0.000,24.030,0.260,,10.820
Bhutan,2022,BTN,780921,,15.737,20151.467,,10.770,11.600,,,,,10.770,0.000,0.000,10.770,0.000,0.000,0.000,0.000,24.140,0.260,,10.770
Bhutan,2023,BTN,786386,,14.769,18780.541,,11.160,11.990,,,,,11.160,0.000,0.000,11.160,0.000,0.000,0.000,0.000,24.190,0.270,,11.160
Bhutan,2024,BTN,791530,,,,,11.000,12.460,,,,,11.000,0.000,0.000,11.000,0.000,0.000,0.000,0.000,23.640,0.260,,11.000
Bolivia,2020,BOL,11816301,71382934039,79.121,6695.948,1.108,10.270,10.270,,,,,3.660,0.330,0.060,2.940,0.000,0.000,6.330,0.280,483.930,4.970,,3.660
Bolivia,2021,BOL,11937369,75741579784,94.739,7936.341,1.251,10.870,10.870,,,,,4.180,0.350,0.130,3.240,0.000,0.000,6.450,0.240,467.340,5.080,,4.180
Bolivia,2022,BOL,12077156,78165311428,103.315,8554.576,1.322,11.670,11.670,,,,,4.170,0.350,0.440,2.850,0.000,0.000,7.270,0.230,485.860,5.670,,4.170
Bolivia,2023,BOL,12244161,,105.283,8598.646,,12.550,12.550,,,,,4.180,0.350,0.440,2.970,0.000,0.000,8.180,0.190,501.200,6.290,,4.180
Bolivia,2024,BOL,12413318,,,,,13.530,13.530,,,,,4.600,0.400,0.480,3.300,0.000,0.000,8.730,0.200,495.200,6.700,,4.600
Bolivia,2025,BOL,12581847,,,,,13.630,13.630,,,,,4.920,0.400,0.280,3.800,0.000,0.000,8.510,0.200,481.290,6.560,,4.920
Bosnia and Herzegovina,2020,BIH,3299352,42185625323,56.872,17237.430,1.348,16.790,16.790,,,,,4.900,0.050,0.260,4.580,0.000,11.850,0.000,0.040,711.140,11.940,,4.900
Bosnia and Herzegovina,2021,BIH,3244912,45303796505,65.182,20087.381,1.439,18.410,18.410,,,,,7.180,0.070,0.380,6.690,0.000,11.200,0.000,0.030,615.970,11.340,,7.180
Bosnia and Herzegovina,2022,BIH,3204802,47069138435,90.581,28264.172,1.924,16.350,16.350,,,,,5.240,0.110,0.390,4.710,0.000,11.050,0.010,0.050,683.180,11.170,,5.240
Bosnia and Herzegovina,2023,BIH,3185072,,85.156,26735.992,,17.180,17.180,,,,,7.400,0.250,0.360,6.750,0.000,9.700,0.010,0.070,576.250,9.900,,7.400
Bosnia and Herzegovina,2024,BIH,3164256,,,,,15.490,15.490,,,,,6.250,0.390,0.370,5.450,0.000,9.090,0.000,0.150,601.030,9.310,,6.250
Bosnia and Herzegovina,2025,BIH,3140098,,,,,14.440,14.440,,,,,6.290,0.590,0.370,5.290,0.000,8.000,0.000,0.150,570.640,8.240,,6.290
Botswana,2020,BWA,2365895,33010529929,21.985,9292.531,0.666,2.180,4.230,,,,,0.010,0.010,0.000,0.000,0.000,2.120,0.000,0.050,848.620,1.850,,0.010
Botswana,2021,BWA,2401448,36918974292,23.198,9660.034,0.628,2.490,4.150,,,,,0.010,0.010,0.000,0.000,0.000,2.390,0.000,0.090,847.390,2.110,,0.010
Botswana,2022,BWA,2439895,39293967463,29.284,12002.065,0.745,2.560,4.360,,,,,0.010,0.010,0.000,0.000,0.000,2.450,0.000,0.100,847.660,2.170,,0.010
Botswana,2023,BWA,2480242,,23.583,9508.218,,3.230,4.740,,,,,0.010,0.010,0.000,0.000,0.000,3.190,0.000,0.030,854.490,2.760,,0.010
Botswana,2024,BWA,2521145,,,,,3.430,4.670,,,,,0.010,0.010,0.000,0.000,0.000,3.370,0.000,0.050,851.310,2.920,,0.010
Brazil,2020,BRA,208660845,2950377451264,3422.429,16401.875,1.160,628.760,653.480,1734.183,51.847,1575.936,47.116,522.920,10.750,57.050,396.380,14.050,17.750,59.480,14.560,133.360,83.850,48.153,536.970
Brazil,2021,BRA,209550291,3097565215045,3581.199,17089.926,1.156,656.400,679.500,1939.336,55.294,1531.760,43.673,507.870,16.750,72.290,362.820,14.700,24.240,86.960,22.630,168.070,110.320,44.706,522.570
Brazil,2022,BRA,210306411,3187412907763,3731.718,17744.193,1.171,677.160,690.070,1872.792,51.359,1737.903,47.660,593.890,30.130,81.630,427.110,14.560,14.400,42.110,12.200,103.390,70.010,48.641,608.450
Brazil,2023,BRA,211140731,,3853.746,18252.027,,708.120,723.230,1883.230,50.109,1839.673,48.950,630.190,50.630,95.800,426.000,14.500,13.310,38.590,11.530,96.260,68.160,49.891,644.690
Brazil,2024,BRA,211998565,,3919.054,18486.229,,745.720,757.310,1889.178,49.378,1898.276,49.616,651.260,71.320,108.490,413.210,15.780,16.210,48.760,13.710,106.060,79.090,50.622,667.040
Brazil,2025,BRA,212812397,,,,,750.530,762.120,,,,,649.970,88.640,117.580,388.630,15.870,17.190,54.850,12.650,109.950,82.520,,665.840
British Virgin Islands,2020,VGB,37161,,0.750,20171.900,,0.160,0.160,,,,,0.000,0.000,0.000,0.000,0.000,0.000,0.000,0.160,687.500,0.110,,0.000
British Virgin Islands,2021,VGB,37833,,0.765,20222.768,,0.170,0.170,,,,,0.000,0.000,0.000,0.000,0.000,0.000,0.000,0.170,647.060,0.110,,0.000
British Virgin Islands,2022,VGB,38346,,0.777,20253.197,,0.170,0.170,,,,,0.000,0.000,0.000,0.000,0.000,0.000,0.000,0.170,647.060,0.110,,0.000
British Virgin Islands,2023,VGB,39009,,0.765,19622.957,,0.170,0.170,,,,,0.000,0.000,0.000,0.000,0.000,0.000,0.000,0.170,647.060,0.110,,0.000
Brunei,2020,BRN,447411,,58.551,130865.547,,5.740,5.740,,,,,0.000,0.000,0.000,0.000,0.000,1.230,4.470,0.040,895.470,5.140,,0.000
Brunei,2021,BRN,451722,,55.573,123024.211,,5.700,5.700,,,,,0.000,0.000,0.000,0.000,0.000,1.240,4.420,0.040,894.740,5.100,,0.000
Brunei,2022,BRN,455374,,53.584,117670.914,,5.600,5.600,,,,,0.000,0.000,0.000,0.000,0.000,1.210,4.340,0.050,892.860,5.000,,0.000
Brunei,2023,BRN,458959,,54.254,118211.914,,5.600,5.600,,,,,0.000,0.000,0.000,0.000,0.000,1.140,4.420,0.040,894.640,5.010,,0.000
Brunei,2024,BRN,462734,,,,,5.560,5.560,,,,,0.010,0.010,0.000,0.000,0.000,1.100,4.400,0.050,892.090,4.960,,0.010
Bulgaria,2020,BGR,6933656,124392792956,195.374,28177.615,1.571,40.140,36.730,130.932,67.664,21.521,11.122,7.470,1.470,1.480,2.820,16.630,13.510,2.290,0.240,383.910,15.410,32.336,24.100
Bulgaria,2021,BGR,6877222,133889804025,221.882,32263.266,1.657,47.220,38.440,150.050,68.288,29.074,13.231,10.310,1.470,1.430,4.820,16.490,17.090,3.050,0.280,415.290,19.610,31.712,26.800
Bulgaria,2022,BGR,6825862,138390156500,229.390,33606.043,1.658,50.280,38.090,159.598,70.186,27.346,12.026,9.630,2.090,1.500,3.800,16.460,21.790,2.050,0.350,476.330,23.950,29.814,26.090
Bulgaria,2023,BGR,6795805,,197.128,29007.344,,40.080,36.750,127.576,65.479,27.838,14.288,10.050,3.520,1.580,3.080,16.160,11.730,1.940,0.200,338.320,13.560,34.521,26.210
Bulgaria,2024,BGR,6757686,,191.794,28381.641,,38.300,37.310,119.965,63.296,31.130,16.425,11.460,5.490,1.460,2.790,15.780,8.760,2.040,0.260,278.850,10.680,36.704,27.240
Bulgaria,2025,BGR,6714556,,,,,37.960,36.530,,,,,12.450,6.890,1.320,2.530,14.850,8.550,1.850,0.260,275.550,10.460,,27.300
Burkina Faso,2020,BFA,21478691,34067429050,20.109,936.216,0.590,1.590,3.020,,,,,0.300,0.090,0.000,0.110,0.000,0.000,0.000,1.290,547.170,0.870,,0.300
Burkina Faso,2021,BFA,21995249,36419784717,22.951,1043.450,0.630,1.710,3.230,,,,,0.310,0.090,0.000,0.130,0.000,0.000,0.000,1.400,549.710,0.940,,0.310
Burkina Faso,2022,BFA,22509038,37320442404,22.776,1011.840,0.610,1.690,3.180,,,,,0.260,0.090,0.000,0.080,0.000,0.000,0.000,1.430,568.050,0.960,,0.260
Burkina Faso,2023,BFA,23025777,,23.492,1020.263,,1.690,3.270,,,,,0.270,0.090,0.000,0.090,0.000,0.000,0.000,1.420,562.130,0.950,,0.270
Burkina Faso,2024,BFA,23548782,,,,,1.690,3.190,,,,,0.290,0.110,0.000,0.090,0.000,0.000,0.000,1.400,562.130,0.950,,0.290
Burundi,2020,BDI,12617041,8635657446,3.604,285.653,0.417,0.370,0.460,,,,,0.280,0.000,0.000,0.270,0.000,0.000,0.000,0.090,189.190,0.070,,0.280
Burundi,2021,BDI,12965487,8956206318,3.534,272.584,0.395,0.390,0.490,,,,,0.270,0.000,0.000,0.260,0.000,0.000,0.000,0.120,230.770,0.090,,0.270
Burundi,2022,BDI,13321102,9177077459,3.641,273.355,0.397,0.390,0.490,,,,,0.270,0.000,0.000,0.260,0.000,0.000,0.000,0.120,230.770,0.090,,0.270
Burundi,2023,BDI,13689455,,3.794,277.141,,0.500,0.600,,,,,0.380,0.000,0.000,0.370,0.000,0.000,0.000,0.120,180.000,0.090,,0.380
Burundi,2024,BDI,14047788,,,,,0.490,0.570,,,,,0.370,0.000,0.000,0.360,0.000,0.000,0.000,0.120,183.670,0.090,,0.370
Cambodia,2020,KHM,16725484,60205930987,60.600,3623.188,1.007,7.520,11.340,,,,,4.150,0.290,,3.860,,2.920,,0.450,385.640,2.900,,4.150
Cambodia,2021,KHM,16974309,62027758832,64.146,3779.001,1.034,9.710,13.100,,,,,5.700,0.610,,5.040,,3.460,,0.550,356.330,3.460,,5.700
Cambodia,2022,KHM,17201721,65136593996,65.825,3826.666,1.011,10.100,14.900,,,,,6.610,0.700,,5.900,,3.140,,0.350,300.000,3.030,,6.610
Cambodia,2023,KHM,17423884,,79.988,4590.688,,13.600,16.970,,,,,5.730,0.820,,4.840,,7.820,,0.050,491.180,6.680,,5.730
Cambodia,2024,KHM,17638804,,,,,15.480,20.000,,,,,5.520,1.070,,4.370,,9.430,,0.530,538.760,8.340,,5.520
Cambodia,2025,KHM,17847981,,,,,17.760,22.390,,,,,7.260,1.890,,5.310,,10.050,,0.450,498.870,8.860,,7.260
Cameroon,2020,CMR,26210566,77203536828,37.808,1442.474,0.490,8.800,8.860,,,,,5.290,0.020,0.000,5.230,0.000,0.000,2.680,0.830,320.460,2.820,,5.290
Cameroon,2021,CMR,26915765,80020685294,36.061,1339.790,0.451,8.410,8.410,,,,,5.290,0.020,0.000,5.230,0.000,0.000,2.290,0.830,298.450,2.510,,5.290
Cameroon,2022,CMR,27632770,82727797383,36.478,1320.112,0.441,8.150,8.150,,,,,5.290,0.020,0.000,5.230,0.000,0.000,1.990,0.870,280.980,2.290,,5.290
Cameroon,2023,CMR,28372690,,35.518,1251.839,,7.220,7.280,,,,,5.290,0.020,0.000,5.230,0.000,0.000,1.590,0.340,224.380,1.620,,5.290
Cameroon,2024,CMR,29123748,,,,,7.260,7.320,,,,,5.310,0.040,0.000,5.230,0.000,0.000,1.600,0.350,225.900,1.640,,5.310
Canada,2020,CAN,38171903,1622144486274,3834.944,100465.109,2.364,655.890,598.250,2413.230,64.143,1108.259,29.457,436.790,4.070,35.760,386.550,97.510,39.040,75.590,6.960,161.690,106.050,35.857,534.300
Canada,2021,CAN,38454058,1703443269914,3861.980,100431.008,2.267,652.400,605.110,2461.184,64.911,1103.852,29.113,435.390,5.110,37.300,382.430,91.980,34.830,83.600,6.600,165.370,107.890,35.089,527.370
Canada,2022,CAN,38821259,1761295624423,3964.521,102122.422,2.251,664.080,612.970,2532.191,65.036,1148.453,29.497,452.470,5.740,39.480,397.730,86.630,26.490,90.440,8.050,160.600,106.650,34.964,539.100
Canada,2023,CAN,39299098,,3887.860,98930.016,,641.390,613.630,2538.329,66.492,1063.464,27.858,419.450,8.400,40.510,360.740,88.430,23.740,102.880,6.890,174.370,111.840,33.508,507.880
Canada,2024,CAN,39742429,,3886.195,97784.539,,636.790,624.360,2575.696,67.389,1037.954,27.157,409.280,9.420,46.830,343.200,85.470,25.140,109.600,7.300,185.350,118.030,32.611,494.750
Canada,2025,CAN,40126728,,,,,652.440,645.640,,,,,416.910,10.170,51.480,344.740,85.320,26.680,115.900,7.630,190.720,124.430,,502.230
Cape Verde,2020,CPV,514683,3381126423,2.689,5224.511,0.795,0.420,0.420,,,,,0.070,0.010,0.060,0.000,0.000,0.000,0.000,0.350,547.620,0.230,,0.070
Cape Verde,2021,CPV,516655,3611420923,2.803,5425.338,0.776,0.430,0.430,,,,,0.080,0.010,0.070,0.000,0.000,0.000,0.000,0.350,534.880,0.230,,0.080
Cape Verde,2022,CPV,519750,4251154554,2.984,5740.389,0.702,0.500,0.500,,,,,0.140,0.070,0.070,0.000,0.000,0.000,0.000,0.360,480.000,0.240,,0.140
Cape Verde,2023,CPV,522335,,3.061,5861.125,,0.500,0.500,,,,,0.140,0.070,0.070,0.000,0.000,0.000,0.000,0.360,480.000,0.240,,0.140
Cape Verde,2024,CPV,524878,,,,,0.520,0.520,,,,,0.160,0.080,0.080,0.000,0.000,0.000,0.000,0.360,461.540,0.240,,0.160
Cayman Islands,2020,CYM,68703,,2.931,42662.512,,0.690,0.690,,,,,0.020,0.020,0.000,0.000,0.000,0.000,0.000,0.670,637.680,0.440,,0.020
Cayman Islands,2021,CYM,70126,,2.824,40276.633,,0.700,0.700,,,,,0.020,0.020,0.000,0.000,0.000,0.000,0.000,0.680,642.860,0.450,,0.020
Cayman Islands,2022,CYM,71610,,3.112,43462.996,,0.700,0.700,,,,,0.020,0.020,0.000,0.000,0.000,0.000,0.000,0.680,642.860,0.450,,0.020
Cayman Islands,2023,CYM,73055,,3.064,41943.160,,0.700,0.700,,,,,0.020,0.020,0.000,0.000,0.000,0.000,0.000,0.680,642.860,0.450,,0.020
Cayman Islands,2024,CYM,74476,,,,,0.710,0.710,,,,,0.030,0.030,0.000,0.000,0.000,0.000,0.000,0.680,633.800,0.450,,0.030
Central African Republic,2020,CAF,5026629,3698072848,1.401,278.651,0.379,0.150,0.150,,,,,0.150,0.000,0.000,0.150,0.000,0.000,0.000,0.000,0.000,0.000,,0.150
Central African Republic,2021,CAF,5112103,3734422040,1.426,278.974,0.382,0.150,0.150,,,,,0.150,0.000,0.000,0.150,0.000,0.000,0.000,0.000,0.000,0.000,,0.150
Central African Republic,2022,CAF,5098038,3752056621,1.404,275.471,0.374,0.140,0.140,,,,,0.140,0.000,0.000,0.140,0.000,0.000,0.000,0.000,0.000,0.000,,0.140
Central African Republic,2023,CAF,5152415,,1.441,279.590,,0.140,0.140,,,,,0.140,0.000,0.000,0.140,0.000,0.000,0.000,0.000,0.000,0.000,,0.140
Chad,2020,TCD,17224686,23793345004,7.401,429.683,0.311,0.350,0.350,,,,,0.020,0.000,0.010,0.000,0.000,0.000,0.000,0.330,628.570,0.220,,0.020
Chad,2021,TCD,17828274,23531147275,8.247,462.586,0.350,0.430,0.430,,,,,0.020,0.000,0.010,0.000,0.000,0.000,0.000,0.410,627.910,0.270,,0.020
Chad,2022,TCD,18455319,24118013870,8.269,448.069,0.343,0.390,0.390,,,,,0.020,0.000,0.010,0.000,0.000,0.000,0.000,0.370,615.390,0.240,,0.020
Chad,2023,TCD,19319075,,8.502,440.093,,0.360,0.360,,,,,0.020,0.000,0.010,0.000,0.000,0.000,0.000,0.340,611.110,0.220,,0.020
Chad,2024,TCD,20299131,,,,,0.370,0.370,,,,,0.020,0.000,0.010,0.000,0.000,0.000,0.000,0.350,621.620,0.230,,0.020
Chile,2020,CHL,19370621,391686945225,442.478,22842.719,1.130,83.580,83.580,328.056,75.126,108.616,24.874,40.490,7.530,5.550,21.930,0.000,26.070,15.290,1.730,436.830,36.510,24.874,40.490
Chile,2021,CHL,19456323,437659188270,476.857,24509.102,1.090,88.100,88.100,360.715,76.579,110.322,23.421,43.070,10.560,7.620,18.960,0.000,26.070,15.900,3.060,430.990,37.970,23.421,43.070
Chile,2022,CHL,19553033,448338105532,503.505,25750.754,1.123,91.040,91.040,367.138,73.921,129.526,26.079,50.370,15.710,8.880,20.680,0.000,21.520,16.090,3.060,372.800,33.940,26.079,50.370
Chile,2023,CHL,19658833,,497.494,25306.361,,89.230,89.230,340.721,69.653,148.448,30.347,56.340,17.940,9.460,23.300,0.000,14.500,16.760,1.630,303.820,27.110,30.347,56.340
Chile,2024,CHL,19764774,,518.732,26245.264,,88.620,88.620,345.390,67.746,164.444,32.254,62.070,20.190,10.430,26.000,0.000,13.560,12.670,0.320,259.870,23.030,32.254,62.070
Chile,2025,CHL,19859919,,,,,88.500,88.500,,,,,58.740,22.180,11.580,19.680,0.000,15.720,13.540,0.500,289.490,25.620,,58.740
China,2020,CHN,1426106093,24151843898871,41493.891,29095.936,1.718,7779.070,7762.030,34728.391,84.407,5511.566,13.396,2185.010,261.100,466.500,1321.710,366.200,4921.890,252.500,53.470,606.290,4716.400,15.593,2551.210
China,2021,CHN,1426437269,26180600167672,43847.180,30738.947,1.675,8534.260,8520.020,36292.250,83.496,6170.007,14.195,2448.800,327.000,655.800,1300.000,407.500,5333.800,287.100,57.060,599.050,5112.410,16.504,2856.300
China,2022,CHN,1425179562,26966016991166,44516.492,31235.707,1.651,8848.710,8835.760,36372.648,82.455,6712.969,15.218,2670.660,427.270,762.670,1298.120,417.780,5414.720,275.620,69.930,586.750,5191.990,17.545,3088.440
China,2023,CHN,1422584930,,47072.012,33089.070,,9456.450,9439.370,38320.816,82.220,7226.692,15.505,2894.220,584.150,885.870,1226.000,434.720,5752.740,297.800,76.970,583.040,5513.500,17.780,3328.940
China,2024,CHN,1419321284,,48987.102,34514.457,,10086.880,10069.880,38907.273,80.259,8470.082,17.472,3398.830,839.040,997.040,1354.250,450.850,5827.600,320.720,88.880,555.400,5602.240,19.741,3849.680
China,2025,CHN,1416096093,,,,,10583.360,10563.900,,,,,3920.470,1174.960,1135.440,1397.060,487.610,5751.560,334.170,89.550,525.340,5559.880,,4408.080
Colombia,2020,COL,50629997,622365414246,517.813,10227.390,0.832,77.750,78.800,371.599,72.889,138.213,27.111,50.790,0.190,0.010,48.440,0.000,9.120,15.190,2.650,271.250,21.090,27.111,50.790
Colombia,2021,COL,51188174,690925195330,565.815,11053.629,0.819,84.360,84.480,391.295,70.334,165.042,29.666,63.330,0.330,0.060,60.700,0.000,4.440,13.760,2.830,195.830,16.520,29.666,63.330
Colombia,2022,COL,51737944,742716953392,627.227,12123.150,0.845,82.860,83.290,442.123,71.616,175.228,28.384,61.610,0.630,0.070,58.730,0.000,5.010,13.490,2.750,202.150,16.750,28.384,61.610
Colombia,2023,COL,52321152,,615.308,11760.209,,86.580,86.580,439.586,72.602,165.887,27.398,58.000,1.350,0.220,54.220,0.000,9.200,16.190,3.190,258.370,22.370,27.398,58.000
Colombia,2024,COL,52886360,,615.888,11645.494,,89.140,89.140,448.701,73.907,158.414,26.093,54.680,3.430,0.150,48.880,0.000,11.210,19.790,3.460,298.300,26.590,26.093,54.680
Colombia,2025,COL,53425629,,,,,90.360,91.610,,,,,69.600,4.600,0.150,62.500,0.000,5.530,12.430,2.800,186.810,16.880,,69.600
Comoros,2020,COM,802172,1594579416,1.071,1334.557,0.671,0.130,0.130,,,,,0.000,0.000,0.000,0.000,0.000,0.000,0.000,0.130,692.310,0.090,,0.000
Comoros,2021,COM,818178,1639163875,1.609,1966.552,0.982,0.130,0.130,,,,,0.000,0.000,0.000,0.000,0.000,0.000,0.000,0.130,692.310,0.090,,0.000
Comoros,2022,COM,834191,1682076951,1.725,2068.179,1.026,0.140,0.140,,,,,0.000,0.000,0.000,0.000,0.000,0.000,0.000,0.140,642.860,0.090,,0.000
Comoros,2023,COM,850390,,1.779,2092.154,,0.140,0.140,,,,,0.000,0.000,0.000,0.000,0.000,0.000,0.000,0.140,642.860,0.090,,0.000
Congo,2020,COG,5752792,22696964187,11.937,2075.075,0.526,4.010,4.010,,,,,1.080,0.000,0.000,1.050,0.000,0.000,2.740,0.190,663.340,2.660,,1.080
Congo,2021,COG,5892187,23037421913,12.249,2078.873,0.532,4.110,4.110,,,,,1.080,0.000,0.000,1.050,0.000,0.000,2.830,0.200,669.100,2.750,,1.080
Congo,2022,COG,6035104,23679011891,13.053,2162.773,0.551,4.950,4.950,,,,,1.080,0.000,0.000,1.050,0.000,0.000,3.600,0.270,707.070,3.500,,1.080
Congo,2023,COG,6182890,,13.320,2154.287,,5.360,5.310,,,,,1.260,0.010,0.000,1.220,0.000,0.000,3.810,0.290,692.160,3.710,,1.260
Congo,2024,COG,6332969,,,,,5.460,5.380,,,,,1.140,0.010,0.000,1.100,0.000,0.000,4.030,0.290,716.120,3.910,,1.140
Cook Islands,2020,COK,15664,,0.329,21013.738,,0.040,0.040,,,,,0.010,0.010,0.000,0.000,0.000,0.000,0.000,0.030,500.000,0.020,,0.010
Cook Islands,2021,COK,15205,,0.347,22827.029,,0.040,0.040,,,,,0.020,0.020,0.000,0.000,0.000,0.000,0.000,0.020,250.000,0.010,,0.020
Cook Islands,2022,COK,14747,,0.414,28099.070,,0.040,0.040,,,,,0.020,0.020,0.000,0.000,0.000,0.000,0.000,0.020,250.000,0.010,,0.020
Cook Islands,2023,COK,14244,,0.438,30723.822,,0.040,0.040,,,,,0.020,0.020,0.000,0.000,0.000,0.000,0.000,0.020,250.000,0.010,,0.020
Cook Islands,2024,COK,13750,,,,,0.040,0.040,,,,,0.020,0.020,0.000,0.000,0.000,0.000,0.000,0.020,250.000,0.010,,0.020
Costa Rica,2020,CRI,5034323,71455765338,40.529,8050.522,0.567,11.720,11.210,,,,,11.700,0.070,1.460,8.290,0.000,0.000,0.000,0.020,27.300,0.320,,11.700
Costa Rica,2021,CRI,5059991,77015741091,45.219,8936.604,0.587,12.730,11.730,,,,,12.730,0.080,1.570,9.290,0.000,0.000,0.000,0.000,25.920,0.330,,12.730
Costa Rica,2022,CRI,5081764,80345898158,46.423,9135.139,0.578,12.440,11.720,,,,,12.440,0.080,1.370,9.450,0.000,0.000,0.000,0.000,24.120,0.300,,12.440
Costa Rica,2023,CRI,5105526,,45.973,9004.632,,11.720,12.070,,,,,11.710,0.090,1.490,8.540,0.000,0.000,0.000,0.010,24.740,0.290,,11.710
Costa Rica,2024,CRI,5129909,,,,,11.000,11.220,,,,,10.990,0.090,1.240,8.000,0.000,0.000,0.000,0.010,25.460,0.280,,10.990
Costa Rica,2025,CRI,5152949,,,,,12.810,12.450,,,,,12.810,0.090,1.550,9.580,0.000,0.000,0.000,0.000,24.200,0.310,,12.810
Cote d'Ivoire,2020,CIV,28915452,106396657387,55.711,1926.697,0.524,11.260,10.140,,,,,3.440,0.020,0.000,3.350,0.000,0.000,7.800,0.020,396.090,4.460,,3.440
Cote d'Ivoire,2021,CIV,29639737,113844428305,66.238,2234.778,0.582,11.350,10.800,,,,,2.710,0.020,0.000,2.610,0.000,0.000,8.620,0.020,431.720,4.900,,2.710
Cote d'Ivoire,2022,CIV,30395004,121471995793,78.278,2575.372,0.644,12.610,11.850,,,,,3.450,0.020,0.000,3.350,0.000,0.000,9.140,0.020,413.160,5.210,,3.450
Cote d'Ivoire,2023,CIV,31165653,,77.540,2488.010,,10.980,10.270,,,,,3.310,0.020,0.000,3.200,0.000,0.000,7.650,0.020,398.910,4.380,,3.310
Cote d'Ivoire,2024,CIV,31934229,,,,,10.790,10.060,,,,,3.120,0.020,0.000,3.000,0.000,0.000,7.650,0.020,405.010,4.370,,3.120
Croatia,2020,HRV,3953956,85073361985,91.378,23110.643,1.074,13.230,17.870,67.616,74.967,22.578,25.033,8.550,0.100,1.720,5.660,0.000,1.220,3.440,0.020,226.760,3.000,25.033,8.550
Croatia,2021,HRV,3924607,96194363488,98.312,25050.172,1.022,15.110,19.070,69.077,71.317,27.782,28.683,10.530,0.150,2.060,7.130,0.000,1.460,3.100,0.020,210.460,3.180,28.683,10.530
Croatia,2022,HRV,3907031,102284645672,93.167,23846.066,0.911,14.100,18.790,68.931,74.947,23.042,25.053,8.950,0.150,2.140,5.460,0.000,1.560,3.510,0.080,244.680,3.450,25.053,8.950
Croatia,2023,HRV,3896023,,105.124,26982.510,,17.440,19.020,72.735,70.414,30.562,29.586,12.230,0.410,2.590,8.160,0.000,1.330,3.860,0.020,194.950,3.400,29.586,12.230
Croatia,2024,HRV,3875325,,103.144,26615.488,,15.290,19.650,73.337,72.222,28.207,27.778,11.230,0.820,2.680,6.730,0.000,0.800,3.250,0.010,170.700,2.610,27.778,11.230
Croatia,2025,HRV,3848164,,,,,14.700,20.050,,,,,11.210,1.290,3.150,5.770,0.000,0.730,2.760,0.000,158.500,2.330,,11.210
Cuba,2020,CUB,11176349,81663255167,84.143,7528.675,1.030,19.030,19.030,,,,,0.900,0.220,0.020,0.110,0.000,0.000,2.010,16.120,638.990,12.160,,0.900
Cuba,2021,CUB,11122169,82687389665,76.170,6848.439,0.921,17.830,17.830,,,,,0.790,0.220,0.020,0.120,0.000,0.000,1.580,15.460,638.810,11.390,,0.790
Cuba,2022,CUB,11059822,84154971449,85.878,7764.905,1.020,15.650,15.650,,,,,0.670,0.210,0.060,0.120,0.000,0.000,1.950,13.030,640.260,10.020,,0.670
Cuba,2023,CUB,11019932,,84.196,7640.304,,19.740,19.740,,,,,0.720,0.210,0.060,0.120,0.000,0.000,2.500,16.520,644.380,12.720,,0.720
Cuba,2024,CUB,10979781,,,,,19.430,19.430,,,,,0.780,0.240,0.070,0.120,0.000,0.000,2.650,16.000,642.820,12.490,,0.780
Curacao,2020,CUW,185029,,,,,,,,,,,,,,,,,,,,,,
Curacao,2021,CUW,185324,,,,,,,,,,,,,,,,,,,,,,
Curacao,2022,CUW,185350,,,,,,,,,,,,,,,,,,,,,,
Curacao,2023,CUW,185437,,,,,,,,,,,,,,,,,,,,,,
Curacao,2024,CUW,185482,,,,,,,,,,,,,,,,,,,,,,
Cyprus,2020,CYP,1302250,30409793367,28.281,21717.270,0.930,4.850,4.850,26.392,93.612,1.801,6.388,0.600,0.300,0.240,0.000,0.000,0.000,0.000,4.250,581.440,2.820,6.388,0.600
Cyprus,2021,CYP,1317311,32428676744,29.842,22653.711,0.920,5.120,5.120,27.532,92.612,2.196,7.388,0.780,0.470,0.250,0.000,0.000,0.000,0.000,4.340,564.450,2.890,7.388,0.780
Cyprus,2022,CYP,1331376,34255009922,31.674,23790.744,0.925,5.260,5.260,29.097,92.235,2.450,7.765,0.880,0.600,0.220,0.000,0.000,0.000,0.000,4.380,555.130,2.920,7.765,0.880
Cyprus,2023,CYP,1344981,,32.115,23877.699,,5.330,5.330,28.986,90.734,2.960,9.266,1.090,0.830,0.210,0.000,0.000,0.000,0.000,4.240,532.830,2.840,9.266,1.090
Cyprus,2024,CYP,1358287,,33.348,24551.195,,5.790,5.790,29.574,89.205,3.579,10.795,1.390,1.110,0.220,0.000,0.000,0.000,0.000,4.400,511.230,2.960,10.795,1.390
Cyprus,2025,CYP,1370754,,,,,5.910,5.910,,,,,1.640,1.370,0.210,0.000,0.000,0.000,0.000,4.270,489.000,2.890,,1.640
Czechia,2020,CZE,10550129,323245433506,442.568,41949.023,1.369,80.100,69.950,332.543,75.598,33.161,7.539,10.340,2.290,0.700,2.140,30.040,31.000,6.870,1.850,460.180,36.860,24.402,40.380
Czechia,2021,CZE,10530683,334729441747,466.406,44290.191,1.393,83.660,72.580,354.346,76.404,33.740,7.275,10.640,2.250,0.600,2.410,30.730,34.180,7.310,0.800,471.790,39.470,23.596,41.370
Czechia,2022,CZE,10673216,342966849621,448.738,42043.363,1.308,83.730,70.200,336.533,75.422,33.446,7.496,10.770,2.630,0.640,2.090,31.020,36.880,4.330,0.730,488.360,40.890,24.578,41.790
Czechia,2023,CZE,10809722,,411.242,38043.734,,75.800,66.620,299.903,73.449,34.241,8.386,11.140,2.890,0.700,2.360,30.410,29.940,3.680,0.630,442.610,33.550,26.551,41.550
Czechia,2024,CZE,10735857,,392.823,36589.773,,72.810,66.150,279.641,71.686,38.018,9.746,12.300,3.590,0.670,2.660,29.700,26.520,3.790,0.500,414.230,30.160,28.314,42.000
Czechia,2025,CZE,10609241,,,,,75.500,68.040,,,,,12.720,4.390,0.570,1.710,31.940,26.600,4.080,0.160,401.460,30.310,,44.660
Democratic Republic of Congo,2020,COD,95990000,80617953765,29.119,303.349,0.361,12.490,13.630,,,,,12.480,0.020,0.000,12.450,0.000,0.000,0.000,0.010,24.820,0.310,,12.480
Democratic Republic of Congo,2021,COD,99148930,85639643645,30.842,311.070,0.360,14.190,15.600,,,,,14.190,1.050,0.000,13.130,0.000,0.000,0.000,0.000,25.370,0.360,,14.190
Democratic Republic of Congo,2022,COD,102396974,91314988450,37.208,363.371,0.407,15.310,16.640,,,,,15.310,2.110,0.000,13.190,0.000,0.000,0.000,0.000,26.780,0.410,,15.310
Democratic Republic of Congo,2023,COD,105789733,,40.462,382.476,,15.630,17.070,,,,,15.630,2.200,0.000,13.420,0.000,0.000,0.000,0.000,26.870,0.420,,15.630
Democratic Republic of Congo,2024,COD,109276264,,,,,15.920,17.360,,,,,15.920,2.510,0.000,13.400,0.000,0.000,0.000,0.000,27.640,0.440,,15.920
Denmark,2020,DNK,5831529,275058379473,192.166,32952.969,0.699,28.580,35.460,123.478,65.328,65.536,34.672,23.450,1.180,16.330,0.020,0.000,3.060,1.180,0.890,188.940,5.400,34.672,23.450
Denmark,2021,DNK,5856774,288414406840,191.850,32756.869,0.665,32.920,37.790,115.401,61.190,73.192,38.810,26.100,1.310,16.050,0.020,0.000,4.370,1.540,0.910,222.970,7.340,38.810,26.100
Denmark,2022,DNK,5902901,299429011832,194.229,32903.926,0.649,35.160,36.520,112.822,59.208,77.729,40.792,28.430,2.380,19.020,0.010,0.000,4.430,1.020,1.280,203.640,7.160,40.792,28.430
Denmark,2023,DNK,5948134,,195.198,32816.660,,33.890,37.020,112.898,59.062,78.254,40.938,29.280,3.660,19.390,0.020,0.000,2.530,1.000,1.080,151.960,5.150,40.938,29.280
Denmark,2024,DNK,5977417,,196.253,32832.465,,35.060,38.770,112.017,58.278,80.195,41.722,31.270,3.780,20.410,0.020,0.000,1.750,0.910,1.130,131.770,4.620,41.722,31.270
Denmark,2025,DNK,6002515,,,,,33.300,40.670,,,,,30.360,4.450,19.210,0.020,0.000,0.890,0.810,1.240,114.410,3.810,,30.360
Djibouti,2020,DJI,1105193,3123694253,3.136,2837.718,1.004,0.130,0.630,,,,,0.000,0.000,0.000,0.000,0.000,0.000,0.000,0.130,692.310,0.090,,0.000
Djibouti,2021,DJI,1121251,3274020536,3.314,2955.828,1.012,0.200,0.710,,,,,0.070,0.000,0.070,0.000,0.000,0.000,0.000,0.130,450.000,0.090,,0.070
Djibouti,2022,DJI,1137101,3395681646,3.327,2925.735,0.980,0.200,0.710,,,,,0.070,0.000,0.070,0.000,0.000,0.000,0.000,0.130,450.000,0.090,,0.070
Djibouti,2023,DJI,1152951,,3.524,3056.166,,0.200,0.710,,,,,0.070,0.000,0.070,0.000,0.000,0.000,0.000,0.130,450.000,0.090,,0.070
Djibouti,2024,DJI,1168726,,,,,0.200,0.800,,,,,0.070,0.000,0.070,0.000,0.000,0.000,0.000,0.130,450.000,0.090,,0.070
Dominica,2020,DMA,67588,600082697,0.689,10187.698,1.147,0.140,0.140,,,,,0.020,0.000,0.000,0.020,0.000,0.000,0.000,0.120,571.430,0.080,,0.020
Dominica,2021,DMA,67222,637252112,0.698,10379.506,1.095,0.140,0.140,,,,,0.020,0.000,0.000,0.020,0.000,0.000,0.000,0.120,571.430,0.080,,0.020
Dominica,2022,DMA,66847,675098029,0.720,10770.691,1.066,0.150,0.150,,,,,0.020,0.000,0.000,0.020,0.000,0.000,0.000,0.130,600.000,0.090,,0.020
Dominica,2023,DMA,66531,,0.709,10662.959,,0.150,0.150,,,,,0.020,0.000,0.000,0.020,0.000,0.000,0.000,0.130,600.000,0.090,,0.020
Dominican Republic,2020,DOM,11008298,162255006875,101.954,9261.561,0.628,19.490,19.490,,,,,3.150,0.600,1.070,1.290,0.000,5.970,6.250,4.120,581.320,11.330,,3.150
Dominican Republic,2021,DOM,11123480,182166940060,119.291,10724.289,0.655,21.430,21.430,,,,,3.810,0.850,1.220,1.500,0.000,5.760,7.710,4.150,558.560,11.970,,3.810
Dominican Republic,2022,DOM,11230734,191182362267,132.517,11799.487,0.693,22.170,22.170,,,,,4.090,1.240,1.170,1.470,0.000,7.160,5.550,5.370,580.060,12.860,,4.090
Dominican Republic,2023,DOM,11331269,,130.608,11526.293,,24.560,24.560,,,,,4.240,1.360,1.200,1.470,0.000,7.720,7.300,5.300,579.400,14.230,,4.240
Dominican Republic,2024,DOM,11427558,,,,,24.030,24.030,,,,,4.530,1.550,1.300,1.470,0.000,7.200,7.000,5.300,567.620,13.640,,4.530
Dominican Republic,2025,DOM,11520483,,,,,22.680,22.680,,,,,5.400,2.250,1.420,1.530,0.000,6.590,6.070,4.620,537.480,12.190,,5.400
East Timor,2020,TLS,1326051,,2.601,1961.227,,0.500,0.500,,,,,0.000,0.000,0.000,0.000,0.000,0.000,0.000,0.500,660.000,0.330,,0.000
East Timor,2021,TLS,1350142,,2.547,1886.520,,0.510,0.510,,,,,0.000,0.000,0.000,0.000,0.000,0.000,0.000,0.510,666.670,0.340,,0.000
East Timor,2022,TLS,1369299,,2.626,1917.651,,0.510,0.510,,,,,0.000,0.000,0.000,0.000,0.000,0.000,0.000,0.510,666.670,0.340,,0.000
East Timor,2023,TLS,1384292,,2.769,2000.235,,0.510,0.510,,,,,0.000,0.000,0.000,0.000,0.000,0.000,0.000,0.510,666.670,0.340,,0.000
East Timor,2024,TLS,1400638,,,,,0.510,0.510,,,,,0.000,0.000,0.000,0.000,0.000,0.000,0.000,0.510,666.670,0.340,,0.000
Ecuador,2020,ECU,17546058,162965075602,182.862,10421.851,1.122,31.290,30.200,117.016,65.376,61.972,34.624,24.920,0.040,0.080,24.330,0.000,0.000,1.150,5.220,159.480,4.990,34.624,24.920
Ecuador,2021,ECU,17682454,169866634253,212.597,12023.042,1.252,32.120,31.960,143.872,68.962,64.753,31.038,26.080,0.040,0.060,25.570,0.000,0.000,1.130,4.910,149.130,4.790,31.038,26.080
Ecuador,2022,ECU,17823900,175028884708,222.718,12495.487,1.272,33.060,33.330,156.731,71.574,62.248,28.426,25.130,0.040,0.060,24.640,0.000,0.000,1.040,6.890,181.190,5.990,28.426,25.130
Ecuador,2023,ECU,17980079,,232.234,12916.207,,35.820,36.600,164.327,72.026,63.823,27.974,26.370,0.040,0.210,25.730,0.000,0.000,0.950,8.500,195.420,7.000,27.974,26.370
Ecuador,2024,ECU,18135478,,230.721,12722.083,,32.660,33.360,169.643,74.642,57.631,25.358,23.660,0.040,0.230,23.000,0.000,0.000,0.950,8.050,203.610,6.650,25.358,23.660
Ecuador,2025,ECU,18289898,,,,,36.600,36.640,,,,,29.060,0.040,0.190,28.510,0.000,0.000,0.980,6.560,159.020,5.820,,29.060
Egypt,2020,EGY,109315118,1307778142529,986.905,9028.072,0.755,198.600,197.180,924.493,94.032,58.677,5.968,23.760,4.450,5.230,14.080,0.000,0.000,166.860,7.980,569.080,113.020,5.968,23.760
Egypt,2021,EGY,110957005,1400985648780,1061.291,9564.884,0.758,209.660,208.190,994.929,94.092,62.466,5.908,25.360,4.970,5.490,14.900,0.000,0.000,179.450,4.850,568.060,119.100,5.908,25.360
Egypt,2022,EGY,112618252,1460427350416,1110.143,9857.579,0.760,216.720,215.150,1043.381,94.313,62.918,5.687,25.610,5.000,5.900,14.710,0.000,0.000,183.070,8.040,570.040,123.540,5.687,25.610
Egypt,2023,EGY,114535772,,1095.667,9566.154,,221.920,220.530,1028.197,94.196,63.349,5.804,25.970,4.930,5.990,15.050,0.000,0.000,179.370,16.580,571.290,126.780,5.804,25.970
Egypt,2024,EGY,116538256,,1125.860,9660.864,,237.390,235.990,1057.071,94.222,64.823,5.778,26.580,6.070,6.140,14.370,0.000,0.000,192.980,17.830,574.500,136.380,5.778,26.580
Egypt,2025,EGY,118365995,,,,,245.710,244.310,,,,,31.980,7.610,9.300,15.070,,0.000,195.650,18.080,563.230,138.390,,31.980
El Salvador,2020,SLV,6234679,51960808936,33.576,5385.433,0.646,6.430,7.070,,,,,5.450,0.990,0.010,2.070,,,,0.980,152.410,0.980,,5.450
El Salvador,2021,SLV,6255780,57771997522,39.181,6263.183,0.678,7.090,8.370,,,,,6.100,1.690,0.130,1.820,,,,0.990,143.870,1.020,,6.100
El Salvador,2022,SLV,6280316,59270934820,43.131,6867.604,0.728,6.630,7.250,,,,,6.020,1.240,0.140,2.240,,,,0.610,113.120,0.750,,6.020
El Salvador,2023,SLV,6309629,,45.158,7157.062,,5.980,5.590,,,,,5.250,1.200,0.170,1.490,,,,0.730,135.450,0.810,,5.250
El Salvador,2024,SLV,6338197,,,,,6.530,6.200,,,,,5.930,1.250,0.140,2.130,,,,0.600,113.320,0.740,,5.930
El Salvador,2025,SLV,6365506,,,,,6.460,6.270,,,,,5.590,1.310,0.200,1.960,,,,0.870,139.320,0.900,,5.590
Equatorial Guinea,2020,GNQ,1716479,19743252847,23.510,13696.714,1.191,1.410,1.410,,,,,0.490,0.000,0.000,0.490,0.000,0.000,0.910,0.010,574.470,0.810,,0.490
Equatorial Guinea,2021,GNQ,1758796,19556604569,26.958,15327.771,1.378,1.430,1.430,,,,,0.470,0.000,0.000,0.470,0.000,0.000,0.950,0.010,594.410,0.850,,0.470
Equatorial Guinea,2022,GNQ,1803549,20191378731,28.350,15718.900,1.404,1.510,1.510,,,,,0.480,0.000,0.000,0.480,0.000,0.000,1.020,0.010,602.650,0.910,,0.480
Equatorial Guinea,2023,GNQ,1847556,,29.514,15974.835,,1.430,1.430,,,,,0.350,0.000,0.000,0.350,0.000,0.000,1.070,0.010,664.340,0.950,,0.350
Equatorial Guinea,2024,GNQ,1892523,,,,,1.490,1.490,,,,,0.400,0.000,0.000,0.400,0.000,0.000,1.080,0.010,644.300,0.960,,0.400
Eritrea,2020,ERI,3291277,,2.537,770.878,,0.410,0.410,,,,,0.050,0.050,0.000,0.000,0.000,0.000,0.000,0.360,585.370,0.240,,0.050
Eritrea,2021,ERI,3350185,,2.687,801.942,,0.420,0.420,,,,,0.050,0.050,0.000,0.000,0.000,0.000,0.000,0.370,571.430,0.240,,0.050
Eritrea,2022,ERI,3409450,,2.948,864.744,,0.440,0.440,,,,,0.050,0.050,0.000,0.000,0.000,0.000,0.000,0.390,590.910,0.260,,0.050
Eritrea,2023,ERI,3470391,,3.028,872.543,,0.490,0.490,,,,,0.050,0.050,0.000,0.000,0.000,0.000,0.000,0.440,591.840,0.290,,0.050
Eritrea,2024,ERI,3535610,,,,,0.450,0.450,,,,,0.050,0.050,0.000,0.000,0.000,0.000,0.000,0.400,577.780,0.260,,0.050
Estonia,2020,EST,1329675,37515273353,58.733,44171.176,1.566,6.080,9.720,49.463,84.648,8.971,15.352,2.970,0.250,0.840,0.030,0.000,0.000,0.030,3.080,404.610,2.460,15.352,2.970
Estonia,2021,EST,1331750,40521483538,61.444,46137.703,1.516,7.190,9.820,52.411,85.703,8.743,14.297,2.870,0.350,0.730,0.020,0.000,0.000,0.040,4.280,450.630,3.240,14.297,2.870
Estonia,2022,EST,1350093,39999856613,63.306,46890.336,1.583,8.940,9.950,54.665,86.759,8.343,13.241,2.860,0.600,0.670,0.020,0.000,0.000,0.060,6.020,487.700,4.360,13.241,2.860
Estonia,2023,EST,1367195,,56.277,41162.695,,5.740,9.040,47.953,85.695,8.005,14.305,2.800,0.720,0.680,0.020,0.000,0.000,0.020,2.920,395.470,2.270,14.305,2.800
Estonia,2024,EST,1360548,,55.764,40986.305,,6.260,9.180,45.410,82.054,9.932,17.946,3.490,1.070,1.050,0.030,0.000,0.000,0.080,2.690,343.450,2.150,17.946,3.490
Estonia,2025,EST,1344236,,,,,6.110,9.340,,,,,3.640,1.130,1.150,0.030,0.000,0.000,0.080,2.390,319.150,1.950,,3.640
Eswatini,2020,SWZ,1192734,9034694873,6.832,5728.297,0.756,0.490,1.400,,,,,0.470,0.000,0.000,0.230,0.000,0.020,0.000,0.000,163.270,0.080,,0.470
Eswatini,2021,SWZ,1206598,9746927305,6.639,5502.061,0.681,0.510,1.410,,,,,0.490,0.030,0.000,0.260,0.000,0.020,0.000,0.000,137.260,0.070,,0.490
Eswatini,2022,SWZ,1218921,9594910875,6.259,5134.687,0.652,0.550,1.470,,,,,0.530,0.030,0.000,0.300,0.000,0.020,0.000,0.000,127.270,0.070,,0.530
Eswatini,2023,SWZ,1230507,,6.788,5516.521,,0.660,1.700,,,,,0.640,0.030,0.000,0.400,0.000,0.020,0.000,0.000,121.210,0.080,,0.640
Eswatini,2024,SWZ,1242829,,,,,0.610,1.650,,,,,0.590,0.030,0.000,0.350,0.000,0.020,0.000,0.000,131.150,0.080,,0.590
Ethiopia,2020,ETH,118917670,237860193068,68.591,576.793,0.288,15.620,13.980,,,,,15.610,0.030,0.610,14.940,0.000,0.000,0.000,0.010,24.330,0.380,,15.610
Ethiopia,2021,ETH,122138588,251849804145,71.465,585.118,0.284,15.780,14.120,,,,,15.780,0.030,0.820,14.910,0.000,0.000,0.000,0.000,22.810,0.360,,15.780
Ethiopia,2022,ETH,125384285,269977225159,80.544,642.378,0.298,17.410,15.660,,,,,17.410,0.040,0.560,16.770,0.000,0.000,0.000,0.000,23.550,0.410,,17.410
Ethiopia,2023,ETH,128691695,,89.230,693.361,,17.770,15.990,,,,,17.770,0.040,0.560,17.130,0.000,0.000,0.000,0.000,23.640,0.420,,17.770
Ethiopia,2024,ETH,132059770,,,,,25.200,23.440,,,,,25.200,0.040,0.700,24.420,0.000,0.000,0.000,0.000,23.410,0.590,,25.200
Ethiopia,2025,ETH,135472048,,,,,33.370,31.020,,,,,33.370,0.040,1.100,32.190,0.000,0.000,0.000,0.000,23.080,0.770,,33.370
Falkland Islands,2020,FLK,3537,,0.162,45670.746,,0.010,0.010,,,,,0.000,0.000,0.000,0.000,0.000,0.000,0.000,0.010,1000.000,0.010,,0.000
Falkland Islands,2021,FLK,3524,,0.157,44464.520,,0.010,0.010,,,,,0.000,0.000,0.000,0.000,0.000,0.000,0.000,0.010,1000.000,0.010,,0.000
Falkland Islands,2022,FLK,3515,,0.159,45204.711,,0.010,0.010,,,,,0.000,0.000,0.000,0.000,0.000,0.000,0.000,0.010,1000.000,0.010,,0.000
Falkland Islands,2023,FLK,3498,,0.157,44927.570,,0.010,0.010,,,,,0.000,0.000,0.000,0.000,0.000,0.000,0.000,0.010,1000.000,0.010,,0.000
Faroe Islands,2020,FRO,52615,,3.282,62371.746,,0.410,0.410,,,,,0.160,0.000,0.050,0.110,0.000,0.000,0.000,0.250,390.240,0.160,,0.160
Faroe Islands,2021,FRO,53324,,3.413,64000.141,,0.430,0.430,,,,,0.170,0.000,0.050,0.110,0.000,0.000,0.000,0.260,395.350,0.170,,0.170
Faroe Islands,2022,FRO,54039,,3.193,59090.000,,0.480,0.480,,,,,0.220,0.000,0.090,0.130,0.000,0.000,0.000,0.260,354.170,0.170,,0.220
Faroe Islands,2023,FRO,54738,,3.199,58450.113,,0.490,0.490,,,,,0.230,0.000,0.090,0.130,0.000,0.000,0.000,0.260,346.940,0.170,,0.230
Fiji,2020,FJI,914971,,5.106,5580.694,,1.080,1.080,,,,,0.680,0.010,0.000,0.560,0.000,0.000,0.000,0.400,268.520,0.290,,0.680
Fiji,2021,FJI,916718,,5.714,6232.943,,1.060,1.060,,,,,0.660,0.010,0.000,0.550,0.000,0.000,0.000,0.400,273.590,0.290,,0.660
Fiji,2022,FJI,919428,,6.346,6902.252,,1.070,1.070,,,,,0.650,0.010,0.000,0.600,0.000,0.000,0.000,0.420,280.370,0.300,,0.650
Fiji,2023,FJI,924150,,6.872,7436.558,,1.150,1.150,,,,,0.730,0.010,0.000,0.600,0.000,0.000,0.000,0.420,278.260,0.320,,0.730
Fiji,2024,FJI,928800,,,,,1.150,1.150,,,,,0.730,0.010,0.000,0.600,0.000,0.000,0.000,0.420,278.260,0.320,,0.730
Finland,2020,FIN,5529616,214988893865,313.950,56776.078,1.460,69.240,84.340,150.225,48.750,100.422,32.588,35.930,0.220,8.260,15.880,23.290,2.440,3.990,3.590,130.270,9.020,51.250,59.220
Finland,2021,FIN,5541069,221538476826,320.577,57854.730,1.447,72.110,89.880,146.355,46.498,110.278,35.036,38.180,0.300,8.510,15.790,23.600,2.670,3.830,3.830,135.630,9.780,53.502,61.780
Finland,2022,FIN,5569300,226154847456,320.232,57499.422,1.416,72.170,84.690,142.401,45.300,109.698,34.897,38.660,0.390,12.020,13.490,25.340,3.440,0.960,3.770,129.970,9.380,54.700,64.000
Finland,2023,FIN,5601185,,334.142,59655.676,,81.520,83.240,125.729,38.493,117.220,35.888,42.300,0.720,15.040,15.200,34.310,1.560,0.660,2.690,81.210,6.620,61.507,76.610
Finland,2024,FIN,5617311,,334.594,59564.754,,82.550,85.730,120.260,36.773,127.199,38.894,46.110,0.940,20.480,14.300,32.600,0.830,0.820,2.190,66.630,5.500,63.227,78.710
Finland,2025,FIN,5623328,,,,,82.300,87.780,,,,,46.470,0.980,22.580,12.440,32.820,0.160,0.950,1.900,57.470,4.730,,79.290
France,2020,FRA,65905273,2438594133224,2444.265,37087.555,1.002,527.250,482.210,1197.515,49.740,336.373,13.972,125.030,13.090,40.050,62.520,353.830,3.090,35.250,10.050,59.080,31.150,50.260,478.860
France,2021,FRA,66083547,2604822841790,2597.561,39307.219,0.997,550.310,505.420,1296.505,50.611,330.825,12.914,122.100,15.280,37.120,59.540,379.360,5.440,33.310,10.100,59.800,32.910,49.389,501.460
France,2022,FRA,66277412,2671568767031,2306.192,34796.047,0.863,468.450,483.390,1240.297,54.471,312.538,13.726,113.370,19.340,38.200,45.560,294.730,4.160,45.740,10.450,78.540,36.790,45.529,408.100
France,2023,FRA,66438828,,2406.514,36221.496,,518.750,468.280,1166.846,49.289,375.619,15.867,139.490,22.590,50.480,55.900,338.200,1.610,30.020,9.430,53.260,27.630,50.711,477.690
France,2024,FRA,66548532,,2519.901,37865.609,,561.780,471.800,1144.724,46.136,408.538,16.465,152.670,24.870,45.430,71.120,380.450,1.020,18.100,9.540,40.480,22.740,53.864,533.120
France,2025,FRA,66650804,,,,,569.980,476.660,,,,,148.560,31.820,46.490,59.410,392.070,1.740,17.250,10.360,41.440,23.620,,540.630
French Guiana,2020,GUF,289063,,0.000,0.000,,0.950,0.950,,,,,0.500,0.060,,0.430,,,,0.450,326.320,0.310,,0.500
French Guiana,2021,GUF,293023,,0.000,0.000,,0.970,0.970,,,,,0.680,0.060,,0.580,,,,0.290,216.500,0.210,,0.680
French Guiana,2022,GUF,298319,,0.000,0.000,,0.950,0.950,,,,,0.680,0.050,,0.590,,,,0.270,210.530,0.200,,0.680
French Guiana,2023,GUF,303408,,0.000,0.000,,0.980,0.980,,,,,0.640,0.060,,0.520,,,,0.340,244.900,0.240,,0.640
French Polynesia,2020,PYF,279218,,3.228,11561.682,,0.660,0.660,,,,,0.200,0.040,0.000,0.160,0.000,0.000,0.000,0.460,454.550,0.300,,0.200
French Polynesia,2021,PYF,279808,,2.581,9224.391,,0.660,0.660,,,,,0.190,0.050,0.000,0.140,0.000,0.000,0.000,0.470,469.700,0.310,,0.190
French Polynesia,2022,PYF,280388,,4.130,14728.801,,0.710,0.710,,,,,0.240,0.050,0.000,0.190,0.000,0.000,0.000,0.470,436.620,0.310,,0.240
French Polynesia,2023,PYF,281125,,4.354,15488.102,,0.710,0.710,,,,,0.240,0.050,0.000,0.190,0.000,0.000,0.000,0.470,436.620,0.310,,0.240
French Polynesia,2024,PYF,281816,,,,,0.720,0.720,,,,,0.250,0.060,0.000,0.190,0.000,0.000,0.000,0.470,430.560,0.310,,0.250
Gabon,2020,GAB,2322538,34525072669,16.002,6889.859,0.463,2.930,3.470,,,,,1.430,0.000,0.000,1.420,0.000,0.000,1.100,0.400,423.210,1.240,,1.430
Gabon,2021,GAB,2376729,35037430976,16.184,6809.154,0.462,2.960,3.490,,,,,1.380,0.000,0.000,1.370,0.000,0.000,1.110,0.470,439.190,1.300,,1.380
Gabon,2022,GAB,2430750,36035291983,15.810,6504.104,0.439,3.190,3.730,,,,,1.530,0.000,0.000,1.520,0.000,0.000,1.120,0.540,429.470,1.370,,1.530
Gabon,2023,GAB,2484790,,16.095,6477.258,,2.590,3.170,,,,,0.920,0.000,0.000,0.910,0.000,0.000,1.140,0.530,525.100,1.360,,0.920
Gabon,2024,GAB,2538953,,,,,2.600,3.180,,,,,0.920,0.000,0.000,0.910,0.000,0.000,1.150,0.530,523.080,1.360,,0.920
Gambia,2020,GMB,2515744,4217390293,1.779,707.116,0.422,0.480,0.480,,,,,0.000,0.000,0.000,0.000,0.000,0.000,0.000,0.480,666.670,0.320,,0.000
Gambia,2021,GMB,2576015,4439051582,2.040,792.090,0.460,0.500,0.500,,,,,0.000,0.000,0.000,0.000,0.000,0.000,0.000,0.500,660.000,0.330,,0.000
Gambia,2022,GMB,2636472,4656793663,2.100,796.343,0.451,0.510,0.510,,,,,0.000,0.000,0.000,0.000,0.000,0.000,0.000,0.510,666.670,0.340,,0.000
Gambia,2023,GMB,2697846,,2.159,800.295,,0.510,0.510,,,,,0.000,0.000,0.000,0.000,0.000,0.000,0.000,0.510,666.670,0.340,,0.000
Gambia,2024,GMB,2759999,,,,,0.510,0.510,,,,,0.000,0.000,0.000,0.000,0.000,0.000,0.000,0.510,666.670,0.340,,0.000
Georgia,2020,GEO,3795680,57984758412,56.868,14982.388,0.981,11.160,12.620,,,,,8.340,0.000,0.090,8.250,0.000,0.000,2.820,0.000,175.630,1.960,,8.340
Georgia,2021,GEO,3788450,64053441556,61.045,16113.435,0.953,12.640,14.260,,,,,10.260,0.000,0.080,10.180,0.000,0.000,2.380,0.000,136.870,1.730,,10.260
Georgia,2022,GEO,3794782,70528605169,67.719,17845.229,0.960,14.250,14.810,,,,,10.860,0.000,0.090,10.770,0.000,0.000,3.390,0.000,167.020,2.380,,10.860
Georgia,2023,GEO,3807494,,62.574,16434.389,,14.430,13.750,,,,,10.980,0.030,0.090,10.860,0.000,0.000,3.450,0.000,167.710,2.420,,10.980
Georgia,2024,GEO,3807668,,,,,13.930,14.110,,,,,11.120,0.030,0.090,11.000,0.000,0.000,2.810,0.000,145.010,2.020,,11.120
Georgia,2025,GEO,3806669,,,,,13.500,14.700,,,,,10.750,0.030,0.080,10.640,0.000,0.000,2.750,0.000,145.930,1.970,,10.750
Germany,2020,DEU,83628711,3742721113842,3498.915,41838.684,0.935,566.750,547.720,2609.179,75.390,692.780,20.017,251.490,49.500,132.110,18.720,64.380,134.600,95.000,21.280,355.610,201.540,24.610,315.870
Germany,2021,DEU,83697080,3841041747482,3598.492,42994.242,0.937,578.830,560.250,2749.067,77.140,644.416,18.082,232.500,49.340,114.160,19.660,69.130,164.650,90.310,22.240,394.640,228.430,22.860,301.630
Germany,2022,DEU,84086227,3909612753939,3455.450,41094.125,0.884,566.880,539.620,2639.550,77.177,695.280,20.329,251.540,60.300,124.810,17.620,34.710,179.930,79.050,21.650,419.740,237.940,22.823,286.250
Germany,2023,DEU,84548233,,3178.886,37598.492,,506.720,515.940,2380.906,75.836,741.021,23.603,277.100,63.870,140.540,21.240,7.220,124.780,76.660,20.960,362.920,183.900,24.164,284.320
Germany,2024,DEU,84552234,,3195.441,37792.512,,495.990,522.260,2400.492,76.032,756.721,23.968,290.860,74.130,141.600,23.830,0.000,106.330,78.410,20.390,336.380,166.840,23.968,290.860
Germany,2025,DEU,84075075,,,,,500.470,520.270,,,,,295.740,89.620,136.030,19.560,0.000,103.150,82.670,18.910,329.650,164.980,,295.740
Ghana,2020,GHA,31887802,133733644694,94.161,2952.874,0.704,19.730,17.990,,,,,7.370,0.060,0.000,7.290,0.000,0.000,11.590,0.770,459.200,9.060,,7.370
Ghana,2021,GHA,32518662,140896419821,103.083,3169.960,0.732,22.080,20.390,,,,,7.680,0.130,0.000,7.530,0.000,0.000,13.800,0.600,478.260,10.560,,7.680
Ghana,2022,GHA,33149152,145431875240,103.113,3110.591,0.709,23.220,21.050,,,,,8.370,0.160,0.000,8.190,0.000,0.000,14.230,0.620,469.420,10.900,,8.370
Ghana,2023,GHA,33787916,,103.904,3075.171,,24.300,21.850,,,,,9.360,0.150,0.000,9.190,0.000,0.000,14.390,0.550,452.680,11.000,,9.360
Ghana,2024,GHA,34427417,,,,,24.270,21.830,,,,,8.790,0.170,0.000,8.600,0.000,0.000,14.910,0.570,468.890,11.380,,8.790
Gibraltar,2020,GIB,36198,,,,,0.210,0.210,,,,,0.000,0.000,0.000,0.000,0.000,0.000,0.210,0.000,571.430,0.120,,0.000
Gibraltar,2021,GIB,36881,,,,,0.230,0.230,,,,,0.000,0.000,0.000,0.000,0.000,0.000,0.230,0.000,565.220,0.130,,0.000
Gibraltar,2022,GIB,37631,,,,,0.210,0.210,,,,,0.000,0.000,0.000,0.000,0.000,0.000,0.210,0.000,571.430,0.120,,0.000
Gibraltar,2023,GIB,38493,,,,,0.230,0.230,,,,,0.000,0.000,0.000,0.000,0.000,0.000,0.190,0.040,608.700,0.140,,0.000
Gibraltar,2024,GIB,39351,,,,,0.220,0.220,,,,,0.000,0.000,0.000,0.000,0.000,0.000,0.180,0.040,590.910,0.130,,0.000
Greece,2020,GRC,10699370,229777821500,276.956,25885.273,1.205,47.510,56.370,228.208,83.215,46.031,16.785,17.550,4.450,9.310,3.340,0.000,6.610,19.230,4.120,423.070,20.100,16.785,17.550
Greece,2021,GRC,10579561,249158215293,302.536,28596.289,1.214,54.240,57.920,241.738,80.800,57.441,19.200,22.130,5.250,10.480,5.900,0.000,5.320,22.490,4.300,383.110,20.780,19.200,22.130
Greece,2022,GRC,10412481,263892672733,314.334,30188.217,1.191,51.670,55.120,252.595,81.217,58.416,18.783,22.450,7.140,10.880,3.860,0.000,5.760,19.140,4.320,376.810,19.470,18.783,22.450
Greece,2023,GRC,10242910,,305.897,29864.279,,48.930,53.840,239.392,79.246,62.696,20.754,24.380,8.890,11.020,3.820,0.000,4.590,15.980,3.980,336.400,16.460,20.754,24.380
Greece,2024,GRC,10047813,,321.187,31965.838,,57.080,56.770,250.538,78.945,66.819,21.055,28.100,11.260,12.550,3.580,0.000,3.270,21.530,4.180,321.650,18.360,21.055,28.100
Greece,2025,GRC,9938847,,,,,58.270,55.560,,,,,28.960,12.920,11.910,3.420,0.000,2.740,22.390,4.180,315.090,18.360,,28.960
Greenland,2020,GRL,56105,,2.588,46130.312,,0.520,0.520,,,,,0.430,0.000,0.000,0.430,0.000,0.000,0.000,0.090,134.620,0.070,,0.430
Greenland,2021,GRL,56065,,2.543,45366.465,,0.510,0.510,,,,,0.430,0.000,0.000,0.430,0.000,0.000,0.000,0.080,117.650,0.060,,0.430
Greenland,2022,GRL,56014,,2.660,47495.102,,0.540,0.540,,,,,0.470,0.000,0.000,0.470,0.000,0.000,0.000,0.070,111.110,0.060,,0.470
Greenland,2023,GRL,55951,,2.629,46980.750,,0.610,0.610,,,,,0.500,0.000,0.000,0.480,0.000,0.000,0.000,0.110,131.150,0.080,,0.500
Greenland,2024,GRL,55864,,,,,0.600,0.600,,,,,0.500,0.000,0.000,0.470,0.000,0.000,0.000,0.100,150.000,0.090,,0.500
Grenada,2020,GRD,116353,,1.324,11376.105,,0.220,0.220,,,,,0.000,0.000,0.000,0.000,0.000,0.000,0.000,0.220,636.360,0.140,,0.000
Grenada,2021,GRD,116696,,1.421,12173.642,,0.230,0.230,,,,,0.000,0.000,0.000,0.000,0.000,0.000,0.000,0.230,652.170,0.150,,0.000
Grenada,2022,GRD,116928,,1.451,12408.829,,0.240,0.240,,,,,0.000,0.000,0.000,0.000,0.000,0.000,0.000,0.240,666.670,0.160,,0.000
Grenada,2023,GRD,117094,,1.431,12220.670,,0.240,0.240,,,,,0.000,0.000,0.000,0.000,0.000,0.000,0.000,0.240,666.670,0.160,,0.000
Grenada,2024,GRD,117218,,,,,0.240,0.240,,,,,0.000,0.000,0.000,0.000,0.000,0.000,0.000,0.240,666.670,0.160,,0.000
Guadeloupe,2020,GLP,407401,,0.000,0.000,,1.700,1.700,,,,,0.410,0.110,0.070,0.030,,0.280,,1.010,547.060,0.930,,0.410
Guadeloupe,2021,GLP,399157,,0.000,0.000,,1.660,1.660,,,,,0.560,0.110,0.110,0.010,,0.230,,0.870,500.000,0.830,,0.560
Guadeloupe,2022,GLP,384702,,0.000,0.000,,1.640,1.640,,,,,0.570,0.110,0.110,0.010,,0.220,,0.850,493.900,0.810,,0.570
Guadeloupe,2023,GLP,376518,,0.000,0.000,,1.670,1.670,,,,,0.590,0.110,0.100,0.010,,0.220,,0.860,497.010,0.830,,0.590
Guam,2020,GUM,162167,,7.028,43337.637,,1.710,1.710,,,,,0.080,0.080,0.000,0.000,0.000,0.000,0.000,1.630,625.730,1.070,,0.080
Guam,2021,GUM,163741,,7.404,45216.465,,1.740,1.740,,,,,0.080,0.080,0.000,0.000,0.000,0.000,0.000,1.660,626.440,1.090,,0.080
Guam,2022,GUM,165193,,7.462,45172.059,,1.800,1.800,,,,,0.140,0.140,0.000,0.000,0.000,0.000,0.000,1.660,611.110,1.100,,0.140
Guam,2023,GUM,166522,,7.421,44566.480,,1.800,1.800,,,,,0.140,0.140,0.000,0.000,0.000,0.000,0.000,1.660,611.110,1.100,,0.140
Guam,2024,GUM,167790,,,,,1.860,1.860,,,,,0.160,0.160,0.000,0.000,0.000,0.000,0.000,1.700,607.530,1.130,,0.160
Guatemala,2020,GTM,17357331,130197392340,90.078,5189.629,0.692,12.420,12.350,,,,,9.410,0.220,0.310,5.780,0.000,2.620,0.010,0.380,265.700,3.300,,9.410
Guatemala,2021,GTM,17598652,140588440273,103.279,5868.567,0.735,15.470,15.500,,,,,11.370,0.230,0.320,6.660,0.000,3.340,0.010,0.750,285.710,4.420,,11.370
Guatemala,2022,GTM,17847877,146224632616,95.553,5353.738,0.653,13.480,13.860,,,,,11.410,0.230,0.310,7.040,0.000,1.270,0.010,0.790,191.400,2.580,,11.410
Guatemala,2023,GTM,18124841,,90.810,5010.241,,14.910,15.790,,,,,10.030,0.240,0.340,5.650,0.000,2.380,0.000,2.500,309.860,4.620,,10.030
Guatemala,2024,GTM,18406366,,,,,15.790,16.350,,,,,10.790,0.280,0.370,6.300,0.000,2.500,0.000,2.500,301.460,4.760,,10.790
Guinea,2020,GIN,13371185,21528646361,21.129,1580.168,0.981,2.480,2.480,,,,,1.510,0.020,0.000,1.490,0.000,0.000,0.000,0.970,274.190,0.680,,1.510
Guinea,2021,GIN,13710515,22615336825,20.934,1526.843,0.926,3.640,3.640,,,,,2.660,0.020,0.000,2.640,0.000,0.000,0.000,0.980,192.310,0.700,,2.660
Guinea,2022,GIN,14055136,23678257190,21.541,1532.633,0.910,4.000,4.000,,,,,2.980,0.030,0.000,2.950,0.000,0.000,0.000,1.020,185.000,0.740,,2.980
Guinea,2023,GIN,14405469,,22.103,1534.368,,4.000,4.000,,,,,2.980,0.030,0.000,2.950,0.000,0.000,0.000,1.020,185.000,0.740,,2.980
Guinea,2024,GIN,14754779,,,,,4.030,4.030,,,,,3.030,0.030,0.000,3.000,0.000,0.000,0.000,1.000,181.140,0.730,,3.030
Guinea-Bissau,2020,GNB,2013259,2939793794,1.410,700.355,0.480,0.080,0.080,,,,,0.000,0.000,0.000,0.000,0.000,0.000,0.000,0.080,625.000,0.050,,0.000
Guinea-Bissau,2021,GNB,2058841,3127940606,1.421,689.970,0.454,0.080,0.080,,,,,0.000,0.000,0.000,0.000,0.000,0.000,0.000,0.080,625.000,0.050,,0.000
Guinea-Bissau,2022,GNB,2105535,3259313986,1.443,685.234,0.443,0.080,0.080,,,,,0.000,0.000,0.000,0.000,0.000,0.000,0.000,0.080,625.000,0.050,,0.000
Guinea-Bissau,2023,GNB,2153343,,1.484,689.110,,0.080,0.080,,,,,0.000,0.000,0.000,0.000,0.000,0.000,0.000,0.080,625.000,0.050,,0.000
Guinea-Bissau,2024,GNB,2201360,,,,,0.080,0.080,,,,,0.000,0.000,0.000,0.000,0.000,0.000,0.000,0.080,625.000,0.050,,0.000
Guyana,2020,GUY,807486,,9.753,12077.642,,1.140,1.140,,,,,0.030,0.010,0.000,0.000,0.000,0.000,0.000,1.110,640.350,0.730,,0.030
Guyana,2021,GUY,815484,,9.953,12204.829,,1.140,1.140,,,,,0.040,0.010,0.000,0.000,0.000,0.000,0.000,1.100,640.350,0.730,,0.040
Guyana,2022,GUY,821638,,11.154,13575.479,,1.280,1.280,,,,,0.030,0.010,0.000,0.000,0.000,0.000,0.010,1.240,648.440,0.830,,0.030
Guyana,2023,GUY,826357,,11.151,13494.394,,1.380,1.380,,,,,0.040,0.020,0.000,0.000,0.000,0.000,0.010,1.330,644.930,0.890,,0.040
Guyana,2024,GUY,831092,,,,,1.380,1.380,,,,,0.040,0.020,0.000,0.000,0.000,0.000,0.010,1.330,644.930,0.890,,0.040
Haiti,2020,HTI,11243846,18185520397,11.704,1040.939,0.644,1.020,1.020,,,,,0.140,0.000,0.000,0.140,0.000,0.000,0.000,0.880,568.630,0.580,,0.140
Haiti,2021,HTI,11374592,17851170361,11.274,991.191,0.632,1.030,1.030,,,,,0.130,0.000,0.000,0.130,0.000,0.000,0.000,0.900,572.820,0.590,,0.130
Haiti,2022,HTI,11503603,17550916862,12.068,1049.055,0.688,1.010,1.010,,,,,0.190,0.000,0.000,0.190,0.000,0.000,0.000,0.820,534.650,0.540,,0.190
Haiti,2023,HTI,11637402,,11.890,1021.726,,0.850,0.850,,,,,0.190,0.000,0.000,0.190,0.000,0.000,0.000,0.660,505.880,0.430,,0.190
Haiti,2024,HTI,11772562,,,,,0.860,0.860,,,,,0.160,0.000,0.000,0.160,0.000,0.000,0.000,0.700,534.880,0.460,,0.160
Honduras,2020,HND,10119638,42499283305,44.380,4385.561,1.044,10.140,10.420,,,,,5.540,1.110,0.710,2.700,0.000,0.050,0.000,4.550,326.430,3.310,,5.540
Honduras,2021,HND,10289881,47826185166,50.682,4925.441,1.060,11.120,11.320,,,,,6.830,1.140,0.770,3.770,0.000,0.060,0.000,4.230,284.170,3.160,,6.830
Honduras,2022,HND,10463880,49738252980,53.013,5066.291,1.066,11.330,11.520,,,,,6.760,1.040,0.690,3.880,0.000,0.070,0.000,4.500,296.560,3.360,,6.760
Honduras,2023,HND,10644853,,51.916,4877.145,,12.490,12.630,,,,,6.790,1.040,0.690,3.880,0.000,0.060,0.000,5.640,328.260,4.100,,6.790
Honduras,2024,HND,10825704,,,,,12.480,12.630,,,,,6.920,1.180,0.750,3.800,0.000,0.060,0.000,5.500,322.120,4.020,,6.920
Hong Kong,2020,HKG,7490240,347263059452,257.947,34437.715,0.743,34.350,47.050,256.739,99.538,1.192,0.462,0.190,0.050,0.000,0.000,0.000,12.130,21.870,0.160,684.130,23.500,0.462,0.190
Hong Kong,2021,HKG,7484604,369654417943,243.686,32558.352,0.659,36.220,48.780,242.064,99.346,1.594,0.654,0.260,0.120,0.000,0.000,0.000,13.500,22.260,0.200,691.610,25.050,0.654,0.260
Hong Kong,2022,HKG,7465913,356690492875,217.409,29120.252,0.610,36.100,48.450,215.358,99.073,2.014,0.927,0.330,0.180,0.000,0.000,0.000,12.730,22.840,0.200,682.270,24.630,0.927,0.330
Hong Kong,2023,HKG,7442738,,251.251,33757.816,,37.750,49.340,248.557,98.952,2.632,1.048,0.360,0.200,0.000,0.000,0.000,12.560,24.390,0.440,674.440,25.460,1.048,0.360
Hong Kong,2024,HKG,7414914,,272.932,36808.547,,37.440,48.810,270.012,98.952,2.860,1.048,0.390,0.230,0.000,0.000,0.000,12.600,24.000,0.450,675.480,25.290,1.048,0.390
Hungary,2020,HUN,9749459,254563881936,270.327,27727.416,1.062,34.920,46.600,210.904,78.448,18.299,6.807,5.520,2.460,0.650,0.240,16.060,3.710,9.090,0.540,257.450,8.990,21.552,21.580
Hungary,2021,HUN,9707848,272892486007,283.958,29250.391,1.041,36.100,48.850,221.140,78.326,21.808,7.724,6.910,3.800,0.660,0.210,15.990,3.010,9.650,0.540,238.500,8.610,21.674,22.900
Hungary,2022,HUN,9684308,285385229433,267.047,27575.229,0.936,35.780,47.930,202.749,76.403,23.770,8.957,7.660,4.730,0.610,0.180,15.810,2.990,8.870,0.450,228.900,8.190,23.597,23.470
Hungary,2023,HUN,9686465,,255.314,26357.766,,35.540,46.640,186.749,73.776,27.555,10.886,9.380,6.930,0.650,0.220,15.920,2.490,7.280,0.470,196.120,6.970,26.224,25.300
Hungary,2024,HUN,9676135,,260.792,26952.049,,38.000,48.730,186.585,72.181,32.844,12.706,11.960,9.200,0.690,0.230,16.020,2.440,7.130,0.450,184.470,7.010,27.819,27.980
Hungary,2025,HUN,9632286,,,,,40.240,48.900,,,,,14.210,10.980,0.600,0.230,16.100,1.380,8.150,0.400,163.020,6.560,,30.310
Iceland,2020,ISL,366626,14424580947,58.082,158421.688,4.027,18.890,18.890,8.271,13.874,51.347,86.126,18.890,0.000,0.010,12.920,0.000,0.000,0.000,0.000,28.060,0.530,86.126,18.890
Iceland,2021,ISL,372647,15049658393,60.645,162740.016,4.030,19.390,19.390,9.627,15.506,52.459,84.494,19.390,0.000,0.010,13.580,0.000,0.000,0.000,0.000,27.850,0.540,84.494,19.390
Iceland,2022,ISL,380368,16019540441,63.724,167531.625,3.978,19.870,19.870,11.701,17.925,53.578,82.075,19.870,0.000,0.010,13.940,0.000,0.000,0.000,0.000,27.680,0.550,82.075,19.870
Iceland,2023,ISL,387559,,64.068,165312.656,,19.810,19.810,11.912,18.157,53.696,81.843,19.810,0.000,0.010,14.100,0.000,0.000,0.000,0.000,27.760,0.550,81.843,19.810
Iceland,2024,ISL,393404,,62.817,159676.391,,19.050,19.050,12.601,19.502,52.014,80.498,19.050,0.010,0.010,13.460,0.000,0.000,0.000,0.000,27.820,0.530,80.498,19.050
India,2020,IND,1402617694,8945313249462,8792.220,6268.437,0.983,1563.430,1563.320,7856.125,89.847,777.565,8.893,297.160,52.910,60.430,163.940,44.610,1143.780,74.790,3.090,709.060,1108.560,10.153,341.770
India,2021,IND,1414203896,9801621018003,9544.969,6749.358,0.974,1678.720,1678.690,8565.351,90.204,822.007,8.657,315.450,65.590,68.090,160.570,43.920,1255.560,60.400,3.390,715.340,1200.850,9.796,359.370
India,2022,IND,1425423209,10476248645535,10059.478,7057.187,0.960,1804.610,1802.880,8948.373,89.444,942.536,9.421,364.350,95.920,70.050,175.090,46.190,1344.420,46.170,3.480,705.750,1273.610,10.556,410.540
India,2023,IND,1438069597,,10827.859,7529.440,,1918.260,1916.200,9696.803,90.047,954.198,8.861,369.970,115.420,82.110,149.430,48.200,1445.440,50.800,3.850,713.360,1368.410,9.953,418.170
India,2024,IND,1450935785,,11336.057,7812.928,,2036.520,2034.220,10111.388,89.670,1031.370,9.146,403.390,143.070,81.540,156.530,54.700,1517.900,56.440,4.090,705.400,1436.570,10.330,458.090
India,2025,IND,1463865527,,,,,2081.600,2082.820,,,,,500.980,195.990,103.980,177.970,53.830,1474.150,48.540,4.100,670.130,1394.950,,554.810
Indonesia,2020,IDN,274814861,3204972631957,2116.310,7700.858,0.660,291.820,293.370,1895.222,89.356,225.746,10.644,52.890,0.170,0.470,24.330,0.000,180.870,51.280,6.780,685.150,199.940,10.644,52.890
Indonesia,2021,IDN,276758056,3323654666991,2196.681,7937.188,0.661,309.360,310.330,1957.702,88.924,243.844,11.076,56.200,0.190,0.440,24.700,0.000,189.960,56.530,6.670,684.410,211.730,11.076,56.200
Indonesia,2022,IDN,278830527,3500093638879,2749.242,9859.904,0.785,333.540,334.340,2472.905,89.792,281.127,10.208,65.410,0.440,0.360,27.300,0.000,205.310,56.710,6.110,675.810,225.410,10.208,65.410
Indonesia,2023,IDN,281190068,,2785.135,9904.812,,350.600,351.490,2491.822,89.305,298.421,10.695,65.200,0.710,0.480,24.590,0.000,216.780,62.040,6.580,680.800,238.690,10.695,65.200
Indonesia,2024,IDN,283487933,,2984.731,10528.601,,371.540,372.500,2663.047,89.046,327.601,10.954,67.210,1.350,0.470,27.290,0.000,228.430,68.780,7.120,680.250,252.740,10.954,67.210
Iran,2020,IRN,87723448,1446203709942,3421.375,39001.836,2.366,337.210,330.410,3339.917,97.740,61.588,1.802,24.930,0.580,1.130,23.200,6.330,0.800,268.230,36.920,632.810,213.390,2.260,31.260
Iran,2021,IRN,88455490,1525523070071,3375.397,38159.270,2.213,356.410,349.610,3325.685,98.602,38.438,1.140,15.600,0.620,1.130,13.830,3.540,0.730,302.180,34.360,659.830,235.170,1.398,19.140
Iran,2022,IRN,89524247,1572209055082,3490.120,38985.188,2.220,367.060,360.610,3432.548,98.425,38.778,1.112,15.770,0.620,1.130,14.000,6.570,0.710,313.420,30.590,655.370,240.560,1.575,22.340
Iran,2023,IRN,90608708,,3596.104,39688.281,,382.020,375.290,3515.317,97.870,60.326,1.680,24.730,0.680,1.210,22.820,6.640,0.710,321.960,27.980,641.380,245.020,2.130,31.370
Iran,2024,IRN,91567737,,3589.786,39203.609,,395.790,393.390,3517.025,98.068,51.378,1.433,21.050,0.900,1.250,18.870,7.350,0.730,340.050,26.610,648.680,256.740,1.932,28.400
Iran,2025,IRN,92417684,,,,,395.780,395.600,,,,,15.210,0.900,1.250,13.030,7.350,0.730,354.390,18.100,659.530,261.030,,22.560
Iraq,2020,IRQ,42116602,453147782672,594.768,14121.946,1.313,117.120,124.570,582.847,98.113,11.208,1.887,4.540,0.380,0.000,4.160,0.000,0.000,71.510,41.070,674.180,78.960,1.887,4.540
Iraq,2021,IRQ,43071208,487935979007,618.433,14358.384,1.267,120.460,125.560,608.693,98.516,9.168,1.484,3.730,0.380,0.000,3.350,0.000,0.000,70.870,45.860,677.740,81.640,1.484,3.730
Iraq,2022,IRQ,44070556,527639326800,680.004,15429.901,1.289,133.860,137.390,672.112,98.905,7.438,1.095,3.030,0.380,0.000,2.650,0.000,0.000,90.240,40.590,688.710,92.190,1.095,3.030
Iraq,2023,IRQ,45074055,,717.829,15925.554,,145.010,151.830,713.259,99.402,4.292,0.598,1.760,0.380,0.000,1.380,0.000,0.000,75.680,67.570,685.130,99.350,0.598,1.760
Iraq,2024,IRQ,46042015,,736.781,16002.357,,149.730,156.830,732.214,99.416,4.303,0.584,2.430,0.430,0.000,2.000,0.000,0.000,79.300,68.000,683.100,102.280,0.584,2.430
Ireland,2020,IRL,4982602,274762344680,176.583,35439.918,0.643,32.160,32.010,138.187,79.181,36.334,20.819,13.650,0.060,11.740,0.930,0.000,0.670,16.240,1.600,291.050,9.360,20.819,13.650
Ireland,2021,IRL,5028428,287639621097,179.882,35772.973,0.625,31.740,33.330,146.450,82.201,31.710,17.799,11.760,0.080,9.940,0.750,0.000,2.720,15.160,2.100,351.920,11.170,17.799,11.760
Ireland,2022,IRL,5110015,308390920561,186.452,36487.480,0.605,33.790,34.040,148.706,80.580,35.839,19.420,13.250,0.150,11.390,0.700,0.000,2.370,16.540,1.630,330.870,11.180,19.420,13.250
Ireland,2023,IRL,5196629,,180.455,34725.469,,31.550,34.820,139.369,78.180,38.897,21.820,14.280,0.650,11.860,0.940,0.000,1.210,15.360,0.700,282.410,8.910,21.820,14.280
Ireland,2024,IRL,5255016,,181.792,34593.980,,31.080,36.140,139.859,77.820,39.863,22.180,14.460,1.090,11.600,0.770,0.000,0.630,15.100,0.890,270.910,8.420,22.180,14.460
Ireland,2025,IRL,5308035,,,,,30.950,37.640,,,,,14.900,1.470,11.760,0.650,0.000,0.160,14.970,0.920,256.540,7.940,,14.900
Israel,2020,ISR,8800380,291287719910,285.135,32400.352,0.979,72.740,66.500,273.013,95.976,11.447,4.024,4.440,4.100,0.200,0.020,0.000,19.000,48.800,0.500,615.210,44.750,4.024,4.440
Israel,2021,ISR,8942925,316373426613,292.044,32656.467,0.923,74.120,67.600,276.969,95.111,14.236,4.889,5.820,5.520,0.180,0.020,0.000,16.900,51.000,0.400,596.330,44.200,4.889,5.820
Israel,2022,ISR,9103143,336722563455,307.838,33816.672,0.914,76.870,69.950,290.352,94.613,16.533,5.387,7.470,7.050,0.290,0.020,0.000,16.700,52.300,0.400,583.320,44.840,5.387,7.470
Israel,2023,ISR,9256311,,284.390,30723.857,,77.430,70.500,260.854,92.170,22.160,7.830,9.130,8.560,0.460,0.000,0.000,13.100,54.700,0.500,558.830,43.270,7.830,9.130
Israel,2024,ISR,9387015,,277.774,29591.316,,80.400,74.000,249.138,90.205,27.052,9.795,11.100,10.520,0.460,0.010,0.000,11.500,57.400,0.400,540.550,43.460,9.795,11.100
Israel,2025,ISR,9517182,,,,,82.100,75.700,,,,,13.900,13.280,0.460,0.000,0.000,2.800,65.400,0.000,492.690,40.450,,13.900
Italy,2020,ITA,59912763,1925751927111,1663.423,27764.078,0.864,276.810,309.010,1331.033,80.601,320.361,19.399,116.900,24.940,18.760,47.550,0.000,13.380,133.700,12.830,334.200,92.510,19.399,116.900
Italy,2021,ITA,59729353,2060299944789,1785.142,29887.174,0.866,285.490,328.280,1453.988,81.986,319.470,18.014,116.330,25.040,20.930,45.390,0.000,14.020,144.010,11.130,339.100,96.810,18.014,116.330
Italy,2022,ITA,59619106,2136009300257,1755.465,29444.670,0.822,280.170,323.160,1467.793,84.049,278.563,15.951,100.460,28.120,20.490,28.400,0.000,22.610,141.470,15.630,377.840,105.860,15.951,100.460
Italy,2023,ITA,59499452,,1680.654,28246.553,,261.550,312.800,1353.621,81.146,314.506,18.854,116.520,30.710,23.590,40.520,0.000,13.220,119.020,12.790,323.230,84.540,18.854,116.520
Italy,2024,ITA,59342870,,1696.287,28584.518,,267.560,318.560,1329.927,79.069,352.047,20.931,134.240,35.990,22.220,53.130,0.000,3.950,118.590,10.780,281.400,75.290,20.931,134.240
Italy,2025,ITA,59146263,,,,,264.700,311.600,,,,,129.110,44.630,21.480,41.700,0.000,3.730,125.050,6.810,284.780,75.380,,129.110
Jamaica,2020,JAM,2830745,18402554628,28.996,10243.102,1.576,4.280,4.280,,,,,0.590,0.120,0.280,0.140,0.000,0.000,2.480,1.210,553.740,2.370,,0.590
Jamaica,2021,JAM,2837680,19249256856,31.859,11227.207,1.655,4.350,4.350,,,,,0.580,0.130,0.260,0.140,0.000,0.000,2.540,1.230,556.320,2.420,,0.580
Jamaica,2022,JAM,2839150,20019224153,33.428,11773.948,1.670,4.490,4.490,,,,,0.580,0.130,0.270,0.120,0.000,0.000,2.390,1.520,561.250,2.520,,0.580
Jamaica,2023,JAM,2839785,,35.034,12336.739,,4.770,4.770,,,,,0.580,0.130,0.270,0.120,0.000,0.000,2.810,1.380,563.940,2.690,,0.580
Jamaica,2024,JAM,2839182,,,,,4.920,4.920,,,,,0.620,0.150,0.290,0.120,0.000,0.000,2.800,1.500,563.010,2.770,,0.620
Japan,2020,JPN,126304533,4626661481209,4825.240,38203.219,1.043,1011.030,1011.030,4189.544,87.329,501.689,10.457,193.030,75.920,8.410,78.330,43.000,340.250,409.440,25.310,527.750,533.570,12.671,236.030
Japan,2021,JPN,125679342,4725883595048,5029.708,40020.164,1.064,1034.670,1034.670,4308.351,86.170,540.688,10.814,208.140,84.180,9.540,79.630,61.220,348.260,385.780,31.270,514.490,532.330,13.830,269.360
Japan,2022,JPN,124997585,4774494846664,4996.771,39974.945,1.047,1040.570,1040.570,4286.361,86.285,554.107,11.154,213.190,91.070,9.420,74.870,51.770,350.990,378.840,45.780,519.600,540.680,13.715,264.960
Japan,2023,JPN,124370947,,4858.530,39064.832,,1006.730,1006.730,4058.882,84.119,577.331,11.965,222.860,96.360,9.960,74.530,77.460,326.930,346.980,32.500,492.450,495.760,15.881,300.320
Japan,2024,JPN,123753041,,4794.816,38745.039,,1016.390,1016.390,3950.881,82.955,604.721,12.697,233.110,96.700,11.540,79.450,84.910,327.130,346.240,25.000,483.430,491.350,17.045,318.020
Japan,2025,JPN,123103480,,,,,1029.860,1029.860,,,,,242.730,101.060,12.850,73.900,94.090,330.080,337.570,25.390,477.260,491.510,,336.820
Jordan,2020,JOR,10865232,94554674762,98.793,9092.539,1.045,20.700,20.890,,,,,3.920,2.520,1.380,0.020,0.000,0.000,15.950,0.830,566.670,11.730,,3.920
Jordan,2021,JOR,11066356,96661338596,101.759,9195.323,1.053,21.360,21.580,,,,,4.910,3.290,1.600,0.020,0.000,0.000,15.520,0.930,540.260,11.540,,4.910
Jordan,2022,JOR,11256269,99281825499,111.256,9883.870,1.121,22.570,22.640,,,,,5.220,3.450,1.750,0.020,0.000,0.000,16.490,0.860,539.210,12.170,,5.220
Jordan,2023,JOR,11439220,,110.327,9644.626,,23.770,23.840,,,,,5.220,3.450,1.750,0.020,0.000,0.000,14.670,3.880,542.280,12.890,,5.220
Jordan,2024,JOR,11552885,,,,,23.670,23.730,,,,,5.700,3.930,1.750,0.020,0.000,0.000,14.670,3.300,529.790,12.540,,5.700
Kazakhstan,2020,KAZ,19482116,468733212615,735.937,37774.996,1.570,108.640,107.900,704.596,95.986,29.467,4.014,11.940,1.240,1.030,9.660,0.000,73.550,22.510,0.640,835.880,90.810,4.014,11.940
Kazakhstan,2021,KAZ,19743607,487951301251,822.205,41644.129,1.685,115.080,114.520,789.268,96.220,31.004,3.780,12.590,1.630,1.750,9.210,0.000,73.800,26.010,2.680,833.250,95.890,3.780,12.590
Kazakhstan,2022,KAZ,20034612,503634062609,819.283,40893.367,1.627,113.440,114.890,784.636,96.005,32.652,3.995,13.280,1.770,2.310,9.200,0.000,70.520,28.230,1.410,831.010,94.270,3.995,13.280
Kazakhstan,2023,KAZ,20330109,,846.238,41624.883,,113.590,115.660,808.680,95.821,35.266,4.179,14.460,1.870,3.780,8.800,0.000,65.250,33.250,0.630,826.660,93.900,4.179,14.460
Kazakhstan,2024,KAZ,20592574,,862.112,41865.195,,118.510,120.920,815.419,94.880,44.001,5.120,18.030,1.870,4.910,11.250,0.000,64.030,34.710,1.740,802.040,95.050,5.120,18.030
Kazakhstan,2025,KAZ,20843758,,,,,123.690,126.100,,,,,18.380,2.040,5.830,10.510,,67.120,36.370,1.820,805.320,99.610,,18.380
Kenya,2020,KEN,52217327,168031463891,81.733,1565.243,0.486,11.680,11.800,,,,,10.930,0.090,1.330,4.230,0.000,0.000,0.000,0.750,71.920,0.840,,10.930
Kenya,2021,KEN,53219167,180662393951,87.007,1634.881,0.482,12.380,12.650,,,,,11.120,0.170,1.990,3.670,0.000,0.000,0.000,1.260,96.120,1.190,,11.120
Kenya,2022,KEN,54252458,190362153076,87.344,1609.946,0.459,12.960,13.260,,,,,11.380,0.420,2.140,3.040,0.000,0.000,0.000,1.580,109.570,1.420,,11.380
Kenya,2023,KEN,55339007,,88.980,1607.913,,12.800,13.690,,,,,11.490,0.580,2.010,2.670,0.000,0.000,0.000,1.310,96.880,1.240,,11.490
Kenya,2024,KEN,56432946,,,,,13.260,14.750,,,,,12.130,0.660,2.170,3.100,0.000,0.000,0.000,1.130,85.220,1.130,,12.130
Kenya,2025,KEN,57532491,,,,,14.040,15.580,,,,,12.640,0.650,2.300,2.940,0.000,0.000,0.000,1.400,95.440,1.340,,12.640
Kiribati,2020,KIR,126110,,0.311,2468.371,,0.040,0.040,,,,,0.010,0.010,0.000,0.000,0.000,0.000,0.000,0.030,500.000,0.020,,0.010
Kiribati,2021,KIR,128387,,0.311,2424.593,,0.040,0.040,,,,,0.010,0.010,0.000,0.000,0.000,0.000,0.000,0.030,500.000,0.020,,0.010
Kiribati,2022,KIR,130483,,0.315,2414.867,,0.040,0.040,,,,,0.010,0.010,0.000,0.000,0.000,0.000,0.000,0.030,500.000,0.020,,0.010
Kiribati,2023,KIR,132540,,0.333,2513.841,,0.040,0.040,,,,,0.010,0.010,0.000,0.000,0.000,0.000,0.000,0.030,500.000,0.020,,0.010
Kiribati,2024,KIR,134521,,,,,0.040,0.040,,,,,0.010,0.010,0.000,0.000,0.000,0.000,0.000,0.030,500.000,0.020,,0.010
Kuwait,2020,KWT,4400146,199796812404,419.679,95378.398,2.101,74.640,74.640,419.512,99.963,0.157,0.037,0.090,0.060,0.030,0.000,0.000,0.000,39.240,35.310,650.190,48.530,0.037,0.090
Kuwait,2021,KWT,4360748,202410138854,469.135,107581.398,2.318,80.800,80.800,468.581,99.889,0.522,0.111,0.210,0.140,0.070,0.000,0.000,0.000,41.080,39.510,649.630,52.490,0.111,0.210
Kuwait,2022,KWT,4589514,218961227193,468.641,102111.328,2.140,85.290,85.290,468.180,99.907,0.435,0.093,1.900,0.180,1.720,0.000,0.000,0.000,43.510,39.880,636.890,54.320,0.093,1.900
Kuwait,2023,KWT,4838781,,498.829,103089.836,,89.760,89.760,498.384,99.916,0.418,0.084,1.910,0.190,1.720,0.000,0.000,0.000,55.060,32.790,636.140,57.100,0.084,1.910
Kuwait,2024,KWT,4934508,,525.025,106398.594,,92.490,92.490,524.603,99.924,0.397,0.076,2.070,0.210,1.860,0.000,0.000,0.000,57.420,33.000,635.200,58.750,0.076,2.070
Kuwait,2025,KWT,5026079,,,,,92.490,92.490,,,,,2.070,0.210,1.860,0.000,0.000,0.000,57.350,33.070,635.310,58.760,,2.070
Kyrgyzstan,2020,KGZ,6664143,28560253227,42.006,6303.290,1.471,15.400,15.450,,,,,13.980,0.000,0.000,13.980,0.000,1.290,0.080,0.050,105.200,1.620,,13.980
Kyrgyzstan,2021,KGZ,6820483,29628978769,43.469,6373.353,1.467,15.140,16.270,,,,,12.960,0.000,0.000,12.960,0.000,1.970,0.170,0.040,151.260,2.290,,12.960
Kyrgyzstan,2022,KGZ,6955792,31703003147,52.652,7569.569,1.661,13.820,16.170,,,,,11.900,0.000,0.000,11.900,0.000,1.760,0.120,0.040,146.890,2.030,,11.900
Kyrgyzstan,2023,KGZ,7073523,,57.174,8082.865,,13.600,16.950,,,,,11.760,0.000,0.000,11.760,0.000,1.590,0.200,0.050,139.710,1.900,,11.760
Kyrgyzstan,2024,KGZ,7186014,,,,,15.770,19.250,,,,,14.000,0.000,0.000,14.000,0.000,1.530,0.190,0.050,119.210,1.880,,14.000
Kyrgyzstan,2025,KGZ,7295037,,,,,15.780,19.310,,,,,13.370,0.000,0.000,13.370,0.000,1.990,0.270,0.150,152.730,2.410,,13.370
Laos,2020,LAO,7346534,50856670244,66.812,9094.354,1.314,39.960,10.590,,,,,28.610,0.040,0.000,28.510,0.000,11.350,0.000,0.000,278.030,11.110,,28.610
Laos,2021,LAO,7453192,52626361275,69.909,9379.786,1.328,44.900,11.530,,,,,33.020,0.070,0.000,32.900,0.000,11.880,0.000,0.000,260.360,11.690,,33.020
Laos,2022,LAO,7559008,54953902901,64.648,8552.412,1.176,51.040,11.950,,,,,38.860,0.080,0.000,38.740,0.000,12.180,0.000,0.000,237.270,12.110,,38.860
Laos,2023,LAO,7665001,,77.418,10100.140,,52.300,17.100,,,,,40.120,0.080,0.000,40.000,0.000,12.180,0.000,0.000,232.120,12.140,,40.120
Laos,2024,LAO,7769823,,,,,52.310,15.610,,,,,40.130,0.090,0.000,40.000,0.000,12.180,0.000,0.000,232.080,12.140,,40.130
Latvia,2020,LVA,1901119,48292861660,41.221,21682.367,0.854,5.720,7.350,30.587,75.106,10.138,24.894,3.640,0.000,0.180,2.600,0.000,0.000,2.080,0.000,176.570,1.010,24.894,3.640
Latvia,2021,LVA,1885593,50255494980,43.077,22845.332,0.857,5.850,7.620,32.291,75.835,10.290,24.165,3.720,0.010,0.140,2.710,0.000,0.000,2.130,0.000,176.070,1.030,24.165,3.720
Latvia,2022,LVA,1881059,51248480035,38.513,20474.271,0.752,5.030,7.340,27.880,73.354,10.127,26.646,3.820,0.080,0.190,2.750,0.000,0.000,1.210,0.000,135.190,0.680,26.646,3.820
Latvia,2023,LVA,1882399,,40.763,21654.951,,6.380,7.180,27.314,68.224,12.722,31.776,4.960,0.240,0.270,3.790,0.000,0.000,1.420,0.000,119.120,0.760,31.776,4.960
Latvia,2024,LVA,1871874,,38.790,20722.363,,6.330,7.400,26.848,70.331,11.326,29.669,4.650,0.540,0.280,3.210,0.000,0.000,1.680,0.000,134.280,0.850,29.669,4.650
Latvia,2025,LVA,1853560,,,,,6.270,7.520,,,,,4.580,0.820,0.220,2.930,0.000,0.000,1.640,0.050,138.760,0.870,,4.580
Lebanon,2020,LBN,5702400,50772560784,97.985,17183.104,1.930,18.250,18.250,,,,,1.230,0.140,0.010,1.050,0.000,0.000,0.000,17.020,615.890,11.240,,1.230
Lebanon,2021,LBN,5718129,50772615264,83.999,14689.979,1.654,10.340,11.140,,,,,0.960,0.310,0.010,0.610,0.000,0.000,0.000,9.380,599.610,6.200,,0.960
Lebanon,2022,LBN,5744492,48741710654,71.652,12473.167,1.470,4.370,4.370,,,,,1.990,1.260,0.010,0.690,0.000,0.000,0.000,2.380,379.860,1.660,,1.990
Lebanon,2023,LBN,5773494,,72.935,12632.702,,6.280,6.280,,,,,2.140,1.400,0.010,0.700,0.000,0.000,0.000,4.140,449.050,2.820,,2.140
Lebanon,2024,LBN,5805962,,,,,5.340,5.340,,,,,2.340,1.600,0.010,0.700,0.000,0.000,0.000,3.000,389.510,2.080,,2.340
Lesotho,2020,LSO,2235727,4623560803,3.607,1613.199,0.780,0.430,0.870,,,,,0.430,0.000,0.000,0.430,0.000,0.000,0.000,0.000,23.260,0.010,,0.430
Lesotho,2021,LSO,2261549,4709220668,3.971,1755.905,0.843,0.530,0.960,,,,,0.530,0.000,0.000,0.530,0.000,0.000,0.000,0.000,18.870,0.010,,0.530
Lesotho,2022,LSO,2286112,4761723180,4.820,2108.480,1.012,0.480,0.910,,,,,0.480,0.000,0.000,0.480,0.000,0.000,0.000,0.000,20.830,0.010,,0.480
Lesotho,2023,LSO,2311476,,5.499,2378.811,,0.000,0.450,,,,,0.000,0.000,0.000,0.000,0.000,0.000,0.000,0.000,,0.000,,0.000
Lesotho,2024,LSO,2337428,,,,,0.000,0.580,,,,,0.000,0.000,0.000,0.000,0.000,0.000,0.000,0.000,,0.000,,0.000
Liberia,2020,LBR,5149470,3845664451,2.824,548.427,0.734,0.450,0.450,,,,,0.130,0.000,0.000,0.130,0.000,0.000,0.000,0.320,466.670,0.210,,0.130
Liberia,2021,LBR,5259327,4037436536,2.675,508.531,0.662,0.380,0.380,,,,,0.130,0.000,0.000,0.130,0.000,0.000,0.000,0.250,421.050,0.160,,0.130
Liberia,2022,LBR,5373297,4231561135,2.854,531.162,0.674,0.390,0.390,,,,,0.130,0.000,0.000,0.130,0.000,0.000,0.000,0.260,435.900,0.170,,0.130
Liberia,2023,LBR,5493035,,2.933,533.960,,0.610,0.610,,,,,0.350,0.000,0.000,0.350,0.000,0.000,0.000,0.260,295.080,0.180,,0.350
Liberia,2024,LBR,5612813,,,,,0.570,0.570,,,,,0.310,0.010,0.000,0.300,0.000,0.000,0.000,0.260,315.790,0.180,,0.310
Libya,2020,LBY,7045403,81726075633,179.237,25440.334,2.193,29.500,30.760,,,,,0.010,0.010,0.000,0.000,0.000,0.000,21.630,7.860,824.070,24.310,,0.010
Libya,2021,LBY,7135179,104883157614,205.434,28791.734,1.959,34.790,35.570,,,,,0.010,0.010,0.000,0.000,0.000,0.000,26.610,8.170,831.560,28.930,,0.010
Libya,2022,LBY,7223804,91444480945,219.313,30359.734,2.398,35.110,35.830,,,,,0.010,0.010,0.000,0.000,0.000,0.000,26.700,8.400,830.530,29.160,,0.010
Libya,2023,LBY,7305659,,215.914,29554.363,,33.750,33.750,,,,,0.010,0.010,0.000,0.000,0.000,0.000,24.900,8.840,825.190,27.850,,0.010
Libya,2024,LBY,7381029,,,,,34.590,34.590,,,,,0.010,0.010,0.000,0.000,0.000,0.000,25.780,8.800,826.830,28.600,,0.010
Lithuania,2020,LTU,2795766,78545278418,70.294,25143.193,0.895,4.700,12.610,62.000,88.644,7.943,11.356,2.570,0.130,1.550,0.300,0.000,0.000,1.700,0.430,231.920,1.090,11.356,2.570
Lithuania,2021,LTU,2794490,83242845981,70.149,25102.789,0.843,4.300,13.340,61.422,87.989,8.384,12.011,2.620,0.190,1.360,0.380,0.000,0.000,1.220,0.460,220.930,0.950,12.011,2.620
Lithuania,2022,LTU,2816923,84814257826,65.066,23098.156,0.767,4.040,12.610,55.369,85.618,9.301,14.382,3.020,0.340,1.510,0.460,0.000,0.000,0.510,0.510,180.690,0.730,14.382,3.020
Lithuania,2023,LTU,2854104,,68.571,24025.424,,5.300,12.230,55.220,81.281,12.717,18.719,4.440,0.690,2.540,0.450,0.000,0.000,0.580,0.280,118.870,0.630,18.719,4.440
Lithuania,2024,LTU,2859112,,73.366,25660.391,,7.390,12.790,55.541,76.586,16.980,23.414,6.230,1.400,3.410,0.440,0.000,0.000,0.840,0.320,116.370,0.860,23.414,6.230
Lithuania,2025,LTU,2830150,,,,,8.890,12.320,,,,,6.900,1.670,3.990,0.350,0.000,0.000,1.470,0.520,138.360,1.230,,6.900
Luxembourg,2020,LUX,630597,33850190319,40.541,64289.547,1.198,1.220,6.680,36.134,89.395,4.287,10.605,0.970,0.160,0.350,0.090,0.000,0.000,0.180,0.070,163.930,0.200,10.605,0.970
Luxembourg,2021,LUX,640276,35577396523,43.215,67493.578,1.215,1.230,6.950,38.818,90.072,4.278,9.928,0.990,0.180,0.310,0.110,0.000,0.000,0.170,0.070,162.600,0.200,9.928,0.990
Luxembourg,2022,LUX,653315,36128358732,38.822,59423.344,1.075,1.210,6.720,34.428,88.965,4.270,11.035,1.040,0.280,0.310,0.060,0.000,0.000,0.100,0.070,140.500,0.170,11.035,1.040
Luxembourg,2023,LUX,665101,,37.698,56679.461,,1.410,6.610,32.815,87.428,4.719,12.572,1.260,0.290,0.500,0.090,0.000,0.000,0.090,0.060,120.570,0.170,12.572,1.260
Luxembourg,2024,LUX,673042,,39.742,59047.879,,1.510,6.760,33.903,85.722,5.647,14.278,1.370,0.360,0.460,0.110,0.000,0.000,0.070,0.070,132.450,0.200,14.278,1.370
Luxembourg,2025,LUX,680454,,,,,1.540,6.700,,,,,1.410,0.470,0.470,0.050,0.000,0.000,0.060,0.070,123.380,0.190,,1.410
Macao,2020,MAC,683069,,12.916,18908.174,,0.560,5.410,,,,,0.190,0.000,0.000,0.000,0.000,0.000,0.210,0.160,482.140,0.270,,0.190
Macao,2021,MAC,694404,,12.319,17740.322,,0.500,5.690,,,,,0.210,0.000,0.000,0.000,0.000,0.000,0.250,0.040,460.000,0.230,,0.210
Macao,2022,MAC,704360,,12.441,17662.996,,0.490,5.360,,,,,0.200,0.000,0.000,0.000,0.000,0.000,0.250,0.040,448.980,0.220,,0.200
Macao,2023,MAC,713916,,13.525,18944.184,,0.660,5.990,,,,,0.220,0.000,0.000,0.000,0.000,0.000,0.370,0.070,484.850,0.320,,0.220
Macao,2024,MAC,720270,,,,,0.780,6.280,,,,,0.240,0.000,0.000,0.000,0.000,0.000,0.490,0.050,474.360,0.370,,0.240
Madagascar,2020,MDG,28953560,35031864099,11.850,409.262,0.338,2.160,2.160,,,,,0.880,0.040,0.000,0.820,0.000,0.210,0.000,1.070,416.670,0.900,,0.880
Madagascar,2021,MDG,29691087,37042695870,15.657,527.316,0.423,2.530,2.530,,,,,0.840,0.040,0.000,0.770,0.000,0.470,0.000,1.220,486.170,1.230,,0.840
Madagascar,2022,MDG,30437261,38602188321,16.568,544.343,0.429,2.640,2.640,,,,,0.930,0.080,0.000,0.820,0.000,0.510,0.000,1.200,477.270,1.260,,0.930
Madagascar,2023,MDG,31195937,,16.603,532.202,,2.480,2.480,,,,,1.090,0.080,0.000,0.980,0.000,0.510,0.000,0.880,423.390,1.050,,1.090
Madagascar,2024,MDG,31964960,,,,,2.430,2.430,,,,,1.030,0.100,0.000,0.900,0.000,0.500,0.000,0.900,432.100,1.050,,1.030
Malawi,2020,MWI,19533885,25108605204,7.823,400.502,0.312,1.750,1.730,,,,,1.740,0.010,0.000,1.680,0.000,0.000,0.000,0.010,34.290,0.060,,1.740
Malawi,2021,MWI,20047264,26255309111,8.316,414.817,0.317,1.830,1.810,,,,,1.750,0.010,0.000,1.690,0.000,0.000,0.000,0.080,54.650,0.100,,1.750
Malawi,2022,MWI,20568731,26465351444,11.022,535.854,0.416,1.830,1.810,,,,,1.750,0.010,0.000,1.690,0.000,0.000,0.000,0.080,54.650,0.100,,1.750
Malawi,2023,MWI,21104480,,11.083,525.152,,1.830,1.810,,,,,1.750,0.010,0.000,1.690,0.000,0.000,0.000,0.080,54.650,0.100,,1.750
Malawi,2024,MWI,21655288,,,,,1.830,1.810,,,,,1.750,0.010,0.000,1.690,0.000,0.000,0.000,0.080,54.650,0.100,,1.750
Malaysia,2020,MYS,33889554,783174020832,1196.895,35317.523,1.528,174.010,172.460,1106.660,92.825,85.538,7.175,30.590,2.060,0.000,27.300,0.000,88.880,53.690,0.850,633.700,110.270,7.175,30.590
Malaysia,2021,MYS,34282404,807389756202,1251.334,36500.762,1.550,175.210,174.270,1150.871,92.354,95.275,7.646,33.730,2.300,0.000,30.200,0.000,79.380,60.960,1.140,611.440,107.130,7.646,33.730
Malaysia,2022,MYS,34695494,877584198429,1355.509,39068.727,1.545,183.630,182.250,1244.331,92.167,105.746,7.833,35.760,2.750,0.000,31.780,0.000,77.780,68.450,1.640,604.040,110.920,7.833,35.760
Malaysia,2023,MYS,35126295,,1325.126,37724.605,,187.800,186.700,1212.272,91.883,107.088,8.117,35.980,3.240,0.000,31.510,0.000,81.400,69.230,1.190,607.880,114.160,8.117,35.980
Malaysia,2024,MYS,35557670,,1381.980,38865.867,,198.120,197.040,1262.247,91.718,113.976,8.282,40.350,4.120,0.000,34.520,0.000,85.300,71.320,1.150,600.440,118.960,8.282,40.350
Malaysia,2025,MYS,35977834,,,,,201.090,199.910,,,,,41.530,4.510,0.000,35.240,,89.600,67.890,2.070,601.970,121.050,,41.530
Maldives,2020,MDV,502127,,5.080,10117.312,,0.820,0.820,,,,,0.040,0.040,0.000,0.000,0.000,0.000,0.000,0.780,621.950,0.510,,0.040
Maldives,2021,MDV,516163,,6.471,12536.174,,0.840,0.840,,,,,0.050,0.050,0.000,0.000,0.000,0.000,0.000,0.790,619.050,0.520,,0.050
Maldives,2022,MDV,524116,,7.413,14143.395,,0.850,0.850,,,,,0.060,0.060,0.000,0.000,0.000,0.000,0.000,0.790,611.770,0.520,,0.060
Maldives,2023,MDV,526009,,7.844,14912.831,,0.850,0.850,,,,,0.060,0.060,0.000,0.000,0.000,0.000,0.000,0.790,611.770,0.520,,0.060
Maldives,2024,MDV,527801,,,,,0.850,0.850,,,,,0.060,0.060,0.000,0.000,0.000,0.000,0.000,0.790,611.770,0.520,,0.060
Mali,2020,MLI,21713837,28586570096,26.826,1235.452,0.938,3.940,4.090,,,,,1.610,0.100,0.000,1.440,0.000,0.000,0.000,2.330,401.020,1.580,,1.610
Mali,2021,MLI,22388637,29459890071,28.480,1272.093,0.967,3.940,4.100,,,,,1.540,0.140,0.000,1.330,0.000,0.000,0.000,2.400,416.240,1.640,,1.540
Mali,2022,MLI,23072641,30551085997,29.273,1268.751,0.958,4.340,4.610,,,,,1.860,0.150,0.000,1.640,0.000,0.000,0.000,2.480,391.710,1.700,,1.860
Mali,2023,MLI,23769130,,30.001,1262.197,,6.010,5.290,,,,,1.190,0.150,0.000,0.970,0.000,0.000,0.000,4.820,535.770,3.220,,1.190
Mali,2024,MLI,24478597,,,,,5.960,5.460,,,,,1.160,0.170,0.000,0.920,0.000,0.000,0.000,4.800,538.590,3.210,,1.160
Malta,2020,MLT,518212,15314071319,37.090,71572.867,2.422,2.150,2.570,,,,,0.250,0.240,0.000,0.000,0.000,0.000,1.840,0.060,506.980,1.090,,0.250
Malta,2021,MLT,524383,17122043843,35.434,67572.727,2.069,2.220,2.730,,,,,0.270,0.260,0.000,0.000,0.000,0.000,1.910,0.040,504.510,1.120,,0.270
Malta,2022,MLT,528194,18295132993,37.943,71835.617,2.074,2.300,2.940,,,,,0.300,0.290,0.000,0.000,0.000,0.000,1.940,0.060,500.000,1.150,,0.300
Malta,2023,MLT,532964,,37.898,71107.688,,2.350,2.970,,,,,0.320,0.310,0.000,0.000,0.000,0.000,2.010,0.020,493.620,1.160,,0.320
Malta,2024,MLT,539612,,,,,2.190,3.160,,,,,0.340,0.330,0.000,0.000,0.000,0.000,1.840,0.010,488.580,1.070,,0.340
Malta,2025,MLT,545406,,,,,2.190,3.230,,,,,0.350,0.340,0.000,0.000,0.000,0.000,1.820,0.020,484.020,1.060,,0.350
Martinique,2020,MTQ,356625,,0.000,0.000,,1.500,1.500,,,,,0.340,0.080,0.040,0.000,,,,1.160,540.000,0.810,,0.340
Martinique,2021,MTQ,353286,,0.000,0.000,,1.510,1.510,,,,,0.380,0.090,0.050,0.000,,,,1.130,523.180,0.790,,0.380
Martinique,2022,MTQ,349462,,0.000,0.000,,1.490,1.490,,,,,0.390,0.090,0.040,0.000,,,,1.100,516.780,0.770,,0.390
Martinique,2023,MTQ,346008,,0.000,0.000,,1.510,1.510,,,,,0.390,0.110,0.030,0.000,,,,1.120,529.800,0.800,,0.390
Mauritania,2020,MRT,4600136,14289417678,18.518,4025.454,1.296,1.630,1.850,,,,,0.470,0.140,0.120,0.210,0.000,0.000,0.000,1.160,472.390,0.770,,0.470
Mauritania,2021,MRT,4734874,14638845766,17.576,3711.977,1.201,1.580,1.770,,,,,0.450,0.140,0.100,0.210,0.000,0.000,0.000,1.130,474.680,0.750,,0.450
Mauritania,2022,MRT,4875644,15674544913,20.279,4159.303,1.294,1.640,2.020,,,,,0.450,0.140,0.100,0.210,0.000,0.000,0.000,1.190,481.710,0.790,,0.450
Mauritania,2023,MRT,5022442,,20.805,4142.476,,2.090,2.350,,,,,0.450,0.140,0.100,0.210,0.000,0.000,0.000,1.640,521.530,1.090,,0.450
Mauritania,2024,MRT,5169403,,,,,2.070,2.370,,,,,0.470,0.160,0.100,0.210,0.000,0.000,0.000,1.600,512.080,1.060,,0.470
Mauritius,2020,MUS,1283231,24077716198,21.876,17047.527,0.909,2.900,2.900,,,,,0.700,0.150,0.020,0.120,0.000,1.140,0.000,1.060,613.790,1.780,,0.700
Mauritius,2021,MUS,1279628,24920195118,21.587,16870.012,0.866,2.990,2.990,,,,,0.640,0.150,0.010,0.110,0.000,1.250,0.000,1.100,628.760,1.880,,0.640
Mauritius,2022,MUS,1276134,26988574640,21.504,16850.510,0.797,3.120,3.120,,,,,0.610,0.160,0.020,0.130,0.000,0.980,0.000,1.530,615.390,1.920,,0.610
Mauritius,2023,MUS,1273591,,22.465,17639.248,,3.270,3.270,,,,,0.570,0.150,0.010,0.090,0.000,1.100,0.000,1.600,633.030,2.070,,0.570
Mauritius,2024,MUS,1271171,,,,,3.410,3.410,,,,,0.610,0.170,0.010,0.110,0.000,1.340,0.000,1.460,642.230,2.190,,0.610
Mexico,2020,MEX,126799053,1880176557054,2070.562,16329.474,1.101,325.730,329.740,1856.528,89.994,178.820,8.668,69.370,15.840,19.700,26.820,11.180,15.300,209.260,20.620,484.050,157.670,10.006,80.550
Mexico,2021,MEX,127648151,1973141022977,2198.545,17223.479,1.114,328.590,327.630,1950.815,89.121,208.781,9.538,82.090,20.190,21.070,34.720,11.920,7.380,195.730,31.470,456.250,149.920,10.879,94.010
Mexico,2022,MEX,128613116,2033437602787,2296.863,17858.697,1.130,340.150,339.880,2049.494,89.592,211.437,9.243,83.130,20.340,20.530,35.560,10.850,10.380,203.160,32.630,464.380,157.960,10.408,93.980
Mexico,2023,MEX,129739761,,2294.144,17682.662,,351.700,350.660,2074.380,90.751,181.211,7.928,71.280,23.340,20.700,20.610,12.390,13.530,219.240,35.260,489.050,172.000,9.249,83.670
Mexico,2024,MEX,130861001,,2310.191,17653.777,,355.180,354.870,2081.638,90.445,189.901,8.251,75.000,25.720,19.750,23.540,12.310,12.390,221.670,33.810,483.140,171.600,9.555,87.310
Mexico,2025,MEX,131946897,,,,,356.970,356.660,,,,,82.430,26.340,21.380,28.750,10.160,10.880,219.920,33.580,474.020,169.210,,92.590
Micronesia (country),2020,FSM,110930,,0.468,4218.897,,,,,,,,,,,,,,,,,,,
Micronesia (country),2021,FSM,111635,,0.462,4140.930,,,,,,,,,,,,,,,,,,,
Micronesia (country),2022,FSM,112122,,0.471,4197.099,,,,,,,,,,,,,,,,,,,
Micronesia (country),2023,FSM,112646,,0.499,4428.093,,,,,,,,,,,,,,,,,,,
Moldova,2020,MDA,3069135,22146328756,39.769,12957.657,1.796,6.180,6.350,,,,,0.360,0.000,0.050,0.280,0.000,0.000,5.820,0.000,673.140,4.160,,0.360
Moldova,2021,MDA,3023780,25234640526,43.499,14385.653,1.724,6.660,6.820,,,,,0.440,0.010,0.080,0.320,0.000,0.000,6.180,0.040,668.170,4.450,,0.440
Moldova,2022,MDA,3039986,23827554273,37.276,12261.839,1.564,5.330,6.170,,,,,0.510,0.050,0.140,0.290,0.000,0.000,4.630,0.190,647.280,3.450,,0.510
Moldova,2023,MDA,3067072,,36.510,11903.726,,6.350,6.430,,,,,0.610,0.090,0.190,0.320,0.000,0.000,5.440,0.300,642.520,4.080,,0.610
Moldova,2024,MDA,3034967,,,,,6.070,6.060,,,,,0.650,0.100,0.210,0.320,0.000,0.000,5.200,0.220,634.270,3.850,,0.650
Moldova,2025,MDA,2996104,,,,,6.160,6.170,,,,,0.690,0.160,0.160,0.350,0.000,0.000,5.250,0.220,633.120,3.900,,0.690
Mongolia,2020,MNG,3290786,41975349786,62.500,18992.549,1.489,6.640,8.280,,,,,0.680,0.120,0.480,0.080,0.000,5.610,0.000,0.350,810.240,5.380,,0.680
Mongolia,2021,MNG,3339676,42662390805,60.842,18217.949,1.426,7.440,9.240,,,,,0.830,0.170,0.580,0.080,0.000,6.270,0.000,0.340,802.420,5.970,,0.830
Mongolia,2022,MNG,3386015,44809463232,52.386,15471.304,1.169,7.750,9.830,,,,,0.760,0.190,0.510,0.060,0.000,6.650,0.000,0.340,814.190,6.310,,0.760
Mongolia,2023,MNG,3431938,,67.522,19674.547,,8.290,10.680,,,,,0.760,0.190,0.510,0.060,0.000,7.060,0.000,0.470,816.650,6.770,,0.760
Mongolia,2024,MNG,3475541,,,,,8.820,11.540,,,,,0.780,0.210,0.510,0.060,0.000,7.470,0.000,0.570,810.660,7.150,,0.780
Mongolia,2025,MNG,3517097,,,,,9.690,12.410,,,,,0.810,0.210,0.540,0.060,0.000,8.310,0.000,0.570,816.310,7.910,,0.810
Montenegro,2020,MNE,607934,10620037519,10.315,16967.131,0.971,3.390,3.470,,,,,1.770,0.000,0.320,1.450,0.000,1.620,0.000,0.000,495.580,1.680,,1.770
Montenegro,2021,MNE,603854,12005261164,11.125,18423.676,0.927,3.770,3.600,,,,,2.330,0.000,0.320,2.010,0.000,1.440,0.000,0.000,400.530,1.510,,2.330
Montenegro,2022,MNE,614649,12774399882,11.375,18506.336,0.890,3.310,3.180,,,,,1.760,0.000,0.320,1.440,0.000,1.550,0.000,0.000,483.380,1.600,,1.760
Montenegro,2023,MNE,633553,,11.773,18582.631,,4.190,3.320,,,,,2.550,0.020,0.310,2.220,0.000,1.640,0.000,0.000,410.500,1.720,,2.550
Montenegro,2024,MNE,638481,,,,,3.530,3.370,,,,,2.100,0.060,0.270,1.770,0.000,1.430,0.000,0.000,422.100,1.490,,2.100
Montenegro,2025,MNE,632730,,,,,2.460,4.340,,,,,1.860,0.140,0.280,1.440,0.000,0.600,0.000,0.000,264.230,0.650,,1.860
Montserrat,2020,MSR,4532,,0.103,22780.908,,0.010,0.010,,,,,0.000,0.000,0.000,0.000,0.000,0.000,0.000,0.010,1000.000,0.010,,0.000
Montserrat,2021,MSR,4505,,0.109,24293.627,,0.010,0.010,,,,,0.000,0.000,0.000,0.000,0.000,0.000,0.000,0.010,1000.000,0.010,,0.000
Montserrat,2022,MSR,4476,,0.110,24477.215,,0.010,0.010,,,,,0.000,0.000,0.000,0.000,0.000,0.000,0.000,0.010,1000.000,0.010,,0.000
Montserrat,2023,MSR,4440,,0.108,24283.598,,0.010,0.010,,,,,0.000,0.000,0.000,0.000,0.000,0.000,0.000,0.010,1000.000,0.010,,0.000
Montserrat,2024,MSR,4414,,,,,0.010,0.010,,,,,0.000,0.000,0.000,0.000,0.000,0.000,0.000,0.010,1000.000,0.010,,0.000
Morocco,2020,MAR,36584208,285515953096,242.404,6625.930,0.849,38.800,39.030,224.075,92.858,17.233,7.142,7.440,1.520,4.590,1.290,0.000,27.210,3.460,0.690,645.620,25.050,7.142,7.440
Morocco,2021,MAR,36954443,308157391278,268.880,7275.982,0.873,41.300,41.140,248.613,92.874,19.077,7.126,8.180,1.820,5.110,1.210,0.000,28.280,3.460,1.380,639.950,26.430,7.126,8.180
Morocco,2022,MAR,37329068,311654947615,266.764,7146.277,0.856,41.410,42.810,248.113,93.384,17.577,6.616,7.530,1.450,5.360,0.680,0.000,29.000,0.690,4.190,662.640,27.440,6.616,7.530
Morocco,2023,MAR,37712516,,271.146,7189.806,,42.460,44.310,248.237,92.026,21.510,7.974,9.220,2.110,6.550,0.520,0.000,27.150,4.260,1.830,616.350,26.170,7.974,9.220
Morocco,2024,MAR,38081176,,276.349,7256.846,,42.400,44.940,251.048,91.327,23.843,8.673,10.350,2.410,7.090,0.810,0.000,26.180,4.330,1.540,594.810,25.220,8.673,10.350
Morocco,2025,MAR,38430774,,,,,44.500,48.230,,,,,10.660,2.570,7.140,0.910,0.000,27.370,4.860,1.610,596.400,26.540,,10.660
Mozambique,2020,MOZ,30783685,29502646219,45.461,1476.798,1.541,19.020,15.610,,,,,15.880,0.070,0.000,15.700,0.000,0.000,3.000,0.140,128.290,2.440,,15.880
Mozambique,2021,MOZ,31707798,30189464161,52.445,1653.995,1.737,18.860,15.900,,,,,15.650,0.070,0.000,15.470,0.000,0.000,3.040,0.170,131.500,2.480,,15.650
Mozambique,2022,MOZ,32656242,31441725629,56.200,1720.951,1.787,19.560,16.370,,,,,16.370,0.070,0.000,16.170,0.000,0.000,3.060,0.130,127.810,2.500,,16.370
Mozambique,2023,MOZ,33635163,,57.067,1696.658,,19.960,16.500,,,,,16.680,0.070,0.000,16.480,0.000,0.000,3.120,0.160,128.760,2.570,,16.680
Mozambique,2024,MOZ,34631767,,,,,19.790,16.490,,,,,16.510,0.080,0.000,16.300,0.000,0.000,3.130,0.150,129.360,2.560,,16.510
Myanmar,2020,MMR,53016525,347785669977,153.342,2892.347,0.441,18.780,17.540,,,,,9.140,0.080,0.000,8.800,0.000,2.460,6.990,0.190,487.220,9.150,,9.140
Myanmar,2021,MMR,53387103,285399881185,147.758,2767.670,0.518,19.980,18.660,,,,,9.860,0.090,0.000,9.510,0.000,2.120,7.880,0.120,484.480,9.680,,9.860
Myanmar,2022,MMR,53756791,291025085135,133.794,2488.871,0.460,23.250,23.050,,,,,9.500,0.160,0.000,9.070,0.000,2.170,11.470,0.110,563.870,13.110,,9.500
Myanmar,2023,MMR,54133800,,133.013,2457.113,,21.100,21.690,,,,,9.810,0.110,0.000,9.430,0.000,1.120,10.040,0.130,515.640,10.880,,9.810
Myanmar,2024,MMR,54500086,,,,,21.710,21.920,,,,,10.390,0.120,0.000,10.000,0.000,1.200,10.000,0.120,502.990,10.920,,10.390
Namibia,2020,NAM,2728760,20505368156,18.239,6684.072,0.889,2.000,4.190,,,,,1.930,0.410,0.020,1.500,0.000,0.060,0.000,0.010,60.000,0.120,,1.930
Namibia,2021,NAM,2810552,21049990407,18.355,6530.722,0.872,1.510,3.950,,,,,1.470,0.480,0.020,0.970,0.000,0.040,0.000,0.000,46.360,0.070,,1.470
Namibia,2022,NAM,2889668,21858730428,17.980,6222.074,0.823,1.320,4.070,,,,,1.300,0.500,0.020,0.780,0.000,0.020,0.000,0.000,45.460,0.060,,1.300
Namibia,2023,NAM,2963102,,18.874,6369.585,,1.890,4.180,,,,,1.850,0.510,0.020,1.320,0.000,0.030,0.000,0.010,47.620,0.090,,1.850
Namibia,2024,NAM,3030127,,,,,1.640,4.040,,,,,1.600,0.580,0.020,1.000,0.000,0.040,0.000,0.000,48.780,0.080,,1.600
Nauru,2020,NRU,11665,,0.312,26711.461,,0.040,0.040,,,,,0.000,0.000,0.000,0.000,0.000,0.000,0.000,0.040,750.000,0.030,,0.000
Nauru,2021,NRU,11727,,0.323,27542.607,,0.040,0.040,,,,,0.000,0.000,0.000,0.000,0.000,0.000,0.000,0.040,750.000,0.030,,0.000
Nauru,2022,NRU,11822,,0.329,27801.133,,0.040,0.040,,,,,0.000,0.000,0.000,0.000,0.000,0.000,0.000,0.040,750.000,0.030,,0.000
Nauru,2023,NRU,11900,,0.348,29242.105,,0.040,0.040,,,,,0.000,0.000,0.000,0.000,0.000,0.000,0.000,0.040,750.000,0.030,,0.000
Nauru,2024,NRU,11968,,,,,0.050,0.050,,,,,0.010,0.010,0.000,0.000,0.000,0.000,0.000,0.040,600.000,0.030,,0.010
Nepal,2020,NPL,28966580,86672124340,45.608,1574.515,0.526,6.180,8.950,,,,,6.180,0.080,0.010,6.090,0.000,0.000,0.000,0.000,22.650,0.140,,6.180
Nepal,2021,NPL,29475016,90865461899,48.149,1633.550,0.530,9.630,10.680,,,,,9.630,0.090,0.010,9.530,0.000,0.000,0.000,0.000,23.880,0.230,,9.630
Nepal,2022,NPL,29715435,95965910597,55.677,1873.664,0.580,10.700,11.190,,,,,10.700,0.100,0.010,10.590,0.000,0.000,0.000,0.000,23.360,0.250,,10.700
Nepal,2023,NPL,29694614,,57.468,1935.312,,10.700,10.650,,,,,10.700,0.100,0.010,10.590,0.000,0.000,0.000,0.000,23.360,0.250,,10.700
Nepal,2024,NPL,29651054,,,,,11.130,11.030,,,,,11.130,0.120,0.010,11.000,0.000,0.000,0.000,0.000,24.260,0.270,,11.130
Netherlands,2020,NLD,17636732,802861622095,989.343,56095.609,1.232,121.960,119.300,878.826,89.240,95.868,9.735,32.730,8.570,15.270,0.050,4.090,7.620,72.520,5.000,342.900,41.820,10.760,36.820
Netherlands,2021,NLD,17730565,841906706612,1015.026,57247.258,1.206,120.890,121.140,884.229,87.583,115.929,11.483,40.440,11.300,18.130,0.090,3.830,14.600,56.690,5.330,351.970,42.550,12.417,44.270
Netherlands,2022,NLD,17904421,879609110665,954.098,53288.391,1.085,119.960,115.690,800.693,84.505,136.600,14.417,48.100,16.660,21.570,0.050,4.160,14.800,47.740,5.160,325.610,39.060,15.495,52.260
Netherlands,2023,NLD,18092526,,939.900,51949.645,,119.960,114.300,766.764,82.326,154.890,16.630,56.840,19.610,29.520,0.070,3.990,8.710,46.090,4.330,268.170,32.170,17.674,60.830
Netherlands,2024,NLD,18228740,,926.465,50824.402,,122.330,118.110,742.610,80.930,166.262,18.119,62.070,21.820,33.480,0.090,3.570,7.470,44.290,4.930,250.720,30.670,19.070,65.640
Netherlands,2025,NLD,18346823,,,,,134.960,121.110,,,,,69.100,28.500,33.700,0.050,3.990,9.550,47.090,5.230,253.560,34.220,,73.090
Netherlands Antilles,2020,ANT,,,27.961,,,,,,,,,,,,,,,,,,,,
Netherlands Antilles,2021,ANT,,,29.285,,,,,,,,,,,,,,,,,,,,
Netherlands Antilles,2022,ANT,,,31.386,,,,,,,,,,,,,,,,,,,,
Netherlands Antilles,2023,ANT,,,30.901,,,,,,,,,,,,,,,,,,,,
Netherlands Antilles,2024,ANT,,,,,,,,,,,,,,,,,,,,,,,
New Caledonia,2020,NCL,284187,,19.225,67648.062,,3.240,3.240,,,,,0.510,0.150,0.050,0.310,0.000,1.530,0.000,1.200,657.410,2.130,,0.510
New Caledonia,2021,NCL,285227,,17.065,59830.672,,2.910,2.910,,,,,0.650,0.180,0.040,0.430,0.000,1.140,0.000,1.120,597.940,1.740,,0.650
New Caledonia,2022,NCL,287130,,18.126,63128.047,,3.090,3.090,,,,,0.810,0.230,0.040,0.540,0.000,1.140,0.000,1.140,566.340,1.750,,0.810
New Caledonia,2023,NCL,289879,,18.504,63832.758,,3.090,3.090,,,,,0.810,0.230,0.040,0.540,0.000,1.140,0.000,1.140,566.340,1.750,,0.810
New Caledonia,2024,NCL,292655,,,,,3.120,3.120,,,,,0.840,0.260,0.040,0.540,0.000,1.140,0.000,1.140,560.900,1.750,,0.840
New Zealand,2020,NZL,5069895,184971347287,239.303,47200.766,1.294,43.350,43.350,145.762,60.725,94.275,39.275,35.080,0.160,2.280,24.030,0.000,1.700,5.940,0.630,142.100,6.160,39.275,35.080
New Zealand,2021,NZL,5107694,196312458906,235.850,46175.445,1.201,43.550,43.550,141.322,59.684,95.464,40.316,35.590,0.210,2.620,23.990,0.000,2.600,4.650,0.710,144.890,6.310,40.316,35.590
New Zealand,2022,NZL,5131731,200602760076,232.710,45347.203,1.160,43.250,43.250,132.413,56.705,101.099,43.295,37.600,0.280,2.890,25.860,0.000,0.720,4.310,0.620,103.120,4.460,43.295,37.600
New Zealand,2023,NZL,5172837,,239.734,46344.711,,42.890,42.890,138.600,57.735,101.460,42.265,38.440,0.370,3.510,26.170,0.000,0.530,3.360,0.560,87.200,3.740,42.265,38.440
New Zealand,2024,NZL,5213942,,233.124,44711.750,,44.010,44.010,134.787,57.446,99.847,42.554,37.840,0.370,4.310,23.450,0.000,1.200,4.310,0.660,112.020,4.930,42.554,37.840
New Zealand,2025,NZL,5251897,,,,,43.340,43.340,,,,,38.370,0.370,4.220,23.770,0.000,0.490,3.840,0.640,92.760,4.020,,38.370
Nicaragua,2020,NIC,6565267,28619004754,19.495,2969.380,0.681,3.790,4.860,,,,,2.650,0.030,0.550,0.570,0.000,0.000,0.000,1.140,250.660,0.950,,2.650
Nicaragua,2021,NIC,6644745,31580275032,21.450,3228.125,0.679,4.210,5.210,,,,,2.910,0.030,0.660,0.600,0.000,0.000,0.000,1.300,261.280,1.100,,2.910
Nicaragua,2022,NIC,6730662,32764782125,21.473,3190.312,0.655,4.320,5.380,,,,,2.770,0.030,0.560,0.600,0.000,0.000,0.000,1.550,289.350,1.250,,2.770
Nicaragua,2023,NIC,6823619,,21.319,3124.248,,4.520,5.340,,,,,2.820,0.030,0.560,0.650,0.000,0.000,0.000,1.700,300.890,1.360,,2.820
Nicaragua,2024,NIC,6916136,,,,,4.520,5.420,,,,,2.820,0.030,0.560,0.650,0.000,0.000,0.000,1.700,300.890,1.360,,2.820
Niger,2020,NER,23717615,21991440513,11.022,464.736,0.501,0.670,1.780,,,,,0.020,0.020,0.000,0.000,0.000,0.210,0.050,0.390,701.490,0.470,,0.020
Niger,2021,NER,24502145,22299096291,10.918,445.613,0.490,0.710,1.830,,,,,0.020,0.020,0.000,0.000,0.000,0.190,0.050,0.450,690.140,0.490,,0.020
Niger,2022,NER,25311978,24776754234,13.490,532.965,0.544,0.790,1.950,,,,,0.020,0.020,0.000,0.000,0.000,0.180,0.050,0.540,683.540,0.540,,0.020
Niger,2023,NER,26159863,,13.586,519.358,,0.970,2.210,,,,,0.020,0.020,0.000,0.000,0.000,0.170,0.050,0.730,680.410,0.660,,0.020
Niger,2024,NER,27032417,,,,,0.950,2.150,,,,,0.030,0.030,0.000,0.000,0.000,0.170,0.050,0.700,673.680,0.640,,0.030
Nigeria,2020,NGA,213996185,1060059201469,475.403,2221.549,0.448,38.000,34.990,,,,,7.810,0.080,0.000,7.690,0.000,0.000,30.190,0.000,523.420,19.890,,7.810
Nigeria,2021,NGA,218529286,1098721596994,512.507,2345.254,0.466,39.200,36.140,,,,,8.100,0.100,0.000,7.940,0.000,0.000,31.100,0.000,522.700,20.490,,8.100
Nigeria,2022,NGA,223150906,1134448580250,517.687,2319.896,0.456,38.000,35.570,,,,,9.390,0.100,0.000,9.230,0.000,0.000,28.610,0.000,497.370,18.900,,9.390
Nigeria,2023,NGA,227882949,,533.847,2342.639,,40.920,38.600,,,,,9.280,0.110,0.000,9.110,0.000,0.000,31.640,0.000,510.260,20.880,,9.280
Nigeria,2024,NGA,232679482,,,,,37.560,35.260,,,,,9.390,0.130,0.000,9.200,0.000,0.000,28.170,0.000,495.740,18.620,,9.390
Nigeria,2025,NGA,237527788,,,,,41.540,39.240,,,,,13.010,0.130,0.000,12.820,0.000,0.000,28.530,0.000,455.710,18.930,,13.010
Niue,2020,NIU,1822,,0.033,17978.350,,0.000,0.000,,,,,0.000,0.000,0.000,0.000,0.000,0.000,0.000,0.000,,0.000,,0.000
Niue,2021,NIU,1836,,0.033,18198.820,,0.000,0.000,,,,,0.000,0.000,0.000,0.000,0.000,0.000,0.000,0.000,,0.000,,0.000
Niue,2022,NIU,1844,,0.034,18580.770,,0.000,0.000,,,,,0.000,0.000,0.000,0.000,0.000,0.000,0.000,0.000,,0.000,,0.000
Niue,2023,NIU,1841,,0.036,19803.477,,0.000,0.000,,,,,0.000,0.000,0.000,0.000,0.000,0.000,0.000,0.000,,0.000,,0.000
North Korea,2020,PRK,26136312,40572892149,217.778,8332.383,5.368,24.100,24.100,,,,,12.900,0.100,0.000,12.800,0.000,10.350,0.000,0.850,424.480,10.230,,12.900
North Korea,2021,PRK,26232530,40550428396,184.664,7039.498,4.554,25.630,25.630,,,,,16.230,0.130,0.000,16.100,0.000,8.890,0.000,0.510,342.570,8.780,,16.230
North Korea,2022,PRK,26328843,40488847458,181.910,6909.168,4.493,26.550,26.550,,,,,16.750,0.150,0.000,16.600,0.000,9.230,0.000,0.570,344.260,9.140,,16.750
North Korea,2023,PRK,26418196,,184.504,6983.977,,26.720,26.720,,,,,16.750,0.150,0.000,16.600,0.000,9.230,0.000,0.740,346.180,9.250,,16.750
North Korea,2024,PRK,26498832,,,,,27.100,27.100,,,,,17.170,0.170,0.000,17.000,0.000,9.230,0.000,0.700,340.590,9.230,,17.170
North Macedonia,2020,MKD,1872021,27100243788,27.708,14801.113,1.022,5.340,7.670,23.800,86.604,3.681,13.396,1.480,0.020,0.120,1.280,0.000,2.630,1.140,0.090,623.600,3.330,13.396,1.480
North Macedonia,2021,MKD,1851109,28165634846,28.998,15665.124,1.030,5.530,8.010,24.623,85.652,4.125,14.348,1.650,0.050,0.100,1.450,0.000,2.190,1.550,0.140,562.390,3.110,14.348,1.650
North Macedonia,2022,MKD,1840236,28770256385,30.734,16701.213,1.068,5.940,7.350,26.517,86.947,3.981,13.053,1.610,0.100,0.110,1.350,0.000,2.770,0.990,0.570,624.580,3.710,13.053,1.610
North Macedonia,2023,MKD,1831800,,32.520,17752.902,,6.890,7.040,26.760,83.167,5.416,16.833,2.210,0.360,0.160,1.620,0.000,2.770,1.380,0.530,568.940,3.920,16.833,2.210
North Macedonia,2024,MKD,1823011,,29.569,16219.917,,6.310,7.020,24.592,83.963,4.697,16.037,2.490,0.890,0.170,1.370,0.000,2.360,1.290,0.170,510.300,3.220,16.037,2.490
North Macedonia,2025,MKD,1813792,,,,,6.820,8.350,,,,,3.220,1.620,0.200,1.360,0.000,2.090,1.340,0.170,441.350,3.010,,3.220
Northern Mariana Islands,2020,MNP,47557,,0.000,0.000,,,,,,,,,,,,,,,,,,,
Northern Mariana Islands,2021,MNP,47003,,0.000,0.000,,,,,,,,,,,,,,,,,,,
Northern Mariana Islands,2022,MNP,46101,,0.000,0.000,,,,,,,,,,,,,,,,,,,
Northern Mariana Islands,2023,MNP,45166,,0.000,0.000,,,,,,,,,,,,,,,,,,,
Norway,2020,NOR,5379275,449485260525,556.381,103430.570,1.238,154.320,133.850,154.663,29.037,377.977,70.963,152.030,0.080,9.910,141.800,0.000,0.040,1.610,0.640,30.390,4.690,70.963,152.030
Norway,2021,NOR,5408082,467007972731,569.200,105249.945,1.219,157.130,139.550,156.456,28.695,388.789,71.305,156.060,0.110,11.760,143.970,0.000,0.040,0.310,0.720,26.920,4.230,71.305,156.060
Norway,2022,NOR,5456796,482328451592,533.568,97780.367,1.106,145.420,132.900,155.415,30.352,356.634,69.648,143.450,0.170,14.800,128.240,0.000,0.040,1.150,0.780,29.640,4.310,69.648,143.450
Norway,2023,NOR,5519167,,551.496,99923.812,,153.630,135.890,154.257,29.242,373.262,70.758,151.280,0.360,13.960,136.710,0.000,0.030,1.530,0.790,30.460,4.680,70.758,151.280
Norway,2024,NOR,5576656,,555.626,99634.312,,157.110,138.670,150.112,28.188,382.426,71.812,154.920,0.530,14.600,139.550,0.000,0.000,1.470,0.720,29.660,4.660,71.812,154.920
Norway,2025,NOR,5623074,,,,,160.810,137.710,,,,,159.200,0.530,13.560,144.770,0.000,0.000,0.900,0.710,28.110,4.520,,159.200
Oman,2020,OMN,4522502,165230251016,361.553,79945.422,2.188,38.200,38.200,361.133,99.891,0.395,0.109,0.100,0.100,0.000,0.000,0.000,0.000,37.200,0.900,565.180,21.590,0.109,0.100
Oman,2021,OMN,4500429,170025212745,398.343,88512.250,2.343,41.000,41.000,396.243,99.504,1.977,0.496,0.700,0.600,0.100,0.000,0.000,0.000,38.800,1.500,559.270,22.930,0.496,0.700
Oman,2022,OMN,4730229,177355008173,424.561,89754.836,2.394,42.400,42.400,419.447,98.864,4.819,1.136,1.900,1.800,0.100,0.000,0.000,0.000,38.800,1.700,545.280,23.120,1.136,1.900
Oman,2023,OMN,5049267,,435.360,86222.508,,45.000,45.000,430.071,98.858,4.966,1.142,2.200,2.100,0.100,0.000,0.000,0.000,41.200,1.600,542.440,24.410,1.142,2.200
Oman,2024,OMN,5281542,,446.875,84610.641,,49.100,49.100,441.590,98.885,4.980,1.115,2.400,2.300,0.100,0.000,0.000,0.000,44.800,1.900,542.770,26.650,1.115,2.400
Oman,2025,OMN,5494696,,,,,52.840,52.840,,,,,2.400,2.300,0.100,0.000,0.000,0.000,48.540,1.900,544.470,28.770,,2.400
Pakistan,2020,PAK,235001745,1202026422230,959.670,4083.671,0.798,146.160,146.660,819.520,86.056,109.215,11.468,42.300,4.100,2.900,33.550,9.640,27.550,49.470,17.200,477.490,69.790,13.944,51.940
Pakistan,2021,PAK,239477805,1278204948031,1066.011,4451.399,0.834,163.210,163.710,915.025,86.422,105.111,9.927,45.770,5.790,4.580,33.550,15.740,25.910,48.670,27.120,456.770,74.550,13.578,61.510
Pakistan,2022,PAK,243700667,1318834969356,979.101,4017.639,0.742,175.970,176.430,814.536,83.805,102.741,10.571,50.550,7.720,6.340,34.580,22.280,27.490,46.980,28.670,431.660,75.960,16.195,72.830
Pakistan,2023,PAK,247504505,,904.241,3653.434,,171.970,172.450,731.522,81.644,109.902,12.266,57.070,11.350,6.050,37.900,22.440,26.440,45.510,20.510,401.290,69.010,18.356,79.510
Pakistan,2024,PAK,251269160,,888.373,3535.542,,174.960,175.440,714.967,81.180,110.151,12.507,65.080,19.830,5.160,38.270,22.880,24.360,43.980,18.660,373.690,65.380,18.820,87.960
Pakistan,2025,PAK,255219560,,,,,195.030,195.510,,,,,83.370,36.610,5.740,39.350,23.710,28.910,41.050,17.990,346.560,67.590,,107.080
Palestine,2020,PSE,5069692,21647493143,21.139,4169.636,0.976,0.840,7.360,,,,,0.180,0.180,0.000,0.000,0.000,0.000,0.000,0.660,523.810,0.440,,0.180
Palestine,2021,PSE,5185341,23165411997,22.642,4366.510,0.977,0.910,7.590,,,,,0.220,0.220,0.000,0.000,0.000,0.000,0.000,0.690,505.500,0.460,,0.220
Palestine,2022,PSE,5305274,24076501614,23.234,4379.497,0.965,1.020,7.720,,,,,0.340,0.340,0.000,0.000,0.000,0.000,0.000,0.680,460.780,0.470,,0.340
Palestine,2023,PSE,5409201,,23.764,4393.309,,0.850,7.920,,,,,0.340,0.340,0.000,0.000,0.000,0.000,0.000,0.510,423.530,0.360,,0.340
Palestine,2024,PSE,5495447,,,,,0.990,7.990,,,,,0.390,0.390,0.000,0.000,0.000,0.000,0.000,0.600,414.140,0.410,,0.390
Panama,2020,PAN,4293258,73827064971,85.134,19829.697,1.153,10.940,10.490,,,,,8.280,0.320,0.580,7.350,0.000,0.610,1.400,0.650,180.990,1.980,,8.280
Panama,2021,PAN,4345410,85518149482,92.708,21334.693,1.084,12.110,11.670,,,,,9.490,0.590,0.530,8.340,0.000,0.500,1.590,0.530,161.850,1.960,,9.490
Panama,2022,PAN,4400775,94762119668,102.472,23285.066,1.081,12.250,11.930,,,,,9.460,0.700,0.580,8.120,0.000,0.500,1.420,0.870,168.980,2.070,,9.460
Panama,2023,PAN,4458758,,101.938,22862.531,,13.110,12.970,,,,,7.950,0.870,0.890,6.150,0.000,0.460,2.790,1.910,266.210,3.490,,7.950
Panama,2024,PAN,4515576,,,,,13.430,13.290,,,,,9.130,0.990,0.960,7.130,0.000,0.500,2.800,1.000,221.150,2.970,,9.130
Papua New Guinea,2020,PNG,9815743,,20.242,2062.187,,4.100,4.100,,,,,1.120,0.000,0.000,1.010,0.000,0.000,0.820,2.160,490.240,2.010,,1.120
Papua New Guinea,2021,PNG,10012898,,19.440,1941.511,,4.530,4.530,,,,,1.120,0.000,0.000,1.010,0.000,0.000,0.860,2.550,507.730,2.300,,1.120
Papua New Guinea,2022,PNG,10203177,,26.243,2572.070,,4.590,4.590,,,,,0.970,0.010,0.000,0.850,0.000,0.000,0.910,2.710,529.410,2.430,,0.970
Papua New Guinea,2023,PNG,10389638,,26.738,2573.497,,4.730,4.730,,,,,1.120,0.010,0.000,1.000,0.000,0.000,0.910,2.700,513.740,2.430,,1.120
Papua New Guinea,2024,PNG,10576509,,,,,4.730,4.730,,,,,1.120,0.010,0.000,1.000,0.000,0.000,0.910,2.700,513.740,2.430,,1.120
Paraguay,2020,PRY,6603741,62487519891,49.929,7560.656,0.799,46.630,18.630,,,,,46.630,0.000,0.000,46.370,0.000,0.000,0.000,0.000,24.880,1.160,,46.630
Paraguay,2021,PRY,6684184,64997640183,54.570,8164.098,0.840,40.840,19.120,,,,,40.840,0.000,0.000,40.570,0.000,0.000,0.000,0.000,24.980,1.020,,40.840
Paraguay,2022,PRY,6760460,65127634644,52.276,7732.660,0.803,44.110,20.160,,,,,44.110,0.000,0.000,43.870,0.000,0.000,0.000,0.000,24.710,1.090,,44.110
Paraguay,2023,PRY,6844150,,51.616,7541.671,,53.040,22.650,,,,,53.040,0.000,0.000,52.800,0.000,0.000,0.000,0.000,24.510,1.300,,53.040
Paraguay,2024,PRY,6929152,,,,,42.410,26.410,,,,,42.410,0.000,0.000,42.170,0.000,0.000,0.000,0.000,24.760,1.050,,42.410
Paraguay,2025,PRY,7013079,,,,,45.350,29.650,,,,,45.350,0.000,0.000,45.110,0.000,0.000,0.000,0.000,24.700,1.120,,45.350
Peru,2020,PER,32838577,292988745490,287.882,8766.572,0.983,52.990,53.030,194.701,68.887,87.938,31.113,33.640,0.790,1.810,30.500,0.000,0.140,18.670,0.540,239.670,12.700,31.113,33.640
Peru,2021,PER,33155883,332691638600,327.493,9877.367,0.984,56.990,57.030,229.980,71.392,92.159,28.608,35.090,0.800,1.820,31.890,0.000,0.140,21.170,0.590,250.920,14.300,28.608,35.090
Peru,2022,PER,33475436,341677633395,338.069,10099.025,0.989,59.900,59.940,246.008,73.845,87.133,26.155,33.090,0.840,1.930,29.730,0.000,0.170,26.020,0.620,287.810,17.240,26.155,33.090
Peru,2023,PER,33845616,,343.300,10143.117,,60.870,60.900,251.679,74.438,86.427,25.562,33.100,0.840,1.930,29.730,0.000,0.040,27.440,0.290,291.770,17.760,25.562,33.100
Peru,2024,PER,34217850,,374.393,10941.455,,59.290,59.320,270.480,73.344,98.304,26.656,35.640,0.950,2.090,32.000,0.000,0.000,23.230,0.420,258.730,15.340,26.656,35.640
Peru,2025,PER,34576673,,,,,60.440,60.470,,,,,38.470,1.830,2.110,33.880,0.000,0.010,21.830,0.130,238.250,14.400,,38.470
Philippines,2020,PHL,112081270,892256290776,513.758,4583.800,0.576,101.750,101.750,452.137,87.173,66.528,12.827,21.600,1.370,1.030,7.190,0.000,58.180,19.500,2.470,598.820,60.930,12.827,21.600
Philippines,2021,PHL,113100947,943141651518,545.557,4823.633,0.578,105.760,105.760,478.585,87.052,71.183,12.948,23.410,1.470,1.280,9.190,0.000,62.050,18.680,1.620,599.570,63.410,12.948,23.410
Philippines,2022,PHL,113964343,1014811024029,570.979,5010.157,0.563,111.550,111.550,500.444,86.968,74.990,13.032,24.720,1.820,1.060,10.090,0.000,66.430,17.880,2.520,602.510,67.210,13.032,24.720
Philippines,2023,PHL,114891199,,608.771,5298.678,,116.730,116.730,533.969,87.078,79.238,12.922,25.010,1.820,1.350,10.090,0.000,73.750,16.670,1.300,616.120,71.920,12.922,25.010
Philippines,2024,PHL,115843663,,652.563,5633.132,,124.170,124.170,572.515,87.182,84.178,12.818,25.420,2.080,1.500,10.090,0.000,79.360,18.050,1.340,621.730,77.200,12.818,25.420
Philippines,2025,PHL,116786960,,,,,123.120,123.120,,,,,28.700,3.000,1.460,12.700,0.000,72.230,21.250,0.940,588.290,72.430,,28.700
Poland,2020,POL,38171005,1098581305284,1139.234,29845.539,1.037,157.150,170.420,1048.529,92.337,87.020,7.663,28.230,1.960,15.800,2.120,0.000,107.400,17.290,4.230,738.280,116.020,7.663,28.230
Poland,2021,POL,38040303,1173809548862,1224.758,32196.334,1.043,178.790,179.680,1127.997,92.401,92.762,7.599,30.560,3.930,16.230,2.340,0.000,127.570,15.820,4.840,756.360,135.230,7.599,30.560
Poland,2022,POL,38385734,1231021338216,1186.868,30919.512,0.964,178.600,176.920,1071.105,90.630,110.737,9.370,37.690,8.310,19.780,1.970,0.000,124.730,11.360,4.820,732.480,130.820,9.370,37.690
Poland,2023,POL,38762847,,1132.880,29225.926,,165.520,169.260,993.986,88.248,132.366,11.752,45.860,11.110,24.180,2.410,0.000,98.850,16.490,4.320,650.680,107.700,11.752,45.860
Poland,2024,POL,38539209,,1125.569,29205.824,,172.120,174.090,972.705,86.955,145.929,13.045,53.610,17.660,25.890,2.110,0.000,93.500,20.460,4.550,608.180,104.680,13.045,53.610
Poland,2025,POL,38140913,,,,,173.260,174.310,,,,,54.590,19.550,24.620,1.700,0.000,87.320,24.820,6.530,588.600,101.980,,54.590
Portugal,2020,PRT,10370519,262724232089,265.248,25577.088,1.010,51.390,52.850,181.059,69.365,79.964,30.635,30.110,1.720,12.300,12.080,0.000,2.360,17.600,1.320,248.300,12.760,30.635,30.110
Portugal,2021,PRT,10390957,277181288542,266.490,25646.334,0.961,49.220,53.970,177.731,67.803,84.396,32.197,31.540,2.240,13.210,11.910,0.000,0.800,15.570,1.310,210.480,10.360,32.197,31.540
Portugal,2022,PRT,10417074,295712910456,262.580,25206.664,0.888,46.330,55.580,184.476,71.247,74.449,28.753,27.610,3.520,13.250,6.540,0.000,0.000,17.390,1.330,225.340,10.440,28.753,27.610
Portugal,2023,PRT,10430735,,265.970,25498.699,,46.140,56.370,170.534,65.330,90.499,34.670,34.360,5.160,13.150,12.040,0.000,0.000,10.420,1.360,158.430,7.310,34.670,34.360
Portugal,2024,PRT,10425291,,270.242,25921.791,,47.270,57.740,159.505,60.259,105.193,39.741,40.270,7.090,14.340,14.890,0.000,0.000,5.630,1.370,110.640,5.230,39.741,40.270
Portugal,2025,PRT,10411831,,,,,51.130,60.440,,,,,41.390,8.860,13.670,15.180,0.000,0.000,8.390,1.350,127.910,6.540,,41.390
Puerto Rico,2020,PRI,3275800,109716979210,69.802,21308.352,0.636,19.070,19.070,,,,,0.760,0.560,0.140,0.050,0.000,3.060,5.620,9.630,668.590,12.750,,0.760
Puerto Rico,2021,PRI,3253210,110191669589,78.374,24091.275,0.711,19.360,19.360,,,,,0.900,0.680,0.160,0.050,0.000,3.180,5.280,10.000,665.290,12.880,,0.900
Puerto Rico,2022,PRI,3240972,113895186748,73.092,22552.434,0.642,19.900,19.900,,,,,1.070,0.850,0.160,0.050,0.000,3.240,5.390,10.200,660.300,13.140,,1.070
Puerto Rico,2023,PRI,3242022,,81.984,25288.041,,19.900,19.900,,,,,1.070,0.850,0.160,0.050,0.000,3.240,5.390,10.200,660.300,13.140,,1.070
Puerto Rico,2024,PRI,3242212,,,,,20.000,20.000,,,,,1.200,0.960,0.180,0.050,0.000,3.200,5.400,10.200,656.000,13.120,,1.200
Puerto Rico,2025,PRI,3235290,,,,,20.270,20.270,,,,,1.290,1.000,0.230,0.050,0.000,3.350,5.980,9.650,654.660,13.270,,1.290
Qatar,2020,QAT,2803375,360517012801,513.361,183122.625,1.424,49.400,49.400,512.910,99.914,0.441,0.086,0.140,0.010,0.000,0.000,0.000,0.000,49.260,0.000,602.630,29.770,0.086,0.140
Qatar,2021,QAT,2814988,366245595916,543.069,192920.656,1.483,51.790,51.790,542.620,99.919,0.439,0.081,0.150,0.010,0.000,0.000,0.000,0.000,51.640,0.000,602.430,31.200,0.081,0.150
Qatar,2022,QAT,2892466,381778107010,565.004,195336.344,1.480,54.750,54.750,563.867,99.808,1.087,0.192,0.720,0.590,0.000,0.000,0.000,0.000,54.030,0.000,596.900,32.680,0.192,0.720
Qatar,2023,QAT,2979086,,619.766,208038.812,,56.380,56.380,614.401,99.184,5.054,0.816,2.010,1.880,0.000,0.000,0.000,0.000,54.370,0.000,584.250,32.940,0.816,2.010
Qatar,2024,QAT,3048429,,653.950,214520.297,,56.680,56.680,648.343,99.189,5.299,0.811,2.280,2.150,0.000,0.000,0.000,0.000,54.400,0.000,581.690,32.970,0.811,2.280
Qatar,2025,QAT,3115891,,,,,56.180,56.180,,,,,2.280,2.150,0.000,0.000,0.000,0.000,53.900,0.000,581.520,32.670,,2.280
Reunion,2020,REU,861452,,0.000,0.000,,3.790,3.790,,,,,0.930,0.260,0.010,0.420,,1.910,,0.950,643.800,2.440,,0.930
Reunion,2021,REU,868085,,0.000,0.000,,3.090,3.090,,,,,0.870,0.270,0.000,0.360,,0.930,,1.290,572.820,1.770,,0.870
Reunion,2022,REU,871543,,0.000,0.000,,3.060,3.060,,,,,1.150,0.270,0.000,0.630,,0.580,,1.330,483.660,1.480,,1.150
Reunion,2023,REU,874883,,0.000,0.000,,3.070,3.070,,,,,1.740,0.290,0.020,0.390,,0.400,,0.930,394.140,1.210,,1.740
Romania,2020,ROU,19392467,483499378450,369.489,19053.199,0.764,55.210,58.000,270.632,74.128,66.143,18.117,24.610,1.730,6.950,15.380,11.470,9.360,9.460,0.310,277.850,15.340,25.872,36.080
Romania,2021,ROU,19248159,505119539256,390.003,20261.834,0.772,58.560,60.760,287.704,74.637,69.975,18.153,26.340,1.700,6.580,17.410,11.280,10.690,9.910,0.340,289.960,16.980,25.363,37.620
Romania,2022,ROU,19166776,504741667296,360.166,18791.148,0.714,54.740,55.960,265.593,74.567,63.340,17.783,23.620,1.990,7.000,13.980,11.090,10.370,9.330,0.330,297.770,16.300,25.433,34.710
Romania,2023,ROU,19118482,,359.369,18796.941,,56.950,53.930,252.935,71.388,74.080,20.908,28.360,2.230,7.550,18.140,11.190,8.060,9.150,0.190,243.200,13.850,28.612,39.550
Romania,2024,ROU,19015096,,355.471,18694.158,,52.720,55.680,257.511,73.311,67.132,19.112,24.520,3.420,6.430,14.190,10.910,7.080,10.030,0.180,251.330,13.250,26.689,35.430
Romania,2025,ROU,18908655,,,,,49.810,54.390,,,,,23.430,4.880,5.970,12.090,10.200,6.680,9.320,0.180,250.750,12.490,,33.630
Russia,2020,RUS,146371295,3606716578675,8075.713,55172.793,2.239,1085.420,1074.680,6961.566,86.683,536.377,6.679,216.250,1.860,1.140,212.440,215.910,174.960,465.880,12.420,417.650,453.330,13.317,432.160
Russia,2021,RUS,145836172,3809571453737,8331.266,57127.566,2.187,1157.070,1135.730,7193.553,86.804,545.825,6.586,220.240,2.310,2.580,214.530,222.390,187.140,513.410,13.890,426.810,493.850,13.196,442.630
Russia,2022,RUS,145579889,3731440829579,8626.760,59257.910,2.312,1166.940,1150.540,7528.345,87.678,508.351,5.920,205.110,2.400,4.200,197.670,223.700,191.960,531.590,14.580,436.330,509.170,12.322,428.810
Russia,2023,RUS,145440502,,8760.904,60237.031,,1178.250,1161.720,7670.828,88.004,515.432,5.913,209.100,2.630,4.750,200.870,217.380,204.060,533.350,14.360,442.740,521.660,11.996,426.480
Russia,2024,RUS,144820421,,9049.149,62485.312,,1209.310,1192.910,7940.717,88.159,540.379,5.999,218.860,2.920,4.570,210.540,215.710,215.170,545.780,13.790,445.980,539.330,11.841,434.570
Russia,2025,RUS,143997393,,,,,1192.790,1176.110,,,,,206.980,2.840,3.640,199.730,218.650,219.520,533.170,14.470,449.730,536.430,,425.630
Rwanda,2020,RWA,13065838,24048043469,5.748,439.894,0.239,0.890,0.910,,,,,0.560,0.030,0.000,0.530,0.000,0.030,0.210,0.090,247.190,0.220,,0.560
Rwanda,2021,RWA,13355260,26663035281,6.516,487.895,0.244,1.000,1.020,,,,,0.590,0.040,0.000,0.550,0.000,0.040,0.220,0.150,280.000,0.280,,0.590
Rwanda,2022,RWA,13651025,28466253314,6.797,497.914,0.239,1.040,1.060,,,,,0.600,0.040,0.000,0.560,0.000,0.050,0.210,0.180,288.460,0.300,,0.600
Rwanda,2023,RWA,13954473,,7.393,529.792,,1.100,1.200,,,,,0.540,0.040,0.000,0.500,0.000,0.170,0.300,0.090,354.550,0.390,,0.540
Rwanda,2024,RWA,14256573,,,,,1.130,1.220,,,,,0.560,0.040,0.000,0.520,0.000,0.170,0.300,0.100,353.980,0.400,,0.560
Saint Helena,2020,SHN,5451,,0.044,8155.021,,0.010,0.010,,,,,0.000,0.000,0.000,0.000,0.000,0.000,0.000,0.010,1000.000,0.010,,0.000
Saint Helena,2021,SHN,5415,,0.048,8847.337,,0.010,0.010,,,,,0.000,0.000,0.000,0.000,0.000,0.000,0.000,0.010,1000.000,0.010,,0.000
Saint Helena,2022,SHN,5369,,0.051,9424.781,,0.010,0.010,,,,,0.000,0.000,0.000,0.000,0.000,0.000,0.000,0.010,1000.000,0.010,,0.000
Saint Helena,2023,SHN,5316,,0.052,9813.147,,0.010,0.010,,,,,0.000,0.000,0.000,0.000,0.000,0.000,0.000,0.010,1000.000,0.010,,0.000
Saint Kitts and Nevis,2020,KNA,46896,,1.050,22395.141,,0.220,0.220,,,,,0.010,0.000,0.010,0.000,0.000,0.000,0.000,0.210,636.360,0.140,,0.010
Saint Kitts and Nevis,2021,KNA,46786,,1.044,22304.869,,0.220,0.220,,,,,0.010,0.000,0.010,0.000,0.000,0.000,0.000,0.210,636.360,0.140,,0.010
Saint Kitts and Nevis,2022,KNA,46732,,1.133,24238.496,,0.220,0.220,,,,,0.010,0.000,0.010,0.000,0.000,0.000,0.000,0.210,636.360,0.140,,0.010
Saint Kitts and Nevis,2023,KNA,46783,,1.116,23859.037,,0.220,0.220,,,,,0.010,0.000,0.010,0.000,0.000,0.000,0.000,0.210,636.360,0.140,,0.010
Saint Kitts and Nevis,2024,KNA,46867,,,,,0.230,0.230,,,,,0.020,0.010,0.010,0.000,0.000,0.000,0.000,0.210,608.700,0.140,,0.020
Saint Lucia,2020,LCA,178261,1361621707,2.396,13442.011,1.760,0.380,0.380,,,,,0.010,0.010,0.000,0.000,0.000,0.000,0.000,0.370,631.580,0.240,,0.010
Saint Lucia,2021,LCA,178540,1515672504,2.490,13946.938,1.643,0.400,0.400,,,,,0.010,0.010,0.000,0.000,0.000,0.000,0.000,0.390,650.000,0.260,,0.010
Saint Lucia,2022,LCA,178794,1749086152,2.534,14172.194,1.449,0.400,0.400,,,,,0.010,0.010,0.000,0.000,0.000,0.000,0.000,0.390,650.000,0.260,,0.010
Saint Lucia,2023,LCA,179291,,2.497,13926.932,,0.400,0.400,,,,,0.010,0.010,0.000,0.000,0.000,0.000,0.000,0.390,650.000,0.260,,0.010
Saint Lucia,2024,LCA,179751,,,,,0.400,0.400,,,,,0.010,0.010,0.000,0.000,0.000,0.000,0.000,0.390,650.000,0.260,,0.010
Saint Pierre and Miquelon,2020,SPM,5852,,0.288,49131.094,,0.050,0.050,,,,,0.000,0.000,0.000,0.000,0.000,0.000,0.000,0.050,600.000,0.030,,0.000
Saint Pierre and Miquelon,2021,SPM,5802,,0.257,44315.492,,0.050,0.050,,,,,0.000,0.000,0.000,0.000,0.000,0.000,0.000,0.050,600.000,0.030,,0.000
Saint Pierre and Miquelon,2022,SPM,5760,,0.248,43032.602,,0.050,0.050,,,,,0.000,0.000,0.000,0.000,0.000,0.000,0.000,0.050,600.000,0.030,,0.000
Saint Pierre and Miquelon,2023,SPM,5707,,0.249,43661.789,,0.050,0.050,,,,,0.000,0.000,0.000,0.000,0.000,0.000,0.000,0.050,600.000,0.030,,0.000
Saint Vincent and the Grenadines,2020,VCT,103540,,1.046,10105.646,,0.150,0.150,,,,,0.020,0.000,0.000,0.020,0.000,0.000,0.000,0.130,600.000,0.090,,0.020
Saint Vincent and the Grenadines,2021,VCT,102848,,1.030,10010.844,,0.140,0.140,,,,,0.020,0.000,0.000,0.020,0.000,0.000,0.000,0.120,571.430,0.080,,0.020
Saint Vincent and the Grenadines,2022,VCT,102063,,1.073,10512.446,,0.150,0.150,,,,,0.020,0.000,0.000,0.020,0.000,0.000,0.000,0.130,600.000,0.090,,0.020
Saint Vincent and the Grenadines,2023,VCT,101331,,1.106,10916.865,,0.150,0.150,,,,,0.020,0.000,0.000,0.020,0.000,0.000,0.000,0.130,600.000,0.090,,0.020
Saint Vincent and the Grenadines,2024,VCT,100630,,,,,0.150,0.150,,,,,0.020,0.000,0.000,0.020,0.000,0.000,0.000,0.130,600.000,0.090,,0.020
Samoa,2020,WSM,211957,,1.361,6422.969,,0.180,0.180,,,,,0.070,0.020,0.000,0.050,0.000,0.000,0.000,0.110,388.890,0.070,,0.070
Samoa,2021,WSM,213792,,1.377,6439.443,,0.170,0.170,,,,,0.080,0.020,0.000,0.050,0.000,0.000,0.000,0.090,352.940,0.060,,0.080
Samoa,2022,WSM,215270,,1.424,6614.565,,0.160,0.160,,,,,0.070,0.020,0.000,0.040,0.000,0.000,0.000,0.090,375.000,0.060,,0.070
Samoa,2023,WSM,216673,,1.491,6879.890,,0.150,0.150,,,,,0.060,0.020,0.000,0.030,0.000,0.000,0.000,0.090,400.000,0.060,,0.060
Samoa,2024,WSM,218031,,,,,0.160,0.160,,,,,0.070,0.030,0.000,0.030,0.000,0.000,0.000,0.090,375.000,0.060,,0.070
Sao Tome and Principe,2020,STP,217450,809328569,0.636,2926.469,0.786,0.110,0.110,,,,,0.010,0.000,0.000,0.010,0.000,0.000,0.000,0.100,636.360,0.070,,0.010
Sao Tome and Principe,2021,STP,221975,824700110,0.659,2968.911,0.799,0.110,0.110,,,,,0.010,0.000,0.000,0.010,0.000,0.000,0.000,0.100,636.360,0.070,,0.010
Sao Tome and Principe,2022,STP,226313,825238400,0.582,2571.202,0.705,0.090,0.090,,,,,0.010,0.000,0.000,0.010,0.000,0.000,0.000,0.080,555.560,0.050,,0.010
Sao Tome and Principe,2023,STP,230882,,0.601,2601.000,,0.090,0.090,,,,,0.010,0.000,0.000,0.010,0.000,0.000,0.000,0.080,555.560,0.050,,0.010
Saudi Arabia,2020,SAU,30991206,1613932868835,2888.253,93195.883,1.790,380.900,380.530,2885.845,99.922,2.263,0.078,0.920,0.910,0.010,,0.000,0.000,231.570,148.410,701.860,267.340,0.078,0.920
Saudi Arabia,2021,SAU,31328374,1677226744197,2982.346,95196.312,1.778,392.950,392.910,2979.729,99.917,2.463,0.083,1.000,0.990,0.010,,0.000,0.000,242.090,149.860,702.430,276.020,0.083,1.000
Saudi Arabia,2022,SAU,32175351,1823886192336,3150.054,97902.695,1.727,409.840,409.800,3144.813,99.843,4.939,0.157,2.010,1.220,0.790,,0.000,0.000,247.840,159.990,700.050,286.910,0.157,2.010
Saudi Arabia,2023,SAU,33264289,,3200.741,96221.539,,429.250,429.210,3188.496,99.641,11.498,0.359,4.720,3.130,1.590,,0.000,0.000,265.500,159.030,697.310,299.320,0.359,4.720
Saudi Arabia,2024,SAU,33962751,,3290.424,96883.312,,454.640,454.590,3265.001,99.272,23.957,0.728,9.820,8.230,1.590,,0.000,0.000,287.980,156.840,691.950,314.590,0.728,9.820
Senegal,2020,SEN,16789217,46743389453,37.170,2213.902,0.795,6.060,6.420,,,,,1.020,0.380,0.220,0.310,0.000,0.150,0.050,4.840,562.710,3.410,,1.020
Senegal,2021,SEN,17220866,49579310412,41.406,2404.388,0.835,6.660,6.970,,,,,1.350,0.540,0.400,0.310,0.000,0.400,0.020,4.890,546.550,3.640,,1.350
Senegal,2022,SEN,17651099,51913993763,45.152,2558.049,0.870,7.160,7.650,,,,,1.410,0.590,0.400,0.310,0.000,0.470,0.020,5.260,550.280,3.940,,1.410
Senegal,2023,SEN,18077573,,43.988,2433.278,,8.200,8.740,,,,,1.390,0.590,0.380,0.310,0.000,0.090,0.020,6.700,557.320,4.570,,1.390
Senegal,2024,SEN,18501988,,,,,7.630,8.130,,,,,1.510,0.680,0.410,0.310,0.000,0.100,0.020,6.000,539.970,4.120,,1.510
Serbia,2020,SRB,6907814,106240984752,178.039,25773.500,1.676,37.180,36.570,,,,,10.160,0.010,0.980,8.980,0.000,26.460,0.510,0.050,736.150,27.370,,10.160
Serbia,2021,SRB,6835429,114262090563,186.240,27246.262,1.630,37.460,38.110,,,,,12.550,0.010,1.080,11.210,0.000,23.770,1.070,0.070,666.310,24.960,,12.550
Serbia,2022,SRB,6791215,116834638171,178.318,26257.111,1.526,34.840,37.590,,,,,9.820,0.020,0.950,8.600,0.000,23.490,1.450,0.080,710.680,24.760,,9.820
Serbia,2023,SRB,6773204,,178.353,26332.174,,39.330,37.140,,,,,13.750,0.050,1.070,12.380,0.000,23.540,1.970,0.070,638.950,25.130,,13.750
Serbia,2024,SRB,6736217,,,,,36.960,37.480,,,,,11.850,0.160,1.250,10.100,0.000,23.260,1.720,0.130,666.400,24.630,,11.850
Serbia,2025,SRB,6689038,,,,,36.620,37.400,,,,,10.180,0.160,1.470,8.140,0.000,23.820,2.510,0.110,695.800,25.480,,10.180
Seychelles,2020,SYC,120299,2871729130,3.595,29880.900,1.252,0.590,0.590,,,,,0.070,0.060,0.010,0.000,0.000,0.000,0.000,0.520,576.270,0.340,,0.070
Seychelles,2021,SYC,123000,2944095268,3.406,27693.805,1.157,0.600,0.600,,,,,0.080,0.070,0.010,0.000,0.000,0.000,0.000,0.520,566.670,0.340,,0.080
Seychelles,2022,SYC,125533,3053368129,3.606,28729.107,1.181,0.620,0.620,,,,,0.090,0.080,0.010,0.000,0.000,0.000,0.000,0.530,564.520,0.350,,0.090
Seychelles,2023,SYC,127961,,3.707,28967.066,,0.620,0.620,,,,,0.090,0.080,0.010,0.000,0.000,0.000,0.000,0.530,564.520,0.350,,0.090
Seychelles,2024,SYC,130436,,,,,0.630,0.630,,,,,0.100,0.090,0.010,0.000,0.000,0.000,0.000,0.530,555.560,0.350,,0.100
Sierra Leone,2020,SLE,7912557,10814455084,4.593,580.416,0.425,0.200,0.200,,,,,0.190,0.010,0.000,0.180,0.000,0.000,0.000,0.010,50.000,0.010,,0.190
Sierra Leone,2021,SLE,8094603,11258356071,5.576,688.847,0.495,0.200,0.200,,,,,0.190,0.010,0.000,0.180,0.000,0.000,0.000,0.010,50.000,0.010,,0.190
Sierra Leone,2022,SLE,8276809,11681270534,5.541,669.458,0.474,0.200,0.200,,,,,0.190,0.010,0.000,0.180,0.000,0.000,0.000,0.010,50.000,0.010,,0.190
Sierra Leone,2023,SLE,8460523,,5.706,674.465,,0.210,0.210,,,,,0.200,0.020,0.000,0.180,0.000,0.000,0.000,0.010,47.620,0.010,,0.200
Sierra Leone,2024,SLE,8642029,,,,,0.210,0.210,,,,,0.200,0.020,0.000,0.180,0.000,0.000,0.000,0.010,47.620,0.010,,0.200
Singapore,2020,SGP,5620151,409204971045,913.371,162517.109,2.232,53.070,53.070,910.410,99.686,2.869,0.314,1.490,0.300,,,0.000,0.530,50.840,0.210,504.620,26.780,0.314,1.490
Singapore,2021,SGP,5546291,445551993008,912.046,164442.578,2.047,55.790,55.790,908.861,99.662,3.080,0.338,1.620,0.400,,,0.000,0.670,52.940,0.560,506.180,28.240,0.338,1.620
Singapore,2022,SGP,5649888,461801118473,895.630,158521.719,1.939,56.920,57.100,890.796,99.479,4.668,0.521,2.330,0.670,,,0.000,0.570,52.540,1.480,504.220,28.700,0.521,2.330
Singapore,2023,SGP,5789092,,991.330,171241.078,,57.320,57.400,986.239,99.507,4.887,0.493,2.600,0.940,,,0.000,0.570,53.060,1.090,500.870,28.710,0.493,2.600
Singapore,2024,SGP,5832387,,1053.921,180701.453,,59.610,59.630,1047.929,99.455,5.745,0.545,2.940,1.280,,,0.000,0.570,54.930,1.170,498.740,29.730,0.545,2.940
Singapore,2025,SGP,5870749,,,,,60.150,60.440,,,,,3.300,1.640,,,,0.570,54.810,1.470,497.090,29.900,,3.300
Slovakia,2020,SVK,5455028,143565091421,181.125,33203.387,1.262,28.510,28.830,121.471,67.706,19.806,11.039,6.850,0.660,0.000,4.520,15.440,1.860,3.570,0.790,158.540,4.520,32.294,22.290
Slovakia,2021,SVK,5442766,147892579134,195.223,35868.371,1.320,29.700,30.470,135.072,69.773,19.772,10.213,6.770,0.670,0.000,4.260,15.730,1.700,4.370,1.130,167.340,4.970,30.227,22.500
Slovakia,2022,SVK,5473195,150360426456,179.893,32867.980,1.196,26.540,27.950,122.055,68.405,17.259,9.672,5.820,0.650,0.000,3.680,15.920,1.620,2.100,1.080,142.050,3.770,31.595,21.740
Slovakia,2023,SVK,5518057,,184.332,33405.191,,29.530,26.110,118.448,64.934,19.250,10.553,6.710,0.610,0.000,4.690,18.330,1.220,2.280,0.990,115.140,3.400,35.066,25.040
Slovakia,2024,SVK,5506759,,181.077,32882.680,,29.520,26.570,114.557,63.883,20.255,11.295,7.100,0.690,0.000,4.830,18.230,0.520,2.880,0.790,96.550,2.850,36.117,25.330
Slovakia,2025,SVK,5474874,,,,,29.100,26.750,,,,,5.450,0.700,0.000,3.160,19.330,0.310,3.280,0.730,94.850,2.760,,24.780
Slovenia,2020,SVN,2102421,60849951865,77.295,36764.934,1.270,16.890,14.890,45.377,59.614,15.055,19.778,5.580,0.370,0.010,4.930,6.350,4.360,0.580,0.020,277.090,4.680,40.386,11.930
Slovenia,2021,SVN,2113495,65846342756,76.582,36234.727,1.163,15.590,15.320,46.636,61.774,14.805,19.610,5.440,0.450,0.010,4.710,5.710,3.850,0.520,0.070,269.400,4.200,38.226,11.150
Slovenia,2022,SVN,2115231,69385349463,70.602,33377.797,1.018,13.360,14.810,44.889,64.346,11.100,15.912,4.070,0.650,0.010,3.150,5.610,3.130,0.490,0.060,257.490,3.440,35.654,9.680
Slovenia,2023,SVN,2118394,,73.762,34819.645,,15.550,14.040,42.131,58.121,16.691,23.026,6.300,0.980,0.010,5.020,5.600,3.140,0.500,0.010,225.080,3.500,41.879,11.900
Slovenia,2024,SVN,2118692,,79.156,37360.676,,16.710,14.300,44.328,56.971,19.247,24.736,6.870,1.270,0.010,5.340,5.840,3.500,0.480,0.020,230.400,3.850,43.029,12.710
Slovenia,2025,SVN,2117070,,,,,14.840,14.310,,,,,5.880,1.540,0.010,4.040,5.830,2.180,0.950,0.000,183.290,2.720,,11.710
Solomon Islands,2020,SLB,744505,,1.304,1751.731,,0.100,0.100,,,,,0.000,0.000,0.000,0.000,0.000,0.000,0.000,0.100,700.000,0.070,,0.000
Solomon Islands,2021,SLB,762594,,1.290,1691.575,,0.100,0.100,,,,,0.000,0.000,0.000,0.000,0.000,0.000,0.000,0.100,700.000,0.070,,0.000
Solomon Islands,2022,SLB,781075,,1.251,1602.052,,0.110,0.110,,,,,0.010,0.010,0.000,0.000,0.000,0.000,0.000,0.100,636.360,0.070,,0.010
Solomon Islands,2023,SLB,800014,,1.326,1657.243,,0.110,0.110,,,,,0.010,0.010,0.000,0.000,0.000,0.000,0.000,0.100,636.360,0.070,,0.010
Solomon Islands,2024,SLB,819206,,,,,0.110,0.110,,,,,0.010,0.010,0.000,0.000,0.000,0.000,0.000,0.100,636.360,0.070,,0.010
Somalia,2020,SOM,16651200,,3.184,191.219,,0.370,0.370,,,,,0.030,0.020,0.010,0.000,0.000,0.000,0.000,0.340,594.600,0.220,,0.030
Somalia,2021,SOM,17271435,,3.321,192.256,,0.380,0.380,,,,,0.040,0.030,0.010,0.000,0.000,0.000,0.000,0.340,578.950,0.220,,0.040
Somalia,2022,SOM,17801895,,3.395,190.723,,0.420,0.420,,,,,0.080,0.070,0.010,0.000,0.000,0.000,0.000,0.340,523.810,0.220,,0.080
Somalia,2023,SOM,18358622,,3.490,190.119,,0.420,0.420,,,,,0.080,0.070,0.010,0.000,0.000,0.000,0.000,0.340,523.810,0.220,,0.080
Somalia,2024,SOM,19009155,,,,,0.430,0.430,,,,,0.090,0.080,0.010,0.000,0.000,0.000,0.000,0.340,511.630,0.220,,0.090
South Africa,2020,ZAF,60562374,675871755463,1399.597,23110.006,2.071,240.740,236.920,1336.406,95.667,36.073,2.582,15.270,6.980,6.410,1.470,9.900,214.080,0.000,1.490,763.150,183.720,4.333,25.170
South Africa,2021,ZAF,61502602,709077881289,1405.650,22855.135,1.982,245.460,241.890,1326.379,94.583,45.540,3.247,18.920,7.840,8.650,2.020,12.350,210.920,0.000,3.270,741.510,182.010,5.417,31.270
South Africa,2022,ZAF,62378417,723559323969,1346.169,21580.689,1.860,239.170,237.660,1269.034,94.504,48.990,3.648,23.620,10.460,9.700,3.100,10.100,201.770,0.000,3.680,729.020,174.360,5.496,33.720
South Africa,2023,ZAF,63212386,,1367.989,21641.150,,232.950,232.400,1293.333,94.795,51.261,3.757,28.880,14.810,11.600,2.000,8.100,192.290,0.000,3.680,714.400,166.420,5.205,36.980
South Africa,2024,ZAF,64007187,,1362.492,21286.549,,247.520,246.220,1291.935,95.044,48.347,3.557,30.970,18.300,11.100,1.100,7.800,206.810,0.000,1.940,717.360,177.560,4.956,38.770
South Africa,2025,ZAF,64747319,,,,,242.760,236.840,,,,,33.100,19.480,11.320,1.830,10.210,197.500,0.000,1.950,699.290,169.760,,43.310
South Korea,2020,KOR,51858481,2001231642062,3389.709,65364.605,1.694,577.110,577.110,2863.894,84.820,117.038,3.466,40.400,19.340,3.150,3.880,160.180,207.970,162.540,6.020,457.630,264.100,15.180,200.580
South Korea,2021,KOR,51848401,2084182684453,3573.318,68918.578,1.714,607.760,607.760,3032.615,85.190,138.026,3.877,48.100,24.720,3.180,3.050,158.010,213.320,181.230,7.100,459.460,279.240,14.810,206.110
South Korea,2022,KOR,51782515,2137558645699,3619.570,69899.453,1.693,622.590,622.590,3016.088,83.668,156.180,4.333,55.490,30.730,3.370,3.540,176.050,209.220,174.710,7.120,438.060,272.730,16.332,231.540
South Korea,2023,KOR,51748744,,3557.898,68753.328,,617.490,617.490,2935.336,82.906,164.985,4.660,59.070,33.240,3.390,3.720,180.490,201.340,169.610,6.980,427.290,263.850,17.094,239.560
South Korea,2024,KOR,51717587,,3616.218,69922.406,,625.380,625.380,2969.066,82.465,170.953,4.748,60.720,32.720,3.360,4.300,188.750,190.780,178.350,6.780,415.510,259.850,17.535,249.470
South Korea,2025,KOR,51667035,,,,,624.660,624.660,,,,,64.930,37.800,3.640,3.800,184.670,194.530,174.580,5.950,417.060,260.520,,249.600
South Sudan,2020,SSD,10698471,,6.724,628.456,,0.560,0.560,,,,,0.010,0.010,0.000,0.000,0.000,0.000,0.000,0.550,642.860,0.360,,0.010
South Sudan,2021,SSD,10865786,,7.273,669.329,,0.570,0.570,,,,,0.010,0.010,0.000,0.000,0.000,0.000,0.000,0.560,649.120,0.370,,0.010
South Sudan,2022,SSD,11021175,,6.841,620.749,,0.510,0.510,,,,,0.010,0.010,0.000,0.000,0.000,0.000,0.000,0.500,647.060,0.330,,0.010
South Sudan,2023,SSD,11483370,,7.041,613.112,,0.560,0.560,,,,,0.010,0.010,0.000,0.000,0.000,0.000,0.000,0.550,642.860,0.360,,0.010
South Sudan,2024,SSD,11943410,,,,,0.560,0.560,,,,,0.010,0.010,0.000,0.000,0.000,0.000,0.000,0.550,642.860,0.360,,0.010
Spain,2020,ESP,47679482,1460507935923,1422.960,29844.283,0.974,259.470,262.750,951.118,67.808,307.592,21.929,113.790,20.670,56.440,30.510,58.300,5.520,69.740,12.120,199.100,51.660,32.192,172.090
Spain,2021,ESP,47735670,1541121952313,1531.899,32091.293,0.994,270.750,271.600,1034.750,68.505,336.409,22.272,125.750,27.100,62.060,29.630,56.560,4.860,71.500,12.080,193.540,52.400,31.495,182.310
Spain,2022,ESP,47828386,1625139888517,1592.166,33289.133,0.980,287.150,267.350,1099.590,69.964,328.112,20.877,122.910,35.720,62.780,17.590,58.590,7.860,86.100,11.690,217.130,62.350,30.036,181.500
Spain,2023,ESP,47911583,,1569.631,32760.994,,279.110,265.150,1022.270,66.196,383.330,24.822,143.780,48.590,64.280,25.000,56.870,3.620,64.360,10.480,169.680,47.360,33.804,200.650
Spain,2024,ESP,47910533,,1624.246,33901.656,,280.940,270.710,1051.883,65.804,413.415,25.863,161.080,58.290,62.200,34.410,54.530,2.580,52.340,10.410,146.220,41.080,34.196,215.610
Spain,2025,ESP,47889960,,,,,287.890,275.100,,,,,160.810,62.900,58.760,32.740,54.070,0.920,62.060,10.030,153.600,44.220,,214.880
Sri Lanka,2020,LKA,22561808,269918239631,104.981,4653.029,0.389,16.500,16.500,88.522,85.110,15.486,14.890,5.870,0.460,0.330,4.980,0.000,6.360,,4.270,512.730,8.460,14.890,5.870
Sri Lanka,2021,LKA,22700377,278898406287,108.849,4795.043,0.390,17.510,17.510,84.890,78.995,22.572,21.005,8.650,0.640,0.650,7.230,0.000,6.110,,2.750,418.050,7.320,21.005,8.650
Sri Lanka,2022,LKA,22834965,254748598293,97.407,4265.696,0.382,16.750,16.750,73.523,76.551,22.521,23.449,8.430,0.840,0.740,6.770,0.000,5.730,,2.590,410.150,6.870,23.449,8.430
Sri Lanka,2023,LKA,22971615,,100.078,4356.593,,16.390,16.390,78.041,79.031,20.706,20.969,7.960,1.000,0.820,5.980,0.000,5.150,,3.280,417.330,6.840,20.969,7.960
Sri Lanka,2024,LKA,23103561,,111.341,4819.195,,17.070,17.070,84.266,76.750,25.527,23.250,9.430,1.310,0.870,7.010,0.000,5.610,,2.030,378.440,6.460,23.250,9.430
Sri Lanka,2025,LKA,23229474,,,,,17.250,17.250,,,,,10.630,2.840,0.930,6.590,,4.750,,1.870,329.280,5.680,,10.630
Sudan,2020,SDN,46789237,,81.082,1732.914,,17.200,17.930,,,,,11.150,0.030,0.000,11.010,0.000,0.000,0.000,6.050,247.670,4.260,,11.150
Sudan,2021,SDN,48066930,,76.548,1592.538,,17.700,18.630,,,,,11.090,0.030,0.000,10.950,0.000,0.000,0.000,6.610,261.580,4.630,,11.090
Sudan,2022,SDN,49383344,,88.416,1790.400,,16.780,17.660,,,,,12.040,0.130,0.000,11.800,0.000,0.000,0.000,4.740,204.410,3.430,,12.040
Sudan,2023,SDN,50042800,,90.126,1800.977,,14.510,15.160,,,,,11.750,0.140,0.000,11.500,0.000,0.000,0.000,2.760,146.110,2.120,,11.750
Sudan,2024,SDN,50448960,,,,,14.770,15.570,,,,,11.770,0.160,0.000,11.500,0.000,0.000,0.000,3.000,153.690,2.270,,11.770
Suriname,2020,SUR,612320,,9.390,15335.176,,2.050,2.050,,,,,0.990,0.010,0.000,0.970,0.000,0.000,0.020,1.040,346.340,0.710,,0.990
Suriname,2021,SUR,617905,,10.799,17477.211,,2.090,2.090,,,,,1.010,0.010,0.000,0.990,0.000,0.000,0.020,1.060,349.280,0.730,,1.010
Suriname,2022,SUR,623172,,11.410,18309.988,,2.110,2.110,,,,,0.940,0.010,0.000,0.920,0.000,0.000,0.020,1.150,374.410,0.790,,0.940
Suriname,2023,SUR,628892,,11.224,17846.547,,1.730,1.730,,,,,0.920,0.010,0.000,0.900,0.000,0.000,0.020,0.790,317.920,0.550,,0.920
Suriname,2024,SUR,634438,,,,,1.740,1.740,,,,,0.920,0.010,0.000,0.900,0.000,0.000,0.020,0.800,321.840,0.560,,0.920
Sweden,2020,SWE,10353682,456885314424,600.279,57977.379,1.314,163.780,138.780,162.972,28.042,296.720,51.056,112.140,1.050,27.520,72.390,49.200,0.000,0.100,2.340,38.710,6.340,71.958,161.340
Sweden,2021,SWE,10416134,481492421258,633.680,60836.348,1.316,171.780,146.210,176.748,28.762,307.327,50.010,115.750,1.530,27.250,73.890,52.970,0.000,0.290,2.770,41.740,7.170,71.238,168.720
Sweden,2022,SWE,10487335,494214521158,621.681,59279.207,1.258,173.050,139.830,159.071,26.392,316.034,52.434,118.230,1.980,33.250,69.870,51.940,0.000,0.150,2.730,41.030,7.100,73.608,170.170
Sweden,2023,SWE,10551493,,599.356,56802.957,,166.050,137.560,157.322,27.144,304.045,52.459,115.250,3.110,34.250,66.190,48.470,0.000,0.160,2.170,38.420,6.380,72.856,163.720
Sweden,2024,SWE,10606993,,610.004,57509.574,,172.150,138.710,164.165,27.790,303.155,51.318,119.400,4.160,40.450,64.610,50.670,0.000,0.110,1.970,34.910,6.010,72.210,170.070
Sweden,2025,SWE,10656636,,,,,170.710,137.110,,,,,121.530,4.430,38.900,68.240,47.100,0.000,0.110,1.970,35.260,6.020,,168.630
Switzerland,2020,CHE,8640582,525896489462,309.602,35831.172,0.589,68.500,62.940,137.713,45.604,107.500,35.598,42.610,2.600,0.150,37.870,24.020,0.000,0.620,1.250,36.640,2.510,54.396,66.630
Switzerland,2021,CHE,8707019,548098275898,290.088,33316.562,0.529,63.090,65.500,131.863,46.596,105.486,37.276,42.010,2.840,0.140,36.960,19.360,0.000,0.500,1.220,38.520,2.430,53.404,61.370
Switzerland,2022,CHE,8792180,559384947989,297.485,33835.207,0.532,61.720,64.860,143.912,49.408,90.574,31.096,35.990,3.860,0.150,29.900,24.150,0.000,0.370,1.210,37.270,2.300,50.592,60.140
Switzerland,2023,CHE,8870564,,317.269,35766.453,,70.070,63.680,142.136,45.961,110.206,35.636,44.260,4.620,0.170,37.390,24.380,0.000,0.270,1.160,34.820,2.440,54.039,68.640
Switzerland,2024,CHE,8921979,,339.266,38025.828,,78.370,63.970,142.694,43.172,131.772,39.868,52.860,5.660,0.180,44.940,24.020,0.000,0.270,1.220,34.580,2.710,56.828,76.880
Switzerland,2025,CHE,8967413,,,,,65.020,65.120,,,,,44.100,7.890,0.140,33.990,19.420,0.000,0.270,1.230,39.220,2.550,,63.520
Syria,2020,SYR,21049431,55872251610,112.455,5342.430,2.013,21.030,20.710,,,,,0.800,0.020,0.000,0.750,0.000,0.000,8.850,11.380,690.920,14.530,,0.800
Syria,2021,SYR,21628837,54251957890,111.164,5139.623,2.049,21.710,21.360,,,,,0.840,0.060,0.000,0.750,0.000,0.000,9.420,11.450,692.310,15.030,,0.840
Syria,2022,SYR,22462170,52353139385,92.358,4111.719,1.764,20.080,19.720,,,,,0.880,0.100,0.000,0.750,0.000,0.000,7.700,11.500,682.270,13.700,,0.880
Syria,2023,SYR,23594623,,93.830,3976.759,,25.020,24.380,,,,,0.880,0.100,0.000,0.750,0.000,0.000,12.950,11.190,705.440,17.650,,0.880
Syria,2024,SYR,24672758,,,,,24.880,24.280,,,,,0.880,0.100,0.000,0.750,0.000,0.000,13.000,11.000,706.190,17.570,,0.880
Taiwan,2020,TWN,23663461,1143369531447,1289.167,54479.203,1.128,279.990,279.990,1173.605,91.286,34.401,2.676,13.400,6.070,2.310,3.020,31.440,128.610,102.030,4.510,648.060,181.450,8.714,44.840
Taiwan,2021,TWN,23558330,1218008773904,1370.345,58168.164,1.125,291.030,291.030,1258.261,92.060,40.074,2.932,15.720,7.970,2.270,3.470,27.790,131.490,110.590,5.440,652.100,189.780,7.940,43.510
Taiwan,2022,TWN,23420107,1247874288934,1316.818,56225.938,1.055,288.190,288.190,1198.666,91.319,55.589,4.235,22.090,10.680,3.580,5.840,23.750,123.510,114.300,4.540,639.230,184.220,8.681,45.840
Taiwan,2023,TWN,23317145,,1256.377,53882.113,,282.280,282.280,1145.573,91.526,62.644,5.005,25.120,12.910,6.240,3.960,17.800,121.600,113.910,3.850,644.180,181.840,8.474,42.920
Taiwan,2024,TWN,23213964,,1253.847,54012.633,,288.560,288.560,1140.805,91.353,78.277,6.268,31.510,14.900,10.330,4.210,12.180,115.620,124.990,4.260,635.190,183.290,8.647,43.690
Taiwan,2025,TWN,23112797,,,,,288.390,288.390,,,,,35.300,15.680,12.010,5.510,3.250,104.550,140.660,4.630,633.210,182.610,,38.550
Tajikistan,2020,TJK,9749312,42778793597,46.341,4753.297,1.083,20.100,18.610,,,,,18.110,0.000,0.000,18.110,0.000,1.660,0.330,0.000,109.950,2.210,,18.110
Tajikistan,2021,TJK,9966912,46800009054,46.508,4666.234,0.994,20.720,18.300,,,,,18.660,0.000,0.000,18.660,0.000,1.750,0.310,0.000,110.520,2.290,,18.660
Tajikistan,2022,TJK,10182228,50544013546,49.126,4824.712,0.972,21.490,18.940,,,,,19.920,0.000,0.000,19.920,0.000,1.280,0.290,0.000,86.550,1.860,,19.920
Tajikistan,2023,TJK,10389807,,49.302,4745.263,,21.230,18.710,,,,,20.000,0.000,0.000,20.000,0.000,1.010,0.220,0.000,74.420,1.580,,20.000
Tajikistan,2024,TJK,10590930,,,,,22.200,19.600,,,,,21.000,0.000,0.000,21.000,0.000,1.000,0.200,0.000,71.170,1.580,,21.000
Tajikistan,2025,TJK,10786738,,,,,24.670,19.470,,,,,23.280,0.000,0.000,23.280,0.000,1.150,0.240,0.000,72.560,1.790,,23.280
Tanzania,2020,TZA,60972803,180418650860,59.435,974.780,0.329,7.830,7.940,,,,,3.240,0.030,0.000,3.140,0.000,0.000,4.510,0.080,298.850,2.340,,3.240
Tanzania,2021,TZA,62830410,189343959556,67.336,1071.708,0.356,8.650,8.790,,,,,3.190,0.030,0.000,3.090,0.000,0.000,5.360,0.100,320.230,2.770,,3.190
Tanzania,2022,TZA,64711822,198220407805,76.824,1187.172,0.388,9.620,9.770,,,,,2.920,0.030,0.000,2.820,0.000,0.000,6.680,0.020,349.270,3.360,,2.920
Tanzania,2023,TZA,66617607,,79.880,1199.085,,10.570,10.760,,,,,2.800,0.030,0.000,2.700,0.000,0.000,7.380,0.390,372.750,3.940,,2.800
Tanzania,2024,TZA,68560162,,,,,8.840,9.030,,,,,2.910,0.040,0.000,2.800,0.000,0.000,5.550,0.380,345.020,3.050,,2.910
Thailand,2020,THA,71641484,1078332670656,1379.634,19257.477,1.279,176.480,203.410,1280.837,93.030,95.962,6.970,25.080,5.030,3.220,4.540,0.000,36.820,113.860,0.720,570.490,100.680,6.970,25.080
Thailand,2021,THA,71727338,1095187026392,1386.818,19334.578,1.266,176.360,207.750,1286.562,92.966,97.350,7.034,26.470,4.990,3.530,4.540,0.000,36.060,113.110,0.720,566.060,99.830,7.034,26.470
Thailand,2022,THA,71735321,1124143758569,1387.880,19347.238,1.235,180.370,213.780,1284.390,92.752,100.366,7.248,28.480,5.030,2.990,6.600,0.000,35.520,114.640,1.730,560.290,101.060,7.248,28.480
Thailand,2023,THA,71702436,,1388.184,19360.342,,190.480,221.030,1279.415,92.392,105.355,7.608,29.760,5.140,3.740,6.590,0.000,30.430,129.400,0.890,549.240,104.620,7.608,29.760
Thailand,2024,THA,71668010,,1420.819,19825.014,,199.520,231.930,1312.641,92.597,104.940,7.403,29.610,5.430,3.380,6.410,0.000,33.260,136.370,0.280,554.730,110.680,7.403,29.610
Thailand,2025,THA,71619866,,,,,188.240,225.100,,,,,31.200,9.980,3.410,7.620,,33.560,123.340,0.140,545.740,102.730,,31.200
Togo,2020,TGO,7788058,12720130961,9.034,1160.004,0.710,0.610,1.420,,,,,0.090,0.010,0.000,0.080,0.000,0.000,0.460,0.060,508.200,0.310,,0.090
Togo,2021,TGO,7936185,13482266787,11.069,1394.713,0.821,0.710,1.510,,,,,0.160,0.070,0.000,0.090,0.000,0.000,0.480,0.070,464.790,0.330,,0.160
Togo,2022,TGO,8068616,14265660408,11.776,1459.491,0.825,0.900,2.030,,,,,0.180,0.100,0.000,0.080,0.000,0.000,0.650,0.070,477.780,0.430,,0.180
Togo,2023,TGO,8223853,,12.373,1504.563,,0.710,2.250,,,,,0.190,0.110,0.000,0.080,0.000,0.000,0.520,0.000,436.620,0.310,,0.190
Togo,2024,TGO,8406554,,,,,0.710,2.210,,,,,0.210,0.130,0.000,0.080,0.000,0.000,0.500,0.000,422.540,0.300,,0.210
Tonga,2020,TON,105721,,0.791,7485.477,,0.070,0.070,,,,,0.010,0.010,0.000,0.000,0.000,0.000,0.000,0.060,571.430,0.040,,0.010
Tonga,2021,TON,105504,,0.796,7542.833,,0.070,0.070,,,,,0.010,0.010,0.000,0.000,0.000,0.000,0.000,0.060,571.430,0.040,,0.010
Tonga,2022,TON,105053,,0.674,6417.716,,0.080,0.080,,,,,0.010,0.010,0.000,0.000,0.000,0.000,0.000,0.070,625.000,0.050,,0.010
Tonga,2023,TON,104613,,0.713,6819.351,,0.070,0.070,,,,,0.010,0.010,0.000,0.000,0.000,0.000,0.000,0.060,571.430,0.040,,0.010
Tonga,2024,TON,104192,,,,,0.070,0.070,,,,,0.010,0.010,0.000,0.000,0.000,0.000,0.000,0.060,571.430,0.040,,0.010
Trinidad and Tobago,2020,TTO,1481026,36985045051,169.343,114341.891,4.579,9.230,9.230,169.327,99.991,0.015,0.009,0.010,0.010,0.000,0.000,0.000,0.000,9.180,0.040,681.470,6.290,0.009,0.010
Trinidad and Tobago,2021,TTO,1487715,36605213818,173.124,116369.273,4.729,9.270,9.270,173.108,99.991,0.015,0.009,0.010,0.010,0.000,0.000,0.000,0.000,9.220,0.040,681.770,6.320,0.009,0.010
Trinidad and Tobago,2022,TTO,1495923,37513383973,173.056,115685.422,4.613,9.500,9.500,173.040,99.991,0.015,0.009,0.010,0.010,0.000,0.000,0.000,0.000,9.450,0.040,682.110,6.480,0.009,0.010
Trinidad and Tobago,2023,TTO,1502938,,163.923,109068.180,,9.520,9.520,163.906,99.991,0.015,0.009,0.010,0.010,0.000,0.000,0.000,0.000,9.470,0.040,681.720,6.490,0.009,0.010
Trinidad and Tobago,2024,TTO,1507778,,159.807,105988.438,,9.550,9.550,159.789,99.989,0.017,0.011,0.010,0.010,0.000,0.000,0.000,0.000,9.500,0.040,681.680,6.510,0.011,0.010
Tunisia,2020,TUN,11974058,120945694784,112.330,9381.091,0.929,21.380,20.780,,,,,0.670,0.150,0.470,0.050,0.000,0.000,20.470,0.240,564.550,12.070,,0.670
Tunisia,2021,TUN,12048625,126273349199,122.770,10189.536,0.972,21.900,22.930,,,,,0.680,0.220,0.430,0.030,0.000,0.000,20.970,0.250,564.380,12.360,,0.680
Tunisia,2022,TUN,12119338,129457959410,122.250,10087.191,0.944,21.410,23.980,,,,,0.650,0.320,0.320,0.010,0.000,0.000,20.520,0.240,565.620,12.110,,0.650
Tunisia,2023,TUN,12200434,,120.689,9892.207,,21.280,23.780,,,,,0.840,0.490,0.340,0.010,0.000,0.000,20.230,0.210,560.150,11.920,,0.840
Tunisia,2024,TUN,12277103,,,,,21.370,23.960,,,,,0.940,0.560,0.370,0.010,0.000,0.000,20.200,0.230,558.260,11.930,,0.940
Tunisia,2025,TUN,12348576,,,,,22.310,24.900,,,,,0.900,0.560,0.330,0.010,0.000,0.000,21.180,0.230,560.290,12.500,,0.900
Turkey,2020,TUR,86091691,2029749392174,1821.829,21161.500,0.898,302.000,301.410,1482.096,81.897,327.603,18.103,127.330,11.200,24.610,77.860,0.000,106.260,68.070,0.340,482.450,145.700,18.103,127.330
Turkey,2021,TUR,86686254,2260196231771,1950.923,22505.564,0.863,327.880,326.030,1636.802,84.304,304.751,15.696,116.070,13.280,31.020,55.510,0.000,104.120,107.340,0.350,500.610,164.140,15.696,116.070
Turkey,2022,TUR,87058469,2385996374127,1969.050,22617.557,0.825,320.560,323.290,1604.550,81.964,353.075,18.036,134.350,15.160,34.690,66.660,0.000,113.620,71.860,0.730,487.930,156.410,18.036,134.350
Turkey,2023,TUR,87270502,,1961.496,22476.043,,319.790,323.810,1591.713,81.674,357.138,18.326,134.340,18.400,33.880,63.720,0.000,118.030,66.480,0.940,493.730,157.890,18.326,134.340
Turkey,2024,TUR,87473800,,2093.058,23927.826,,341.230,340.240,1667.243,80.214,411.239,19.786,155.650,25.670,36.530,74.570,0.000,121.320,63.280,0.980,469.740,160.290,19.786,155.650
Turkey,2025,TUR,87685427,,,,,353.860,351.930,,,,,153.070,37.250,39.420,57.270,0.000,121.400,78.360,1.030,474.740,167.990,,153.070
Turkmenistan,2020,TKM,6949915,91559235694,444.261,63923.270,4.852,25.760,22.560,444.235,99.994,0.025,0.006,0.000,0.000,0.000,0.000,0.000,0.000,25.760,0.000,1306.680,33.660,0.006,0.000
Turkmenistan,2021,TKM,7092042,95789282239,444.797,62717.742,4.643,28.400,25.200,444.770,99.994,0.025,0.006,0.010,0.000,0.000,0.010,0.000,0.000,28.390,0.000,1305.990,37.090,0.006,0.010
Turkmenistan,2022,TKM,7230197,97502944727,471.771,65250.055,4.839,32.600,23.600,471.744,99.995,0.025,0.005,0.010,0.000,0.000,0.010,0.000,0.000,32.590,0.000,1306.140,42.580,0.005,0.010
Turkmenistan,2023,TKM,7364437,,438.460,59537.512,,32.600,23.600,438.434,99.994,0.025,0.006,0.010,0.000,0.000,0.010,0.000,0.000,32.590,0.000,1306.140,42.580,0.006,0.010
Turkmenistan,2024,TKM,7494494,,371.164,49524.949,,33.010,24.010,371.138,99.993,0.025,0.007,0.010,0.000,0.000,0.010,0.000,0.000,33.000,0.000,1306.270,43.120,0.007,0.010
Turks and Caicos Islands,2020,TCA,44405,,1.852,41699.660,,0.250,0.250,,,,,0.000,0.000,0.000,0.000,0.000,0.000,0.000,0.250,640.000,0.160,,0.000
Turks and Caicos Islands,2021,TCA,45262,,1.896,41892.797,,0.260,0.260,,,,,0.000,0.000,0.000,0.000,0.000,0.000,0.000,0.260,653.850,0.170,,0.000
Turks and Caicos Islands,2022,TCA,45869,,1.888,41151.160,,0.260,0.260,,,,,0.000,0.000,0.000,0.000,0.000,0.000,0.000,0.260,653.850,0.170,,0.000
Turks and Caicos Islands,2023,TCA,46221,,1.859,40224.883,,0.260,0.260,,,,,0.000,0.000,0.000,0.000,0.000,0.000,0.000,0.260,653.850,0.170,,0.000
Turks and Caicos Islands,2024,TCA,46563,,,,,0.270,0.270,,,,,0.010,0.010,0.000,0.000,0.000,0.000,0.000,0.260,629.630,0.170,,0.010
Tuvalu,2020,TUV,10423,,0.000,0.000,,,,,,,,,,,,,,,,,,,
Tuvalu,2021,TUV,10214,,0.000,0.000,,,,,,,,,,,,,,,,,,,
Tuvalu,2022,TUV,10012,,0.000,0.000,,,,,,,,,,,,,,,,,,,
Tuvalu,2023,TUV,9837,,0.000,0.000,,,,,,,,,,,,,,,,,,,
Uganda,2020,UGA,44457148,91695146192,27.292,613.902,0.298,4.600,4.400,,,,,4.480,0.140,0.000,4.080,0.000,0.000,0.000,0.120,54.350,0.250,,4.480
Uganda,2021,UGA,45910931,97200521048,30.122,656.094,0.310,5.270,4.900,,,,,5.140,0.130,0.000,4.640,0.000,0.000,0.000,0.130,55.030,0.290,,5.140
Uganda,2022,UGA,47312718,101995416951,31.378,663.202,0.308,5.750,5.340,,,,,5.600,0.150,0.000,4.980,0.000,0.000,0.000,0.150,57.390,0.330,,5.600
Uganda,2023,UGA,48656606,,32.117,660.066,,5.770,5.330,,,,,5.600,0.150,0.000,4.980,0.000,0.000,0.000,0.170,58.930,0.340,,5.600
Uganda,2024,UGA,50015091,,,,,5.810,5.370,,,,,5.640,0.170,0.000,5.000,0.000,0.000,0.000,0.170,58.520,0.340,,5.640
Ukraine,2020,UKR,44680008,428931213784,918.452,20556.209,2.141,147.790,145.370,680.882,74.661,42.929,4.707,16.950,5.370,3.260,7.560,76.200,40.200,14.190,0.250,325.390,48.090,25.339,93.150
Ukraine,2021,UKR,44298642,443313281092,934.935,21105.271,2.109,156.440,154.400,660.588,71.218,54.635,5.890,21.670,6.500,3.820,10.440,86.210,37.490,10.320,0.750,279.470,43.720,28.782,107.880
Ukraine,2022,UKR,41048768,309166674673,618.781,15074.283,2.001,111.510,111.610,414.518,67.587,46.016,7.503,18.300,5.080,1.420,11.020,62.180,23.320,7.180,0.530,250.470,27.930,32.413,80.480
Ukraine,2023,UKR,37732833,,588.130,15586.688,,,,404.017,69.396,51.098,8.777,,,,,,,,,,,30.604,
Ukraine,2024,UKR,37860221,,601.054,15875.597,,,,417.078,70.004,49.443,8.299,,,,,,,,,,,29.996,
United Arab Emirates,2020,ARE,9448529,698549476819,1184.499,125363.312,1.696,137.310,137.280,1166.780,98.579,12.804,1.082,5.180,5.180,0.000,,1.630,0.730,129.770,0.000,645.690,88.660,1.421,6.810
United Arab Emirates,2021,ARE,9789055,725904671328,1240.606,126734.023,1.709,149.050,149.260,1197.759,96.660,15.401,1.243,6.250,6.250,0.000,,10.550,3.010,129.240,0.000,605.300,90.220,3.340,16.800
United Arab Emirates,2022,ARE,10242085,779701520404,1352.948,132096.891,1.735,155.420,155.310,1282.422,94.932,19.064,1.411,7.750,7.740,0.000,,20.100,0.000,127.570,0.000,558.490,86.800,5.068,27.850
United Arab Emirates,2023,ARE,10642089,,1433.276,134679.922,,167.530,167.430,1309.182,91.608,35.935,2.514,14.670,14.400,0.060,,34.440,0.000,118.420,0.000,483.790,81.050,8.392,49.110
United Arab Emirates,2024,ARE,11027135,,1522.037,138026.484,,177.260,177.020,1380.582,90.953,38.241,2.519,15.620,15.210,0.200,,40.630,0.000,121.010,0.000,467.510,82.870,9.047,56.250
United Kingdom,2020,GBR,67351860,2334804059780,1982.843,29440.059,0.849,310.300,328.550,1464.439,74.612,374.262,19.068,133.630,12.550,75.620,6.880,50.240,5.700,111.890,8.840,242.540,75.260,25.388,183.870
United Kingdom,2021,GBR,67668788,2512190098029,1990.967,29422.240,0.793,307.900,332.640,1514.853,76.764,344.991,17.482,122.490,12.130,64.930,5.420,46.100,6.790,122.840,9.680,267.100,82.240,23.236,168.590
United Kingdom,2022,GBR,68179315,2615230634906,2009.944,29480.258,0.769,324.580,320.280,1494.374,75.077,379.629,19.072,135.060,13.340,80.210,5.660,47.400,5.940,125.110,11.070,254.980,82.760,24.923,182.460
United Kingdom,2023,GBR,68682965,,1929.626,28094.684,,292.530,315.830,1428.648,74.837,381.354,19.976,135.670,13.880,82.150,5.540,40.600,3.780,101.660,10.820,235.630,68.930,25.163,176.270
United Kingdom,2024,GBR,69138185,,1936.960,28015.771,,284.160,317.350,1409.699,73.543,408.147,21.293,143.920,14.790,83.280,5.760,40.590,1.900,86.300,11.450,216.500,61.520,26.457,184.510
United Kingdom,2025,GBR,69551334,,,,,292.310,321.380,,,,,151.920,19.320,85.840,5.550,36.380,0.330,90.910,12.770,217.410,63.550,,188.300
United States,2020,USA,339436156,18027359681343,24630.395,72562.672,1.366,4043.180,4090.490,19944.744,81.489,2477.656,10.123,821.400,130.720,337.940,279.950,789.880,773.390,1624.170,34.340,411.730,1664.710,18.511,1611.280
United States,2021,USA,340161438,19099378164000,25956.828,76307.383,1.359,4153.620,4192.930,21170.129,82.050,2610.055,10.116,861.580,164.420,378.200,246.470,779.650,898.000,1579.190,35.200,423.780,1760.230,17.950,1641.230
United States,2022,USA,341534041,19493170182843,26512.510,77627.719,1.360,4286.890,4328.100,21487.639,81.552,2865.251,10.875,958.140,205.070,434.300,248.760,771.540,831.510,1687.060,38.640,410.390,1759.300,18.448,1729.680
United States,2023,USA,343477330,,26216.545,76326.859,,4253.910,4272.810,21127.553,81.147,2919.287,11.212,964.740,238.940,421.140,239.010,774.870,675.110,1806.060,33.130,392.890,1671.300,18.853,1739.610
United States,2024,USA,345426566,,26528.611,76799.570,,4391.020,4404.830,21166.570,80.330,3175.228,12.050,1056.630,303.750,451.900,237.040,781.860,652.160,1869.900,30.470,383.780,1685.190,19.670,1838.490
United States,2025,USA,347275809,,,,,4519.790,4535.810,,,,,1158.800,388.820,464.390,241.700,784.780,737.150,1807.340,31.720,384.400,1737.420,,1943.580
United States Virgin Islands,2020,VIR,87724,,9.277,105750.422,,0.640,0.640,,,,,0.010,0.010,0.000,0.000,0.000,0.000,0.000,0.630,640.630,0.410,,0.010
United States Virgin Islands,2021,VIR,87238,,9.780,112109.336,,0.660,0.660,,,,,0.020,0.020,0.000,0.000,0.000,0.000,0.000,0.640,636.360,0.420,,0.020
United States Virgin Islands,2022,VIR,86521,,9.280,107261.328,,0.680,0.680,,,,,0.020,0.020,0.000,0.000,0.000,0.000,0.000,0.660,632.350,0.430,,0.020
United States Virgin Islands,2023,VIR,85712,,9.714,113333.984,,0.680,0.680,,,,,0.020,0.020,0.000,0.000,0.000,0.000,0.000,0.660,632.350,0.430,,0.020
Uruguay,2020,URY,3398966,63072414563,43.678,12850.293,0.693,13.570,12.940,,,,,12.760,0.460,5.480,4.090,0.000,0.000,0.000,0.810,94.330,1.280,,12.760
Uruguay,2021,URY,3396693,65848852721,45.263,13325.694,0.687,15.990,13.200,,,,,13.530,0.480,4.990,5.270,0.000,0.000,0.010,2.450,150.720,2.410,,13.530
Uruguay,2022,URY,3390913,69066228178,47.426,13986.177,0.687,14.860,13.500,,,,,13.490,0.500,4.780,5.690,0.000,0.000,0.000,1.370,110.360,1.640,,13.490
Uruguay,2023,URY,3388083,,45.432,13409.495,,12.820,13.970,,,,,11.850,0.490,4.760,3.520,0.000,0.000,0.000,0.970,113.110,1.450,,11.850
Uruguay,2024,URY,3386583,,,,,13.370,14.520,,,,,13.220,0.560,5.160,4.500,0.000,0.000,0.000,0.150,69.560,0.930,,13.220
Uruguay,2025,URY,3384686,,,,,11.940,14.750,,,,,11.680,0.610,4.850,3.250,0.000,0.000,0.000,0.260,80.400,0.960,,11.680
Uzbekistan,2020,UZB,33586373,346785285756,539.818,16072.522,1.557,66.530,69.050,526.670,97.707,12.361,2.293,5.010,0.010,0.000,5.000,0.000,5.200,55.840,0.480,1149.110,76.450,2.293,5.010
Uzbekistan,2021,UZB,34243696,372457828275,575.917,16818.205,1.546,71.440,75.030,562.676,97.833,12.464,2.167,5.020,0.050,0.000,4.970,0.000,4.960,60.060,1.400,1150.480,82.190,2.167,5.020
Uzbekistan,2022,UZB,34938953,393572464308,592.522,16958.777,1.505,75.070,77.400,577.534,97.613,14.125,2.387,6.920,0.440,0.000,6.480,0.000,5.640,61.030,1.480,1121.350,84.180,2.387,6.920
Uzbekistan,2023,UZB,35652311,,600.413,16840.781,,76.800,79.730,580.601,96.896,18.602,3.104,7.600,0.450,0.550,6.600,0.000,5.700,62.000,1.500,1113.280,85.500,3.104,7.600
Uzbekistan,2024,UZB,36361859,,695.576,19129.268,,81.500,84.430,661.851,95.418,31.780,4.582,13.000,2.900,1.900,8.200,0.000,5.700,61.300,1.500,1040.120,84.770,4.582,13.000
Uzbekistan,2025,UZB,37053428,,,,,86.700,89.630,,,,,16.800,6.500,4.000,6.300,0.000,5.700,62.700,1.500,1000.000,86.700,,16.800
Vanuatu,2020,VUT,298867,,1.085,3630.974,,0.090,0.090,,,,,0.030,0.010,0.010,0.010,0.000,0.000,0.000,0.060,444.440,0.040,,0.030
Vanuatu,2021,VUT,305882,,1.144,3738.690,,0.080,0.080,,,,,0.020,0.010,0.000,0.010,0.000,0.000,0.000,0.060,500.000,0.040,,0.020
Vanuatu,2022,VUT,313061,,1.148,3666.614,,0.080,0.080,,,,,0.020,0.010,0.000,0.010,0.000,0.000,0.000,0.060,500.000,0.040,,0.020
Vanuatu,2023,VUT,320422,,1.215,3790.565,,0.080,0.080,,,,,0.020,0.010,0.000,0.010,0.000,0.000,0.000,0.060,500.000,0.040,,0.020
Venezuela,2020,VEN,28444080,138029481377,527.860,18557.822,3.824,80.510,79.860,351.342,67.919,165.955,32.081,62.540,0.010,0.020,62.510,0.000,0.000,11.660,6.310,184.570,14.860,32.081,62.540
Venezuela,2021,VEN,28237830,138656126606,604.086,21392.791,4.357,82.930,82.930,426.502,71.843,167.159,28.157,65.710,0.010,0.020,65.680,0.000,0.000,11.780,5.440,174.240,14.450,28.157,65.710
Venezuela,2022,VEN,28213015,149682062815,646.047,22898.904,4.316,82.360,82.360,467.382,73.516,168.376,26.484,64.540,0.010,0.020,64.510,0.000,0.000,12.110,5.710,180.430,14.860,26.484,64.540
Venezuela,2023,VEN,28300861,,699.480,24715.852,,71.960,71.960,510.744,74.241,177.210,25.759,65.010,0.010,0.020,64.980,0.000,0.000,3.690,3.260,91.860,6.610,25.759,65.010
Venezuela,2024,VEN,28405544,,698.546,24591.875,,80.130,80.130,509.976,74.160,177.697,25.840,73.030,0.010,0.020,73.000,0.000,0.000,3.600,3.500,85.860,6.880,25.840,73.030
Vietnam,2020,VNM,98079196,752629620043,1228.728,12527.920,1.633,244.000,245.510,1005.433,82.724,209.976,17.276,84.950,10.760,0.980,72.870,0.000,122.530,34.660,1.860,528.440,128.940,17.276,84.950
Vietnam,2021,VNM,98935101,771912038182,1223.385,12365.529,1.585,253.610,254.430,939.331,77.840,267.416,22.160,108.480,26.150,3.340,78.670,0.000,118.030,26.310,0.790,475.060,120.480,22.160,108.480
Vietnam,2022,VNM,99680656,833803909046,1293.495,12976.387,1.551,265.110,267.430,951.403,74.688,322.437,25.312,131.130,25.750,9.090,95.910,0.000,104.040,29.220,0.720,415.410,110.130,25.312,131.130
Vietnam,2023,VNM,100352189,,1375.936,13711.071,,276.590,280.070,1066.903,78.612,290.271,21.388,118.770,25.690,11.590,80.620,0.000,129.760,26.360,1.700,472.400,130.660,21.388,118.770
Vietnam,2024,VNM,100987685,,1476.252,14618.140,,303.580,307.180,1143.390,78.466,313.791,21.534,128.360,25.860,12.750,88.720,0.000,152.770,21.830,0.620,484.320,147.030,21.534,128.360
Vietnam,2025,VNM,101598530,,,,,309.990,313.590,,,,,140.790,23.040,14.370,102.350,0.000,149.240,19.340,0.620,460.730,142.820,,140.790
Western Sahara,2020,ESH,549374,,1.039,1890.821,,,,,,,,,,,,,,,,,,,
Western Sahara,2021,ESH,558625,,1.096,1962.096,,,,,,,,,,,,,,,,,,,
Western Sahara,2022,ESH,568746,,1.131,1987.782,,,,,,,,,,,,,,,,,,,
Western Sahara,2023,ESH,579734,,1.171,2020.287,,,,,,,,,,,,,,,,,,,
Yemen,2020,YEM,36134867,60559285911,33.196,918.665,0.548,2.940,2.940,,,,,0.490,0.490,0.000,0.000,0.000,0.000,0.410,2.040,578.230,1.700,,0.490
Yemen,2021,YEM,37140234,59953691816,32.064,863.311,0.535,2.920,2.920,,,,,0.500,0.500,0.000,0.000,0.000,0.000,0.630,1.790,589.040,1.720,,0.500
Yemen,2022,YEM,38222878,60852995288,34.170,893.955,0.562,3.030,3.030,,,,,0.510,0.510,0.000,0.000,0.000,0.000,0.540,1.980,584.160,1.770,,0.510
Yemen,2023,YEM,39390800,,34.487,875.518,,5.120,5.120,,,,,0.520,0.520,0.000,0.000,0.000,0.000,0.060,4.540,597.660,3.060,,0.520
Yemen,2024,YEM,40583173,,,,,5.250,5.250,,,,,0.590,0.590,0.000,0.000,0.000,0.000,0.060,4.600,592.380,3.110,,0.590
Zambia,2020,ZMB,19059394,63281615083,38.495,2019.728,0.608,15.230,14.020,,,,,13.020,0.150,0.000,12.790,0.000,1.890,0.000,0.320,135.260,2.060,,13.020
Zambia,2021,ZMB,19603610,66191936884,41.292,2106.333,0.624,17.720,15.590,,,,,16.300,0.150,0.000,16.070,0.000,1.300,0.000,0.120,86.910,1.540,,16.300
Zambia,2022,ZMB,20152935,68469600029,40.040,1986.802,0.585,19.470,16.430,,,,,17.310,0.140,0.000,17.090,0.000,2.160,0.000,0.000,111.970,2.180,,17.310
Zambia,2023,ZMB,20723967,,50.199,2422.260,,19.460,16.090,,,,,17.320,0.150,0.000,17.090,0.000,2.130,0.000,0.010,111.000,2.160,,17.320
Zambia,2024,ZMB,21314962,,,,,19.720,16.600,,,,,17.250,0.170,0.000,17.000,0.000,2.130,0.000,0.340,119.680,2.360,,17.250
Zimbabwe,2020,ZWE,15526887,23178707175,33.586,2163.068,1.449,6.710,8.690,,,,,3.930,0.020,0.000,3.810,0.000,2.740,0.000,0.040,371.090,2.490,,3.930
Zimbabwe,2021,ZWE,15797220,25140088767,37.636,2382.434,1.497,8.570,10.310,,,,,6.060,0.020,0.000,5.930,0.000,2.510,0.000,0.000,269.550,2.310,,6.060
Zimbabwe,2022,ZWE,16069061,25901585881,58.380,3633.067,2.254,8.940,10.850,,,,,6.020,0.030,0.000,5.880,0.000,2.920,0.000,0.000,297.540,2.660,,6.020
Zimbabwe,2023,ZWE,16340829,,51.986,3181.361,,9.990,11.990,,,,,5.610,0.030,0.000,5.460,0.000,4.380,0.000,0.000,392.390,3.920,,5.610
Zimbabwe,2024,ZWE,16634366,,,,,10.260,12.100,,,,,5.860,0.040,0.000,5.700,0.000,4.400,0.000,0.000,384.020,3.940,,5.860
